ISO-10303-21;
HEADER;
FILE_DESCRIPTION(('Open CASCADE Model'),'2;1');
FILE_NAME('Open CASCADE Shape Model','2026-09-30T11:08:56',('Author'),(
    'Open CASCADE'),'Open CASCADE STEP processor 8.0','build123d',
  'Unknown');
FILE_SCHEMA(('AUTOMOTIVE_DESIGN { 1 0 10303 214 1 1 1 1 }'));
ENDSEC;
DATA;
#1 = APPLICATION_PROTOCOL_DEFINITION('international standard',
  'automotive_design',2000,#2);
#2 = APPLICATION_CONTEXT(
  'core data for automotive mechanical design processes');
#3 = SHAPE_DEFINITION_REPRESENTATION(#4,#10);
#4 = PRODUCT_DEFINITION_SHAPE('','',#5);
#5 = PRODUCT_DEFINITION('design','',#6,#9);
#6 = PRODUCT_DEFINITION_FORMATION('','',#7);
#7 = PRODUCT('COMPOUND','COMPOUND','',(#8));
#8 = PRODUCT_CONTEXT('',#2,'mechanical');
#9 = PRODUCT_DEFINITION_CONTEXT('part definition',#2,'design');
#10 = ADVANCED_BREP_SHAPE_REPRESENTATION('',(#11,#15),#3857);
#11 = AXIS2_PLACEMENT_3D('',#12,#13,#14);
#12 = CARTESIAN_POINT('',(0.,0.,0.));
#13 = DIRECTION('',(0.,0.,1.));
#14 = DIRECTION('',(1.,0.,-0.));
#15 = MANIFOLD_SOLID_BREP('',#16);
#16 = CLOSED_SHELL('',(#17,#137,#325,#610,#699,#752,#779,#855,#902,#978,
    #1031,#1146,#1195,#1278,#1393,#1442,#1525,#1552,#1579,#1692,#1805,
    #1918,#2611,#2724,#3417,#3492,#3567,#3595,#3650,#3700,#3728,#3783,
    #3833,#3841,#3849,#3853));
#17 = ADVANCED_FACE('',(#18),#32,.T.);
#18 = FACE_BOUND('',#19,.T.);
#19 = EDGE_LOOP('',(#20,#55,#83,#111));
#20 = ORIENTED_EDGE('',*,*,#21,.T.);
#21 = EDGE_CURVE('',#22,#24,#26,.T.);
#22 = VERTEX_POINT('',#23);
#23 = CARTESIAN_POINT('',(-31.,0.,0.));
#24 = VERTEX_POINT('',#25);
#25 = CARTESIAN_POINT('',(-31.,0.,8.));
#26 = SURFACE_CURVE('',#27,(#31,#43),.PCURVE_S1.);
#27 = LINE('',#28,#29);
#28 = CARTESIAN_POINT('',(-31.,0.,0.));
#29 = VECTOR('',#30,1.);
#30 = DIRECTION('',(0.,0.,1.));
#31 = PCURVE('',#32,#37);
#32 = PLANE('',#33);
#33 = AXIS2_PLACEMENT_3D('',#34,#35,#36);
#34 = CARTESIAN_POINT('',(-31.,0.,0.));
#35 = DIRECTION('',(-1.,-0.,0.));
#36 = DIRECTION('',(-0.,1.,0.));
#37 = DEFINITIONAL_REPRESENTATION('',(#38),#42);
#38 = LINE('',#39,#40);
#39 = CARTESIAN_POINT('',(0.,0.));
#40 = VECTOR('',#41,1.);
#41 = DIRECTION('',(0.,-1.));
#42 = ( GEOMETRIC_REPRESENTATION_CONTEXT(2) 
PARAMETRIC_REPRESENTATION_CONTEXT() REPRESENTATION_CONTEXT('2D SPACE',''
  ) );
#43 = PCURVE('',#44,#49);
#44 = PLANE('',#45);
#45 = AXIS2_PLACEMENT_3D('',#46,#47,#48);
#46 = CARTESIAN_POINT('',(-31.,0.,0.));
#47 = DIRECTION('',(-0.,1.,0.));
#48 = DIRECTION('',(1.,0.,-0.));
#49 = DEFINITIONAL_REPRESENTATION('',(#50),#54);
#50 = LINE('',#51,#52);
#51 = CARTESIAN_POINT('',(0.,0.));
#52 = VECTOR('',#53,1.);
#53 = DIRECTION('',(0.,-1.));
#54 = ( GEOMETRIC_REPRESENTATION_CONTEXT(2) 
PARAMETRIC_REPRESENTATION_CONTEXT() REPRESENTATION_CONTEXT('2D SPACE',''
  ) );
#55 = ORIENTED_EDGE('',*,*,#56,.T.);
#56 = EDGE_CURVE('',#24,#57,#59,.T.);
#57 = VERTEX_POINT('',#58);
#58 = CARTESIAN_POINT('',(-31.,24.,8.));
#59 = SURFACE_CURVE('',#60,(#64,#71),.PCURVE_S1.);
#60 = LINE('',#61,#62);
#61 = CARTESIAN_POINT('',(-31.,12.,8.));
#62 = VECTOR('',#63,1.);
#63 = DIRECTION('',(-0.,1.,0.));
#64 = PCURVE('',#32,#65);
#65 = DEFINITIONAL_REPRESENTATION('',(#66),#70);
#66 = LINE('',#67,#68);
#67 = CARTESIAN_POINT('',(12.,-8.));
#68 = VECTOR('',#69,1.);
#69 = DIRECTION('',(1.,0.));
#70 = ( GEOMETRIC_REPRESENTATION_CONTEXT(2) 
PARAMETRIC_REPRESENTATION_CONTEXT() REPRESENTATION_CONTEXT('2D SPACE',''
  ) );
#71 = PCURVE('',#72,#77);
#72 = PLANE('',#73);
#73 = AXIS2_PLACEMENT_3D('',#74,#75,#76);
#74 = CARTESIAN_POINT('',(0.,12.,8.));
#75 = DIRECTION('',(0.,0.,1.));
#76 = DIRECTION('',(1.,0.,-0.));
#77 = DEFINITIONAL_REPRESENTATION('',(#78),#82);
#78 = LINE('',#79,#80);
#79 = CARTESIAN_POINT('',(-31.,0.));
#80 = VECTOR('',#81,1.);
#81 = DIRECTION('',(0.,1.));
#82 = ( GEOMETRIC_REPRESENTATION_CONTEXT(2) 
PARAMETRIC_REPRESENTATION_CONTEXT() REPRESENTATION_CONTEXT('2D SPACE',''
  ) );
#83 = ORIENTED_EDGE('',*,*,#84,.F.);
#84 = EDGE_CURVE('',#85,#57,#87,.T.);
#85 = VERTEX_POINT('',#86);
#86 = CARTESIAN_POINT('',(-31.,24.,0.));
#87 = SURFACE_CURVE('',#88,(#92,#99),.PCURVE_S1.);
#88 = LINE('',#89,#90);
#89 = CARTESIAN_POINT('',(-31.,24.,0.));
#90 = VECTOR('',#91,1.);
#91 = DIRECTION('',(0.,0.,1.));
#92 = PCURVE('',#32,#93);
#93 = DEFINITIONAL_REPRESENTATION('',(#94),#98);
#94 = LINE('',#95,#96);
#95 = CARTESIAN_POINT('',(24.,0.));
#96 = VECTOR('',#97,1.);
#97 = DIRECTION('',(0.,-1.));
#98 = ( GEOMETRIC_REPRESENTATION_CONTEXT(2) 
PARAMETRIC_REPRESENTATION_CONTEXT() REPRESENTATION_CONTEXT('2D SPACE',''
  ) );
#99 = PCURVE('',#100,#105);
#100 = PLANE('',#101);
#101 = AXIS2_PLACEMENT_3D('',#102,#103,#104);
#102 = CARTESIAN_POINT('',(-31.,24.,0.));
#103 = DIRECTION('',(-0.,1.,0.));
#104 = DIRECTION('',(1.,0.,-0.));
#105 = DEFINITIONAL_REPRESENTATION('',(#106),#110);
#106 = LINE('',#107,#108);
#107 = CARTESIAN_POINT('',(0.,0.));
#108 = VECTOR('',#109,1.);
#109 = DIRECTION('',(0.,-1.));
#110 = ( GEOMETRIC_REPRESENTATION_CONTEXT(2) 
PARAMETRIC_REPRESENTATION_CONTEXT() REPRESENTATION_CONTEXT('2D SPACE',''
  ) );
#111 = ORIENTED_EDGE('',*,*,#112,.F.);
#112 = EDGE_CURVE('',#22,#85,#113,.T.);
#113 = SURFACE_CURVE('',#114,(#118,#125),.PCURVE_S1.);
#114 = LINE('',#115,#116);
#115 = CARTESIAN_POINT('',(-31.,12.,0.));
#116 = VECTOR('',#117,1.);
#117 = DIRECTION('',(-0.,1.,0.));
#118 = PCURVE('',#32,#119);
#119 = DEFINITIONAL_REPRESENTATION('',(#120),#124);
#120 = LINE('',#121,#122);
#121 = CARTESIAN_POINT('',(12.,0.));
#122 = VECTOR('',#123,1.);
#123 = DIRECTION('',(1.,0.));
#124 = ( GEOMETRIC_REPRESENTATION_CONTEXT(2) 
PARAMETRIC_REPRESENTATION_CONTEXT() REPRESENTATION_CONTEXT('2D SPACE',''
  ) );
#125 = PCURVE('',#126,#131);
#126 = PLANE('',#127);
#127 = AXIS2_PLACEMENT_3D('',#128,#129,#130);
#128 = CARTESIAN_POINT('',(0.,12.,0.));
#129 = DIRECTION('',(0.,0.,1.));
#130 = DIRECTION('',(1.,0.,-0.));
#131 = DEFINITIONAL_REPRESENTATION('',(#132),#136);
#132 = LINE('',#133,#134);
#133 = CARTESIAN_POINT('',(-31.,0.));
#134 = VECTOR('',#135,1.);
#135 = DIRECTION('',(0.,1.));
#136 = ( GEOMETRIC_REPRESENTATION_CONTEXT(2) 
PARAMETRIC_REPRESENTATION_CONTEXT() REPRESENTATION_CONTEXT('2D SPACE',''
  ) );
#137 = ADVANCED_FACE('',(#138),#44,.F.);
#138 = FACE_BOUND('',#139,.F.);
#139 = EDGE_LOOP('',(#140,#141,#164,#192,#220,#248,#276,#304));
#140 = ORIENTED_EDGE('',*,*,#21,.T.);
#141 = ORIENTED_EDGE('',*,*,#142,.T.);
#142 = EDGE_CURVE('',#24,#143,#145,.T.);
#143 = VERTEX_POINT('',#144);
#144 = CARTESIAN_POINT('',(-14.,0.,8.));
#145 = SURFACE_CURVE('',#146,(#150,#157),.PCURVE_S1.);
#146 = LINE('',#147,#148);
#147 = CARTESIAN_POINT('',(0.,0.,8.));
#148 = VECTOR('',#149,1.);
#149 = DIRECTION('',(1.,0.,-0.));
#150 = PCURVE('',#44,#151);
#151 = DEFINITIONAL_REPRESENTATION('',(#152),#156);
#152 = LINE('',#153,#154);
#153 = CARTESIAN_POINT('',(31.,-8.));
#154 = VECTOR('',#155,1.);
#155 = DIRECTION('',(1.,0.));
#156 = ( GEOMETRIC_REPRESENTATION_CONTEXT(2) 
PARAMETRIC_REPRESENTATION_CONTEXT() REPRESENTATION_CONTEXT('2D SPACE',''
  ) );
#157 = PCURVE('',#72,#158);
#158 = DEFINITIONAL_REPRESENTATION('',(#159),#163);
#159 = LINE('',#160,#161);
#160 = CARTESIAN_POINT('',(0.,-12.));
#161 = VECTOR('',#162,1.);
#162 = DIRECTION('',(1.,0.));
#163 = ( GEOMETRIC_REPRESENTATION_CONTEXT(2) 
PARAMETRIC_REPRESENTATION_CONTEXT() REPRESENTATION_CONTEXT('2D SPACE',''
  ) );
#164 = ORIENTED_EDGE('',*,*,#165,.T.);
#165 = EDGE_CURVE('',#143,#166,#168,.T.);
#166 = VERTEX_POINT('',#167);
#167 = CARTESIAN_POINT('',(-8.,0.,8.));
#168 = SURFACE_CURVE('',#169,(#173,#180),.PCURVE_S1.);
#169 = LINE('',#170,#171);
#170 = CARTESIAN_POINT('',(-14.,0.,8.));
#171 = VECTOR('',#172,1.);
#172 = DIRECTION('',(1.,-0.,-0.));
#173 = PCURVE('',#44,#174);
#174 = DEFINITIONAL_REPRESENTATION('',(#175),#179);
#175 = LINE('',#176,#177);
#176 = CARTESIAN_POINT('',(17.,-8.));
#177 = VECTOR('',#178,1.);
#178 = DIRECTION('',(1.,0.));
#179 = ( GEOMETRIC_REPRESENTATION_CONTEXT(2) 
PARAMETRIC_REPRESENTATION_CONTEXT() REPRESENTATION_CONTEXT('2D SPACE',''
  ) );
#180 = PCURVE('',#181,#186);
#181 = PLANE('',#182);
#182 = AXIS2_PLACEMENT_3D('',#183,#184,#185);
#183 = CARTESIAN_POINT('',(-14.,0.,8.));
#184 = DIRECTION('',(-0.,-0.519539849807,-0.854446220931));
#185 = DIRECTION('',(0.,-0.854446220931,0.519539849807));
#186 = DEFINITIONAL_REPRESENTATION('',(#187),#191);
#187 = LINE('',#188,#189);
#188 = CARTESIAN_POINT('',(0.,0.));
#189 = VECTOR('',#190,1.);
#190 = DIRECTION('',(0.,-1.));
#191 = ( GEOMETRIC_REPRESENTATION_CONTEXT(2) 
PARAMETRIC_REPRESENTATION_CONTEXT() REPRESENTATION_CONTEXT('2D SPACE',''
  ) );
#192 = ORIENTED_EDGE('',*,*,#193,.T.);
#193 = EDGE_CURVE('',#166,#194,#196,.T.);
#194 = VERTEX_POINT('',#195);
#195 = CARTESIAN_POINT('',(8.,0.,8.));
#196 = SURFACE_CURVE('',#197,(#201,#208),.PCURVE_S1.);
#197 = LINE('',#198,#199);
#198 = CARTESIAN_POINT('',(0.,0.,8.));
#199 = VECTOR('',#200,1.);
#200 = DIRECTION('',(1.,0.,-0.));
#201 = PCURVE('',#44,#202);
#202 = DEFINITIONAL_REPRESENTATION('',(#203),#207);
#203 = LINE('',#204,#205);
#204 = CARTESIAN_POINT('',(31.,-8.));
#205 = VECTOR('',#206,1.);
#206 = DIRECTION('',(1.,0.));
#207 = ( GEOMETRIC_REPRESENTATION_CONTEXT(2) 
PARAMETRIC_REPRESENTATION_CONTEXT() REPRESENTATION_CONTEXT('2D SPACE',''
  ) );
#208 = PCURVE('',#209,#214);
#209 = PLANE('',#210);
#210 = AXIS2_PLACEMENT_3D('',#211,#212,#213);
#211 = CARTESIAN_POINT('',(0.,12.,8.));
#212 = DIRECTION('',(0.,0.,1.));
#213 = DIRECTION('',(1.,0.,-0.));
#214 = DEFINITIONAL_REPRESENTATION('',(#215),#219);
#215 = LINE('',#216,#217);
#216 = CARTESIAN_POINT('',(0.,-12.));
#217 = VECTOR('',#218,1.);
#218 = DIRECTION('',(1.,0.));
#219 = ( GEOMETRIC_REPRESENTATION_CONTEXT(2) 
PARAMETRIC_REPRESENTATION_CONTEXT() REPRESENTATION_CONTEXT('2D SPACE',''
  ) );
#220 = ORIENTED_EDGE('',*,*,#221,.T.);
#221 = EDGE_CURVE('',#194,#222,#224,.T.);
#222 = VERTEX_POINT('',#223);
#223 = CARTESIAN_POINT('',(14.,0.,8.));
#224 = SURFACE_CURVE('',#225,(#229,#236),.PCURVE_S1.);
#225 = LINE('',#226,#227);
#226 = CARTESIAN_POINT('',(8.,0.,8.));
#227 = VECTOR('',#228,1.);
#228 = DIRECTION('',(1.,-0.,-0.));
#229 = PCURVE('',#44,#230);
#230 = DEFINITIONAL_REPRESENTATION('',(#231),#235);
#231 = LINE('',#232,#233);
#232 = CARTESIAN_POINT('',(39.,-8.));
#233 = VECTOR('',#234,1.);
#234 = DIRECTION('',(1.,0.));
#235 = ( GEOMETRIC_REPRESENTATION_CONTEXT(2) 
PARAMETRIC_REPRESENTATION_CONTEXT() REPRESENTATION_CONTEXT('2D SPACE',''
  ) );
#236 = PCURVE('',#237,#242);
#237 = PLANE('',#238);
#238 = AXIS2_PLACEMENT_3D('',#239,#240,#241);
#239 = CARTESIAN_POINT('',(8.,0.,8.));
#240 = DIRECTION('',(-0.,-0.519539849807,-0.854446220931));
#241 = DIRECTION('',(0.,-0.854446220931,0.519539849807));
#242 = DEFINITIONAL_REPRESENTATION('',(#243),#247);
#243 = LINE('',#244,#245);
#244 = CARTESIAN_POINT('',(0.,0.));
#245 = VECTOR('',#246,1.);
#246 = DIRECTION('',(0.,-1.));
#247 = ( GEOMETRIC_REPRESENTATION_CONTEXT(2) 
PARAMETRIC_REPRESENTATION_CONTEXT() REPRESENTATION_CONTEXT('2D SPACE',''
  ) );
#248 = ORIENTED_EDGE('',*,*,#249,.T.);
#249 = EDGE_CURVE('',#222,#250,#252,.T.);
#250 = VERTEX_POINT('',#251);
#251 = CARTESIAN_POINT('',(31.,0.,8.));
#252 = SURFACE_CURVE('',#253,(#257,#264),.PCURVE_S1.);
#253 = LINE('',#254,#255);
#254 = CARTESIAN_POINT('',(0.,0.,8.));
#255 = VECTOR('',#256,1.);
#256 = DIRECTION('',(1.,0.,-0.));
#257 = PCURVE('',#44,#258);
#258 = DEFINITIONAL_REPRESENTATION('',(#259),#263);
#259 = LINE('',#260,#261);
#260 = CARTESIAN_POINT('',(31.,-8.));
#261 = VECTOR('',#262,1.);
#262 = DIRECTION('',(1.,0.));
#263 = ( GEOMETRIC_REPRESENTATION_CONTEXT(2) 
PARAMETRIC_REPRESENTATION_CONTEXT() REPRESENTATION_CONTEXT('2D SPACE',''
  ) );
#264 = PCURVE('',#265,#270);
#265 = PLANE('',#266);
#266 = AXIS2_PLACEMENT_3D('',#267,#268,#269);
#267 = CARTESIAN_POINT('',(0.,12.,8.));
#268 = DIRECTION('',(0.,0.,1.));
#269 = DIRECTION('',(1.,0.,-0.));
#270 = DEFINITIONAL_REPRESENTATION('',(#271),#275);
#271 = LINE('',#272,#273);
#272 = CARTESIAN_POINT('',(0.,-12.));
#273 = VECTOR('',#274,1.);
#274 = DIRECTION('',(1.,0.));
#275 = ( GEOMETRIC_REPRESENTATION_CONTEXT(2) 
PARAMETRIC_REPRESENTATION_CONTEXT() REPRESENTATION_CONTEXT('2D SPACE',''
  ) );
#276 = ORIENTED_EDGE('',*,*,#277,.F.);
#277 = EDGE_CURVE('',#278,#250,#280,.T.);
#278 = VERTEX_POINT('',#279);
#279 = CARTESIAN_POINT('',(31.,0.,0.));
#280 = SURFACE_CURVE('',#281,(#285,#292),.PCURVE_S1.);
#281 = LINE('',#282,#283);
#282 = CARTESIAN_POINT('',(31.,0.,0.));
#283 = VECTOR('',#284,1.);
#284 = DIRECTION('',(0.,0.,1.));
#285 = PCURVE('',#44,#286);
#286 = DEFINITIONAL_REPRESENTATION('',(#287),#291);
#287 = LINE('',#288,#289);
#288 = CARTESIAN_POINT('',(62.,0.));
#289 = VECTOR('',#290,1.);
#290 = DIRECTION('',(0.,-1.));
#291 = ( GEOMETRIC_REPRESENTATION_CONTEXT(2) 
PARAMETRIC_REPRESENTATION_CONTEXT() REPRESENTATION_CONTEXT('2D SPACE',''
  ) );
#292 = PCURVE('',#293,#298);
#293 = PLANE('',#294);
#294 = AXIS2_PLACEMENT_3D('',#295,#296,#297);
#295 = CARTESIAN_POINT('',(31.,0.,0.));
#296 = DIRECTION('',(-1.,-0.,0.));
#297 = DIRECTION('',(-0.,1.,0.));
#298 = DEFINITIONAL_REPRESENTATION('',(#299),#303);
#299 = LINE('',#300,#301);
#300 = CARTESIAN_POINT('',(0.,0.));
#301 = VECTOR('',#302,1.);
#302 = DIRECTION('',(0.,-1.));
#303 = ( GEOMETRIC_REPRESENTATION_CONTEXT(2) 
PARAMETRIC_REPRESENTATION_CONTEXT() REPRESENTATION_CONTEXT('2D SPACE',''
  ) );
#304 = ORIENTED_EDGE('',*,*,#305,.F.);
#305 = EDGE_CURVE('',#22,#278,#306,.T.);
#306 = SURFACE_CURVE('',#307,(#311,#318),.PCURVE_S1.);
#307 = LINE('',#308,#309);
#308 = CARTESIAN_POINT('',(0.,0.,0.));
#309 = VECTOR('',#310,1.);
#310 = DIRECTION('',(1.,0.,-0.));
#311 = PCURVE('',#44,#312);
#312 = DEFINITIONAL_REPRESENTATION('',(#313),#317);
#313 = LINE('',#314,#315);
#314 = CARTESIAN_POINT('',(31.,0.));
#315 = VECTOR('',#316,1.);
#316 = DIRECTION('',(1.,0.));
#317 = ( GEOMETRIC_REPRESENTATION_CONTEXT(2) 
PARAMETRIC_REPRESENTATION_CONTEXT() REPRESENTATION_CONTEXT('2D SPACE',''
  ) );
#318 = PCURVE('',#126,#319);
#319 = DEFINITIONAL_REPRESENTATION('',(#320),#324);
#320 = LINE('',#321,#322);
#321 = CARTESIAN_POINT('',(0.,-12.));
#322 = VECTOR('',#323,1.);
#323 = DIRECTION('',(1.,0.));
#324 = ( GEOMETRIC_REPRESENTATION_CONTEXT(2) 
PARAMETRIC_REPRESENTATION_CONTEXT() REPRESENTATION_CONTEXT('2D SPACE',''
  ) );
#325 = ADVANCED_FACE('',(#326),#100,.T.);
#326 = FACE_BOUND('',#327,.T.);
#327 = EDGE_LOOP('',(#328,#329,#352,#380,#408,#436,#459,#487,#515,#543,
    #566,#589));
#328 = ORIENTED_EDGE('',*,*,#84,.T.);
#329 = ORIENTED_EDGE('',*,*,#330,.T.);
#330 = EDGE_CURVE('',#57,#331,#333,.T.);
#331 = VERTEX_POINT('',#332);
#332 = CARTESIAN_POINT('',(-14.,24.,8.));
#333 = SURFACE_CURVE('',#334,(#338,#345),.PCURVE_S1.);
#334 = LINE('',#335,#336);
#335 = CARTESIAN_POINT('',(0.,24.,8.));
#336 = VECTOR('',#337,1.);
#337 = DIRECTION('',(1.,0.,-0.));
#338 = PCURVE('',#100,#339);
#339 = DEFINITIONAL_REPRESENTATION('',(#340),#344);
#340 = LINE('',#341,#342);
#341 = CARTESIAN_POINT('',(31.,-8.));
#342 = VECTOR('',#343,1.);
#343 = DIRECTION('',(1.,0.));
#344 = ( GEOMETRIC_REPRESENTATION_CONTEXT(2) 
PARAMETRIC_REPRESENTATION_CONTEXT() REPRESENTATION_CONTEXT('2D SPACE',''
  ) );
#345 = PCURVE('',#72,#346);
#346 = DEFINITIONAL_REPRESENTATION('',(#347),#351);
#347 = LINE('',#348,#349);
#348 = CARTESIAN_POINT('',(0.,12.));
#349 = VECTOR('',#350,1.);
#350 = DIRECTION('',(1.,0.));
#351 = ( GEOMETRIC_REPRESENTATION_CONTEXT(2) 
PARAMETRIC_REPRESENTATION_CONTEXT() REPRESENTATION_CONTEXT('2D SPACE',''
  ) );
#352 = ORIENTED_EDGE('',*,*,#353,.F.);
#353 = EDGE_CURVE('',#354,#331,#356,.T.);
#354 = VERTEX_POINT('',#355);
#355 = CARTESIAN_POINT('',(-14.,24.,14.));
#356 = SURFACE_CURVE('',#357,(#361,#368),.PCURVE_S1.);
#357 = LINE('',#358,#359);
#358 = CARTESIAN_POINT('',(-14.,24.,14.));
#359 = VECTOR('',#360,1.);
#360 = DIRECTION('',(0.,0.,-1.));
#361 = PCURVE('',#100,#362);
#362 = DEFINITIONAL_REPRESENTATION('',(#363),#367);
#363 = LINE('',#364,#365);
#364 = CARTESIAN_POINT('',(17.,-14.));
#365 = VECTOR('',#366,1.);
#366 = DIRECTION('',(0.,1.));
#367 = ( GEOMETRIC_REPRESENTATION_CONTEXT(2) 
PARAMETRIC_REPRESENTATION_CONTEXT() REPRESENTATION_CONTEXT('2D SPACE',''
  ) );
#368 = PCURVE('',#369,#374);
#369 = PLANE('',#370);
#370 = AXIS2_PLACEMENT_3D('',#371,#372,#373);
#371 = CARTESIAN_POINT('',(-14.,0.645174496234,19.995582085152));
#372 = DIRECTION('',(-1.,0.,-0.));
#373 = DIRECTION('',(0.,-1.,0.));
#374 = DEFINITIONAL_REPRESENTATION('',(#375),#379);
#375 = LINE('',#376,#377);
#376 = CARTESIAN_POINT('',(-23.35482550376,-5.995582085152));
#377 = VECTOR('',#378,1.);
#378 = DIRECTION('',(0.,-1.));
#379 = ( GEOMETRIC_REPRESENTATION_CONTEXT(2) 
PARAMETRIC_REPRESENTATION_CONTEXT() REPRESENTATION_CONTEXT('2D SPACE',''
  ) );
#380 = ORIENTED_EDGE('',*,*,#381,.T.);
#381 = EDGE_CURVE('',#354,#382,#384,.T.);
#382 = VERTEX_POINT('',#383);
#383 = CARTESIAN_POINT('',(-8.,24.,14.));
#384 = SURFACE_CURVE('',#385,(#389,#396),.PCURVE_S1.);
#385 = LINE('',#386,#387);
#386 = CARTESIAN_POINT('',(-14.,24.,14.));
#387 = VECTOR('',#388,1.);
#388 = DIRECTION('',(1.,-0.,-0.));
#389 = PCURVE('',#100,#390);
#390 = DEFINITIONAL_REPRESENTATION('',(#391),#395);
#391 = LINE('',#392,#393);
#392 = CARTESIAN_POINT('',(17.,-14.));
#393 = VECTOR('',#394,1.);
#394 = DIRECTION('',(1.,0.));
#395 = ( GEOMETRIC_REPRESENTATION_CONTEXT(2) 
PARAMETRIC_REPRESENTATION_CONTEXT() REPRESENTATION_CONTEXT('2D SPACE',''
  ) );
#396 = PCURVE('',#397,#402);
#397 = PLANE('',#398);
#398 = AXIS2_PLACEMENT_3D('',#399,#400,#401);
#399 = CARTESIAN_POINT('',(-14.,-6.264185779866,35.19148553268));
#400 = DIRECTION('',(0.,0.573581422013,0.819148553268));
#401 = DIRECTION('',(0.,0.819148553268,-0.573581422013));
#402 = DEFINITIONAL_REPRESENTATION('',(#403),#407);
#403 = LINE('',#404,#405);
#404 = CARTESIAN_POINT('',(36.945906403822,0.));
#405 = VECTOR('',#406,1.);
#406 = DIRECTION('',(0.,-1.));
#407 = ( GEOMETRIC_REPRESENTATION_CONTEXT(2) 
PARAMETRIC_REPRESENTATION_CONTEXT() REPRESENTATION_CONTEXT('2D SPACE',''
  ) );
#408 = ORIENTED_EDGE('',*,*,#409,.T.);
#409 = EDGE_CURVE('',#382,#410,#412,.T.);
#410 = VERTEX_POINT('',#411);
#411 = CARTESIAN_POINT('',(-8.,24.,8.));
#412 = SURFACE_CURVE('',#413,(#417,#424),.PCURVE_S1.);
#413 = LINE('',#414,#415);
#414 = CARTESIAN_POINT('',(-8.,24.,14.));
#415 = VECTOR('',#416,1.);
#416 = DIRECTION('',(0.,0.,-1.));
#417 = PCURVE('',#100,#418);
#418 = DEFINITIONAL_REPRESENTATION('',(#419),#423);
#419 = LINE('',#420,#421);
#420 = CARTESIAN_POINT('',(23.,-14.));
#421 = VECTOR('',#422,1.);
#422 = DIRECTION('',(0.,1.));
#423 = ( GEOMETRIC_REPRESENTATION_CONTEXT(2) 
PARAMETRIC_REPRESENTATION_CONTEXT() REPRESENTATION_CONTEXT('2D SPACE',''
  ) );
#424 = PCURVE('',#425,#430);
#425 = PLANE('',#426);
#426 = AXIS2_PLACEMENT_3D('',#427,#428,#429);
#427 = CARTESIAN_POINT('',(-8.,0.645174496234,19.995582085152));
#428 = DIRECTION('',(-1.,0.,-0.));
#429 = DIRECTION('',(0.,-1.,0.));
#430 = DEFINITIONAL_REPRESENTATION('',(#431),#435);
#431 = LINE('',#432,#433);
#432 = CARTESIAN_POINT('',(-23.35482550376,-5.995582085152));
#433 = VECTOR('',#434,1.);
#434 = DIRECTION('',(0.,-1.));
#435 = ( GEOMETRIC_REPRESENTATION_CONTEXT(2) 
PARAMETRIC_REPRESENTATION_CONTEXT() REPRESENTATION_CONTEXT('2D SPACE',''
  ) );
#436 = ORIENTED_EDGE('',*,*,#437,.T.);
#437 = EDGE_CURVE('',#410,#438,#440,.T.);
#438 = VERTEX_POINT('',#439);
#439 = CARTESIAN_POINT('',(8.,24.,8.));
#440 = SURFACE_CURVE('',#441,(#445,#452),.PCURVE_S1.);
#441 = LINE('',#442,#443);
#442 = CARTESIAN_POINT('',(0.,24.,8.));
#443 = VECTOR('',#444,1.);
#444 = DIRECTION('',(1.,0.,-0.));
#445 = PCURVE('',#100,#446);
#446 = DEFINITIONAL_REPRESENTATION('',(#447),#451);
#447 = LINE('',#448,#449);
#448 = CARTESIAN_POINT('',(31.,-8.));
#449 = VECTOR('',#450,1.);
#450 = DIRECTION('',(1.,0.));
#451 = ( GEOMETRIC_REPRESENTATION_CONTEXT(2) 
PARAMETRIC_REPRESENTATION_CONTEXT() REPRESENTATION_CONTEXT('2D SPACE',''
  ) );
#452 = PCURVE('',#209,#453);
#453 = DEFINITIONAL_REPRESENTATION('',(#454),#458);
#454 = LINE('',#455,#456);
#455 = CARTESIAN_POINT('',(0.,12.));
#456 = VECTOR('',#457,1.);
#457 = DIRECTION('',(1.,0.));
#458 = ( GEOMETRIC_REPRESENTATION_CONTEXT(2) 
PARAMETRIC_REPRESENTATION_CONTEXT() REPRESENTATION_CONTEXT('2D SPACE',''
  ) );
#459 = ORIENTED_EDGE('',*,*,#460,.F.);
#460 = EDGE_CURVE('',#461,#438,#463,.T.);
#461 = VERTEX_POINT('',#462);
#462 = CARTESIAN_POINT('',(8.,24.,14.));
#463 = SURFACE_CURVE('',#464,(#468,#475),.PCURVE_S1.);
#464 = LINE('',#465,#466);
#465 = CARTESIAN_POINT('',(8.,24.,14.));
#466 = VECTOR('',#467,1.);
#467 = DIRECTION('',(0.,0.,-1.));
#468 = PCURVE('',#100,#469);
#469 = DEFINITIONAL_REPRESENTATION('',(#470),#474);
#470 = LINE('',#471,#472);
#471 = CARTESIAN_POINT('',(39.,-14.));
#472 = VECTOR('',#473,1.);
#473 = DIRECTION('',(0.,1.));
#474 = ( GEOMETRIC_REPRESENTATION_CONTEXT(2) 
PARAMETRIC_REPRESENTATION_CONTEXT() REPRESENTATION_CONTEXT('2D SPACE',''
  ) );
#475 = PCURVE('',#476,#481);
#476 = PLANE('',#477);
#477 = AXIS2_PLACEMENT_3D('',#478,#479,#480);
#478 = CARTESIAN_POINT('',(8.,0.645174496234,19.995582085152));
#479 = DIRECTION('',(-1.,0.,-0.));
#480 = DIRECTION('',(0.,-1.,0.));
#481 = DEFINITIONAL_REPRESENTATION('',(#482),#486);
#482 = LINE('',#483,#484);
#483 = CARTESIAN_POINT('',(-23.35482550376,-5.995582085152));
#484 = VECTOR('',#485,1.);
#485 = DIRECTION('',(0.,-1.));
#486 = ( GEOMETRIC_REPRESENTATION_CONTEXT(2) 
PARAMETRIC_REPRESENTATION_CONTEXT() REPRESENTATION_CONTEXT('2D SPACE',''
  ) );
#487 = ORIENTED_EDGE('',*,*,#488,.T.);
#488 = EDGE_CURVE('',#461,#489,#491,.T.);
#489 = VERTEX_POINT('',#490);
#490 = CARTESIAN_POINT('',(14.,24.,14.));
#491 = SURFACE_CURVE('',#492,(#496,#503),.PCURVE_S1.);
#492 = LINE('',#493,#494);
#493 = CARTESIAN_POINT('',(8.,24.,14.));
#494 = VECTOR('',#495,1.);
#495 = DIRECTION('',(1.,-0.,-0.));
#496 = PCURVE('',#100,#497);
#497 = DEFINITIONAL_REPRESENTATION('',(#498),#502);
#498 = LINE('',#499,#500);
#499 = CARTESIAN_POINT('',(39.,-14.));
#500 = VECTOR('',#501,1.);
#501 = DIRECTION('',(1.,0.));
#502 = ( GEOMETRIC_REPRESENTATION_CONTEXT(2) 
PARAMETRIC_REPRESENTATION_CONTEXT() REPRESENTATION_CONTEXT('2D SPACE',''
  ) );
#503 = PCURVE('',#504,#509);
#504 = PLANE('',#505);
#505 = AXIS2_PLACEMENT_3D('',#506,#507,#508);
#506 = CARTESIAN_POINT('',(8.,-6.264185779866,35.19148553268));
#507 = DIRECTION('',(0.,0.573581422013,0.819148553268));
#508 = DIRECTION('',(0.,0.819148553268,-0.573581422013));
#509 = DEFINITIONAL_REPRESENTATION('',(#510),#514);
#510 = LINE('',#511,#512);
#511 = CARTESIAN_POINT('',(36.945906403822,0.));
#512 = VECTOR('',#513,1.);
#513 = DIRECTION('',(0.,-1.));
#514 = ( GEOMETRIC_REPRESENTATION_CONTEXT(2) 
PARAMETRIC_REPRESENTATION_CONTEXT() REPRESENTATION_CONTEXT('2D SPACE',''
  ) );
#515 = ORIENTED_EDGE('',*,*,#516,.T.);
#516 = EDGE_CURVE('',#489,#517,#519,.T.);
#517 = VERTEX_POINT('',#518);
#518 = CARTESIAN_POINT('',(14.,24.,8.));
#519 = SURFACE_CURVE('',#520,(#524,#531),.PCURVE_S1.);
#520 = LINE('',#521,#522);
#521 = CARTESIAN_POINT('',(14.,24.,14.));
#522 = VECTOR('',#523,1.);
#523 = DIRECTION('',(0.,0.,-1.));
#524 = PCURVE('',#100,#525);
#525 = DEFINITIONAL_REPRESENTATION('',(#526),#530);
#526 = LINE('',#527,#528);
#527 = CARTESIAN_POINT('',(45.,-14.));
#528 = VECTOR('',#529,1.);
#529 = DIRECTION('',(0.,1.));
#530 = ( GEOMETRIC_REPRESENTATION_CONTEXT(2) 
PARAMETRIC_REPRESENTATION_CONTEXT() REPRESENTATION_CONTEXT('2D SPACE',''
  ) );
#531 = PCURVE('',#532,#537);
#532 = PLANE('',#533);
#533 = AXIS2_PLACEMENT_3D('',#534,#535,#536);
#534 = CARTESIAN_POINT('',(14.,0.645174496234,19.995582085152));
#535 = DIRECTION('',(-1.,0.,-0.));
#536 = DIRECTION('',(0.,-1.,0.));
#537 = DEFINITIONAL_REPRESENTATION('',(#538),#542);
#538 = LINE('',#539,#540);
#539 = CARTESIAN_POINT('',(-23.35482550376,-5.995582085152));
#540 = VECTOR('',#541,1.);
#541 = DIRECTION('',(0.,-1.));
#542 = ( GEOMETRIC_REPRESENTATION_CONTEXT(2) 
PARAMETRIC_REPRESENTATION_CONTEXT() REPRESENTATION_CONTEXT('2D SPACE',''
  ) );
#543 = ORIENTED_EDGE('',*,*,#544,.T.);
#544 = EDGE_CURVE('',#517,#545,#547,.T.);
#545 = VERTEX_POINT('',#546);
#546 = CARTESIAN_POINT('',(31.,24.,8.));
#547 = SURFACE_CURVE('',#548,(#552,#559),.PCURVE_S1.);
#548 = LINE('',#549,#550);
#549 = CARTESIAN_POINT('',(0.,24.,8.));
#550 = VECTOR('',#551,1.);
#551 = DIRECTION('',(1.,0.,-0.));
#552 = PCURVE('',#100,#553);
#553 = DEFINITIONAL_REPRESENTATION('',(#554),#558);
#554 = LINE('',#555,#556);
#555 = CARTESIAN_POINT('',(31.,-8.));
#556 = VECTOR('',#557,1.);
#557 = DIRECTION('',(1.,0.));
#558 = ( GEOMETRIC_REPRESENTATION_CONTEXT(2) 
PARAMETRIC_REPRESENTATION_CONTEXT() REPRESENTATION_CONTEXT('2D SPACE',''
  ) );
#559 = PCURVE('',#265,#560);
#560 = DEFINITIONAL_REPRESENTATION('',(#561),#565);
#561 = LINE('',#562,#563);
#562 = CARTESIAN_POINT('',(0.,12.));
#563 = VECTOR('',#564,1.);
#564 = DIRECTION('',(1.,0.));
#565 = ( GEOMETRIC_REPRESENTATION_CONTEXT(2) 
PARAMETRIC_REPRESENTATION_CONTEXT() REPRESENTATION_CONTEXT('2D SPACE',''
  ) );
#566 = ORIENTED_EDGE('',*,*,#567,.F.);
#567 = EDGE_CURVE('',#568,#545,#570,.T.);
#568 = VERTEX_POINT('',#569);
#569 = CARTESIAN_POINT('',(31.,24.,0.));
#570 = SURFACE_CURVE('',#571,(#575,#582),.PCURVE_S1.);
#571 = LINE('',#572,#573);
#572 = CARTESIAN_POINT('',(31.,24.,0.));
#573 = VECTOR('',#574,1.);
#574 = DIRECTION('',(0.,0.,1.));
#575 = PCURVE('',#100,#576);
#576 = DEFINITIONAL_REPRESENTATION('',(#577),#581);
#577 = LINE('',#578,#579);
#578 = CARTESIAN_POINT('',(62.,0.));
#579 = VECTOR('',#580,1.);
#580 = DIRECTION('',(0.,-1.));
#581 = ( GEOMETRIC_REPRESENTATION_CONTEXT(2) 
PARAMETRIC_REPRESENTATION_CONTEXT() REPRESENTATION_CONTEXT('2D SPACE',''
  ) );
#582 = PCURVE('',#293,#583);
#583 = DEFINITIONAL_REPRESENTATION('',(#584),#588);
#584 = LINE('',#585,#586);
#585 = CARTESIAN_POINT('',(24.,0.));
#586 = VECTOR('',#587,1.);
#587 = DIRECTION('',(0.,-1.));
#588 = ( GEOMETRIC_REPRESENTATION_CONTEXT(2) 
PARAMETRIC_REPRESENTATION_CONTEXT() REPRESENTATION_CONTEXT('2D SPACE',''
  ) );
#589 = ORIENTED_EDGE('',*,*,#590,.F.);
#590 = EDGE_CURVE('',#85,#568,#591,.T.);
#591 = SURFACE_CURVE('',#592,(#596,#603),.PCURVE_S1.);
#592 = LINE('',#593,#594);
#593 = CARTESIAN_POINT('',(0.,24.,0.));
#594 = VECTOR('',#595,1.);
#595 = DIRECTION('',(1.,0.,-0.));
#596 = PCURVE('',#100,#597);
#597 = DEFINITIONAL_REPRESENTATION('',(#598),#602);
#598 = LINE('',#599,#600);
#599 = CARTESIAN_POINT('',(31.,0.));
#600 = VECTOR('',#601,1.);
#601 = DIRECTION('',(1.,0.));
#602 = ( GEOMETRIC_REPRESENTATION_CONTEXT(2) 
PARAMETRIC_REPRESENTATION_CONTEXT() REPRESENTATION_CONTEXT('2D SPACE',''
  ) );
#603 = PCURVE('',#126,#604);
#604 = DEFINITIONAL_REPRESENTATION('',(#605),#609);
#605 = LINE('',#606,#607);
#606 = CARTESIAN_POINT('',(0.,12.));
#607 = VECTOR('',#608,1.);
#608 = DIRECTION('',(1.,0.));
#609 = ( GEOMETRIC_REPRESENTATION_CONTEXT(2) 
PARAMETRIC_REPRESENTATION_CONTEXT() REPRESENTATION_CONTEXT('2D SPACE',''
  ) );
#610 = ADVANCED_FACE('',(#611,#637,#668),#126,.F.);
#611 = FACE_BOUND('',#612,.F.);
#612 = EDGE_LOOP('',(#613,#614,#615,#636));
#613 = ORIENTED_EDGE('',*,*,#112,.F.);
#614 = ORIENTED_EDGE('',*,*,#305,.T.);
#615 = ORIENTED_EDGE('',*,*,#616,.T.);
#616 = EDGE_CURVE('',#278,#568,#617,.T.);
#617 = SURFACE_CURVE('',#618,(#622,#629),.PCURVE_S1.);
#618 = LINE('',#619,#620);
#619 = CARTESIAN_POINT('',(31.,12.,0.));
#620 = VECTOR('',#621,1.);
#621 = DIRECTION('',(-0.,1.,0.));
#622 = PCURVE('',#126,#623);
#623 = DEFINITIONAL_REPRESENTATION('',(#624),#628);
#624 = LINE('',#625,#626);
#625 = CARTESIAN_POINT('',(31.,0.));
#626 = VECTOR('',#627,1.);
#627 = DIRECTION('',(0.,1.));
#628 = ( GEOMETRIC_REPRESENTATION_CONTEXT(2) 
PARAMETRIC_REPRESENTATION_CONTEXT() REPRESENTATION_CONTEXT('2D SPACE',''
  ) );
#629 = PCURVE('',#293,#630);
#630 = DEFINITIONAL_REPRESENTATION('',(#631),#635);
#631 = LINE('',#632,#633);
#632 = CARTESIAN_POINT('',(12.,0.));
#633 = VECTOR('',#634,1.);
#634 = DIRECTION('',(1.,0.));
#635 = ( GEOMETRIC_REPRESENTATION_CONTEXT(2) 
PARAMETRIC_REPRESENTATION_CONTEXT() REPRESENTATION_CONTEXT('2D SPACE',''
  ) );
#636 = ORIENTED_EDGE('',*,*,#590,.F.);
#637 = FACE_BOUND('',#638,.F.);
#638 = EDGE_LOOP('',(#639));
#639 = ORIENTED_EDGE('',*,*,#640,.F.);
#640 = EDGE_CURVE('',#641,#641,#643,.T.);
#641 = VERTEX_POINT('',#642);
#642 = CARTESIAN_POINT('',(-18.,12.,0.));
#643 = SURFACE_CURVE('',#644,(#649,#656),.PCURVE_S1.);
#644 = CIRCLE('',#645,4.5);
#645 = AXIS2_PLACEMENT_3D('',#646,#647,#648);
#646 = CARTESIAN_POINT('',(-22.5,12.,0.));
#647 = DIRECTION('',(0.,0.,1.));
#648 = DIRECTION('',(1.,0.,-0.));
#649 = PCURVE('',#126,#650);
#650 = DEFINITIONAL_REPRESENTATION('',(#651),#655);
#651 = CIRCLE('',#652,4.5);
#652 = AXIS2_PLACEMENT_2D('',#653,#654);
#653 = CARTESIAN_POINT('',(-22.5,0.));
#654 = DIRECTION('',(1.,0.));
#655 = ( GEOMETRIC_REPRESENTATION_CONTEXT(2) 
PARAMETRIC_REPRESENTATION_CONTEXT() REPRESENTATION_CONTEXT('2D SPACE',''
  ) );
#656 = PCURVE('',#657,#662);
#657 = CYLINDRICAL_SURFACE('',#658,4.5);
#658 = AXIS2_PLACEMENT_3D('',#659,#660,#661);
#659 = CARTESIAN_POINT('',(-22.5,12.,0.));
#660 = DIRECTION('',(-0.,-0.,-1.));
#661 = DIRECTION('',(1.,0.,-0.));
#662 = DEFINITIONAL_REPRESENTATION('',(#663),#667);
#663 = LINE('',#664,#665);
#664 = CARTESIAN_POINT('',(-0.,0.));
#665 = VECTOR('',#666,1.);
#666 = DIRECTION('',(-1.,0.));
#667 = ( GEOMETRIC_REPRESENTATION_CONTEXT(2) 
PARAMETRIC_REPRESENTATION_CONTEXT() REPRESENTATION_CONTEXT('2D SPACE',''
  ) );
#668 = FACE_BOUND('',#669,.F.);
#669 = EDGE_LOOP('',(#670));
#670 = ORIENTED_EDGE('',*,*,#671,.F.);
#671 = EDGE_CURVE('',#672,#672,#674,.T.);
#672 = VERTEX_POINT('',#673);
#673 = CARTESIAN_POINT('',(27.,12.,0.));
#674 = SURFACE_CURVE('',#675,(#680,#687),.PCURVE_S1.);
#675 = CIRCLE('',#676,4.5);
#676 = AXIS2_PLACEMENT_3D('',#677,#678,#679);
#677 = CARTESIAN_POINT('',(22.5,12.,0.));
#678 = DIRECTION('',(0.,0.,1.));
#679 = DIRECTION('',(1.,0.,-0.));
#680 = PCURVE('',#126,#681);
#681 = DEFINITIONAL_REPRESENTATION('',(#682),#686);
#682 = CIRCLE('',#683,4.5);
#683 = AXIS2_PLACEMENT_2D('',#684,#685);
#684 = CARTESIAN_POINT('',(22.5,0.));
#685 = DIRECTION('',(1.,0.));
#686 = ( GEOMETRIC_REPRESENTATION_CONTEXT(2) 
PARAMETRIC_REPRESENTATION_CONTEXT() REPRESENTATION_CONTEXT('2D SPACE',''
  ) );
#687 = PCURVE('',#688,#693);
#688 = CYLINDRICAL_SURFACE('',#689,4.5);
#689 = AXIS2_PLACEMENT_3D('',#690,#691,#692);
#690 = CARTESIAN_POINT('',(22.5,12.,0.));
#691 = DIRECTION('',(-0.,-0.,-1.));
#692 = DIRECTION('',(1.,0.,-0.));
#693 = DEFINITIONAL_REPRESENTATION('',(#694),#698);
#694 = LINE('',#695,#696);
#695 = CARTESIAN_POINT('',(-0.,0.));
#696 = VECTOR('',#697,1.);
#697 = DIRECTION('',(-1.,0.));
#698 = ( GEOMETRIC_REPRESENTATION_CONTEXT(2) 
PARAMETRIC_REPRESENTATION_CONTEXT() REPRESENTATION_CONTEXT('2D SPACE',''
  ) );
#699 = ADVANCED_FACE('',(#700,#726),#72,.T.);
#700 = FACE_BOUND('',#701,.T.);
#701 = EDGE_LOOP('',(#702,#703,#704,#725));
#702 = ORIENTED_EDGE('',*,*,#56,.F.);
#703 = ORIENTED_EDGE('',*,*,#142,.T.);
#704 = ORIENTED_EDGE('',*,*,#705,.F.);
#705 = EDGE_CURVE('',#331,#143,#706,.T.);
#706 = SURFACE_CURVE('',#707,(#711,#718),.PCURVE_S1.);
#707 = LINE('',#708,#709);
#708 = CARTESIAN_POINT('',(-14.,24.,8.));
#709 = VECTOR('',#710,1.);
#710 = DIRECTION('',(0.,-1.,0.));
#711 = PCURVE('',#72,#712);
#712 = DEFINITIONAL_REPRESENTATION('',(#713),#717);
#713 = LINE('',#714,#715);
#714 = CARTESIAN_POINT('',(-14.,12.));
#715 = VECTOR('',#716,1.);
#716 = DIRECTION('',(0.,-1.));
#717 = ( GEOMETRIC_REPRESENTATION_CONTEXT(2) 
PARAMETRIC_REPRESENTATION_CONTEXT() REPRESENTATION_CONTEXT('2D SPACE',''
  ) );
#718 = PCURVE('',#369,#719);
#719 = DEFINITIONAL_REPRESENTATION('',(#720),#724);
#720 = LINE('',#721,#722);
#721 = CARTESIAN_POINT('',(-23.35482550376,-11.99558208515));
#722 = VECTOR('',#723,1.);
#723 = DIRECTION('',(1.,0.));
#724 = ( GEOMETRIC_REPRESENTATION_CONTEXT(2) 
PARAMETRIC_REPRESENTATION_CONTEXT() REPRESENTATION_CONTEXT('2D SPACE',''
  ) );
#725 = ORIENTED_EDGE('',*,*,#330,.F.);
#726 = FACE_BOUND('',#727,.T.);
#727 = EDGE_LOOP('',(#728));
#728 = ORIENTED_EDGE('',*,*,#729,.F.);
#729 = EDGE_CURVE('',#730,#730,#732,.T.);
#730 = VERTEX_POINT('',#731);
#731 = CARTESIAN_POINT('',(-18.,12.,8.));
#732 = SURFACE_CURVE('',#733,(#738,#745),.PCURVE_S1.);
#733 = CIRCLE('',#734,4.5);
#734 = AXIS2_PLACEMENT_3D('',#735,#736,#737);
#735 = CARTESIAN_POINT('',(-22.5,12.,8.));
#736 = DIRECTION('',(0.,0.,1.));
#737 = DIRECTION('',(1.,0.,-0.));
#738 = PCURVE('',#72,#739);
#739 = DEFINITIONAL_REPRESENTATION('',(#740),#744);
#740 = CIRCLE('',#741,4.5);
#741 = AXIS2_PLACEMENT_2D('',#742,#743);
#742 = CARTESIAN_POINT('',(-22.5,0.));
#743 = DIRECTION('',(1.,0.));
#744 = ( GEOMETRIC_REPRESENTATION_CONTEXT(2) 
PARAMETRIC_REPRESENTATION_CONTEXT() REPRESENTATION_CONTEXT('2D SPACE',''
  ) );
#745 = PCURVE('',#657,#746);
#746 = DEFINITIONAL_REPRESENTATION('',(#747),#751);
#747 = LINE('',#748,#749);
#748 = CARTESIAN_POINT('',(-0.,-8.));
#749 = VECTOR('',#750,1.);
#750 = DIRECTION('',(-1.,0.));
#751 = ( GEOMETRIC_REPRESENTATION_CONTEXT(2) 
PARAMETRIC_REPRESENTATION_CONTEXT() REPRESENTATION_CONTEXT('2D SPACE',''
  ) );
#752 = ADVANCED_FACE('',(#753),#293,.F.);
#753 = FACE_BOUND('',#754,.F.);
#754 = EDGE_LOOP('',(#755,#756,#777,#778));
#755 = ORIENTED_EDGE('',*,*,#277,.T.);
#756 = ORIENTED_EDGE('',*,*,#757,.T.);
#757 = EDGE_CURVE('',#250,#545,#758,.T.);
#758 = SURFACE_CURVE('',#759,(#763,#770),.PCURVE_S1.);
#759 = LINE('',#760,#761);
#760 = CARTESIAN_POINT('',(31.,12.,8.));
#761 = VECTOR('',#762,1.);
#762 = DIRECTION('',(-0.,1.,0.));
#763 = PCURVE('',#293,#764);
#764 = DEFINITIONAL_REPRESENTATION('',(#765),#769);
#765 = LINE('',#766,#767);
#766 = CARTESIAN_POINT('',(12.,-8.));
#767 = VECTOR('',#768,1.);
#768 = DIRECTION('',(1.,0.));
#769 = ( GEOMETRIC_REPRESENTATION_CONTEXT(2) 
PARAMETRIC_REPRESENTATION_CONTEXT() REPRESENTATION_CONTEXT('2D SPACE',''
  ) );
#770 = PCURVE('',#265,#771);
#771 = DEFINITIONAL_REPRESENTATION('',(#772),#776);
#772 = LINE('',#773,#774);
#773 = CARTESIAN_POINT('',(31.,0.));
#774 = VECTOR('',#775,1.);
#775 = DIRECTION('',(0.,1.));
#776 = ( GEOMETRIC_REPRESENTATION_CONTEXT(2) 
PARAMETRIC_REPRESENTATION_CONTEXT() REPRESENTATION_CONTEXT('2D SPACE',''
  ) );
#777 = ORIENTED_EDGE('',*,*,#567,.F.);
#778 = ORIENTED_EDGE('',*,*,#616,.F.);
#779 = ADVANCED_FACE('',(#780),#181,.T.);
#780 = FACE_BOUND('',#781,.T.);
#781 = EDGE_LOOP('',(#782,#783,#806,#834));
#782 = ORIENTED_EDGE('',*,*,#165,.T.);
#783 = ORIENTED_EDGE('',*,*,#784,.T.);
#784 = EDGE_CURVE('',#166,#785,#787,.T.);
#785 = VERTEX_POINT('',#786);
#786 = CARTESIAN_POINT('',(-8.,-17.19539849806,18.455537790694));
#787 = SURFACE_CURVE('',#788,(#792,#799),.PCURVE_S1.);
#788 = LINE('',#789,#790);
#789 = CARTESIAN_POINT('',(-8.,0.,8.));
#790 = VECTOR('',#791,1.);
#791 = DIRECTION('',(0.,-0.854446220931,0.519539849807));
#792 = PCURVE('',#181,#793);
#793 = DEFINITIONAL_REPRESENTATION('',(#794),#798);
#794 = LINE('',#795,#796);
#795 = CARTESIAN_POINT('',(0.,-6.));
#796 = VECTOR('',#797,1.);
#797 = DIRECTION('',(1.,0.));
#798 = ( GEOMETRIC_REPRESENTATION_CONTEXT(2) 
PARAMETRIC_REPRESENTATION_CONTEXT() REPRESENTATION_CONTEXT('2D SPACE',''
  ) );
#799 = PCURVE('',#425,#800);
#800 = DEFINITIONAL_REPRESENTATION('',(#801),#805);
#801 = LINE('',#802,#803);
#802 = CARTESIAN_POINT('',(0.645174496234,-11.99558208515));
#803 = VECTOR('',#804,1.);
#804 = DIRECTION('',(0.854446220931,0.519539849807));
#805 = ( GEOMETRIC_REPRESENTATION_CONTEXT(2) 
PARAMETRIC_REPRESENTATION_CONTEXT() REPRESENTATION_CONTEXT('2D SPACE',''
  ) );
#806 = ORIENTED_EDGE('',*,*,#807,.F.);
#807 = EDGE_CURVE('',#808,#785,#810,.T.);
#808 = VERTEX_POINT('',#809);
#809 = CARTESIAN_POINT('',(-14.,-17.19539849806,18.455537790694));
#810 = SURFACE_CURVE('',#811,(#815,#822),.PCURVE_S1.);
#811 = LINE('',#812,#813);
#812 = CARTESIAN_POINT('',(-14.,-17.19539849806,18.455537790694));
#813 = VECTOR('',#814,1.);
#814 = DIRECTION('',(1.,-0.,-0.));
#815 = PCURVE('',#181,#816);
#816 = DEFINITIONAL_REPRESENTATION('',(#817),#821);
#817 = LINE('',#818,#819);
#818 = CARTESIAN_POINT('',(20.124611797498,0.));
#819 = VECTOR('',#820,1.);
#820 = DIRECTION('',(0.,-1.));
#821 = ( GEOMETRIC_REPRESENTATION_CONTEXT(2) 
PARAMETRIC_REPRESENTATION_CONTEXT() REPRESENTATION_CONTEXT('2D SPACE',''
  ) );
#822 = PCURVE('',#823,#828);
#823 = CYLINDRICAL_SURFACE('',#824,10.);
#824 = AXIS2_PLACEMENT_3D('',#825,#826,#827);
#825 = CARTESIAN_POINT('',(-14.,-12.,27.));
#826 = DIRECTION('',(-1.,0.,0.));
#827 = DIRECTION('',(0.,1.,0.));
#828 = DEFINITIONAL_REPRESENTATION('',(#829),#833);
#829 = LINE('',#830,#831);
#830 = CARTESIAN_POINT('',(2.117108653096,0.));
#831 = VECTOR('',#832,1.);
#832 = DIRECTION('',(0.,-1.));
#833 = ( GEOMETRIC_REPRESENTATION_CONTEXT(2) 
PARAMETRIC_REPRESENTATION_CONTEXT() REPRESENTATION_CONTEXT('2D SPACE',''
  ) );
#834 = ORIENTED_EDGE('',*,*,#835,.F.);
#835 = EDGE_CURVE('',#143,#808,#836,.T.);
#836 = SURFACE_CURVE('',#837,(#841,#848),.PCURVE_S1.);
#837 = LINE('',#838,#839);
#838 = CARTESIAN_POINT('',(-14.,0.,8.));
#839 = VECTOR('',#840,1.);
#840 = DIRECTION('',(0.,-0.854446220931,0.519539849807));
#841 = PCURVE('',#181,#842);
#842 = DEFINITIONAL_REPRESENTATION('',(#843),#847);
#843 = LINE('',#844,#845);
#844 = CARTESIAN_POINT('',(0.,0.));
#845 = VECTOR('',#846,1.);
#846 = DIRECTION('',(1.,0.));
#847 = ( GEOMETRIC_REPRESENTATION_CONTEXT(2) 
PARAMETRIC_REPRESENTATION_CONTEXT() REPRESENTATION_CONTEXT('2D SPACE',''
  ) );
#848 = PCURVE('',#369,#849);
#849 = DEFINITIONAL_REPRESENTATION('',(#850),#854);
#850 = LINE('',#851,#852);
#851 = CARTESIAN_POINT('',(0.645174496234,-11.99558208515));
#852 = VECTOR('',#853,1.);
#853 = DIRECTION('',(0.854446220931,0.519539849807));
#854 = ( GEOMETRIC_REPRESENTATION_CONTEXT(2) 
PARAMETRIC_REPRESENTATION_CONTEXT() REPRESENTATION_CONTEXT('2D SPACE',''
  ) );
#855 = ADVANCED_FACE('',(#856),#209,.T.);
#856 = FACE_BOUND('',#857,.T.);
#857 = EDGE_LOOP('',(#858,#879,#880,#901));
#858 = ORIENTED_EDGE('',*,*,#859,.T.);
#859 = EDGE_CURVE('',#410,#166,#860,.T.);
#860 = SURFACE_CURVE('',#861,(#865,#872),.PCURVE_S1.);
#861 = LINE('',#862,#863);
#862 = CARTESIAN_POINT('',(-8.,24.,8.));
#863 = VECTOR('',#864,1.);
#864 = DIRECTION('',(0.,-1.,0.));
#865 = PCURVE('',#209,#866);
#866 = DEFINITIONAL_REPRESENTATION('',(#867),#871);
#867 = LINE('',#868,#869);
#868 = CARTESIAN_POINT('',(-8.,12.));
#869 = VECTOR('',#870,1.);
#870 = DIRECTION('',(0.,-1.));
#871 = ( GEOMETRIC_REPRESENTATION_CONTEXT(2) 
PARAMETRIC_REPRESENTATION_CONTEXT() REPRESENTATION_CONTEXT('2D SPACE',''
  ) );
#872 = PCURVE('',#425,#873);
#873 = DEFINITIONAL_REPRESENTATION('',(#874),#878);
#874 = LINE('',#875,#876);
#875 = CARTESIAN_POINT('',(-23.35482550376,-11.99558208515));
#876 = VECTOR('',#877,1.);
#877 = DIRECTION('',(1.,0.));
#878 = ( GEOMETRIC_REPRESENTATION_CONTEXT(2) 
PARAMETRIC_REPRESENTATION_CONTEXT() REPRESENTATION_CONTEXT('2D SPACE',''
  ) );
#879 = ORIENTED_EDGE('',*,*,#193,.T.);
#880 = ORIENTED_EDGE('',*,*,#881,.F.);
#881 = EDGE_CURVE('',#438,#194,#882,.T.);
#882 = SURFACE_CURVE('',#883,(#887,#894),.PCURVE_S1.);
#883 = LINE('',#884,#885);
#884 = CARTESIAN_POINT('',(8.,24.,8.));
#885 = VECTOR('',#886,1.);
#886 = DIRECTION('',(0.,-1.,0.));
#887 = PCURVE('',#209,#888);
#888 = DEFINITIONAL_REPRESENTATION('',(#889),#893);
#889 = LINE('',#890,#891);
#890 = CARTESIAN_POINT('',(8.,12.));
#891 = VECTOR('',#892,1.);
#892 = DIRECTION('',(0.,-1.));
#893 = ( GEOMETRIC_REPRESENTATION_CONTEXT(2) 
PARAMETRIC_REPRESENTATION_CONTEXT() REPRESENTATION_CONTEXT('2D SPACE',''
  ) );
#894 = PCURVE('',#476,#895);
#895 = DEFINITIONAL_REPRESENTATION('',(#896),#900);
#896 = LINE('',#897,#898);
#897 = CARTESIAN_POINT('',(-23.35482550376,-11.99558208515));
#898 = VECTOR('',#899,1.);
#899 = DIRECTION('',(1.,0.));
#900 = ( GEOMETRIC_REPRESENTATION_CONTEXT(2) 
PARAMETRIC_REPRESENTATION_CONTEXT() REPRESENTATION_CONTEXT('2D SPACE',''
  ) );
#901 = ORIENTED_EDGE('',*,*,#437,.F.);
#902 = ADVANCED_FACE('',(#903),#237,.T.);
#903 = FACE_BOUND('',#904,.T.);
#904 = EDGE_LOOP('',(#905,#906,#929,#957));
#905 = ORIENTED_EDGE('',*,*,#221,.T.);
#906 = ORIENTED_EDGE('',*,*,#907,.T.);
#907 = EDGE_CURVE('',#222,#908,#910,.T.);
#908 = VERTEX_POINT('',#909);
#909 = CARTESIAN_POINT('',(14.,-17.19539849806,18.455537790694));
#910 = SURFACE_CURVE('',#911,(#915,#922),.PCURVE_S1.);
#911 = LINE('',#912,#913);
#912 = CARTESIAN_POINT('',(14.,0.,8.));
#913 = VECTOR('',#914,1.);
#914 = DIRECTION('',(0.,-0.854446220931,0.519539849807));
#915 = PCURVE('',#237,#916);
#916 = DEFINITIONAL_REPRESENTATION('',(#917),#921);
#917 = LINE('',#918,#919);
#918 = CARTESIAN_POINT('',(0.,-6.));
#919 = VECTOR('',#920,1.);
#920 = DIRECTION('',(1.,0.));
#921 = ( GEOMETRIC_REPRESENTATION_CONTEXT(2) 
PARAMETRIC_REPRESENTATION_CONTEXT() REPRESENTATION_CONTEXT('2D SPACE',''
  ) );
#922 = PCURVE('',#532,#923);
#923 = DEFINITIONAL_REPRESENTATION('',(#924),#928);
#924 = LINE('',#925,#926);
#925 = CARTESIAN_POINT('',(0.645174496234,-11.99558208515));
#926 = VECTOR('',#927,1.);
#927 = DIRECTION('',(0.854446220931,0.519539849807));
#928 = ( GEOMETRIC_REPRESENTATION_CONTEXT(2) 
PARAMETRIC_REPRESENTATION_CONTEXT() REPRESENTATION_CONTEXT('2D SPACE',''
  ) );
#929 = ORIENTED_EDGE('',*,*,#930,.F.);
#930 = EDGE_CURVE('',#931,#908,#933,.T.);
#931 = VERTEX_POINT('',#932);
#932 = CARTESIAN_POINT('',(8.,-17.19539849806,18.455537790694));
#933 = SURFACE_CURVE('',#934,(#938,#945),.PCURVE_S1.);
#934 = LINE('',#935,#936);
#935 = CARTESIAN_POINT('',(8.,-17.19539849806,18.455537790694));
#936 = VECTOR('',#937,1.);
#937 = DIRECTION('',(1.,-0.,-0.));
#938 = PCURVE('',#237,#939);
#939 = DEFINITIONAL_REPRESENTATION('',(#940),#944);
#940 = LINE('',#941,#942);
#941 = CARTESIAN_POINT('',(20.124611797498,0.));
#942 = VECTOR('',#943,1.);
#943 = DIRECTION('',(0.,-1.));
#944 = ( GEOMETRIC_REPRESENTATION_CONTEXT(2) 
PARAMETRIC_REPRESENTATION_CONTEXT() REPRESENTATION_CONTEXT('2D SPACE',''
  ) );
#945 = PCURVE('',#946,#951);
#946 = CYLINDRICAL_SURFACE('',#947,10.);
#947 = AXIS2_PLACEMENT_3D('',#948,#949,#950);
#948 = CARTESIAN_POINT('',(8.,-12.,27.));
#949 = DIRECTION('',(-1.,0.,0.));
#950 = DIRECTION('',(0.,1.,0.));
#951 = DEFINITIONAL_REPRESENTATION('',(#952),#956);
#952 = LINE('',#953,#954);
#953 = CARTESIAN_POINT('',(2.117108653096,0.));
#954 = VECTOR('',#955,1.);
#955 = DIRECTION('',(0.,-1.));
#956 = ( GEOMETRIC_REPRESENTATION_CONTEXT(2) 
PARAMETRIC_REPRESENTATION_CONTEXT() REPRESENTATION_CONTEXT('2D SPACE',''
  ) );
#957 = ORIENTED_EDGE('',*,*,#958,.F.);
#958 = EDGE_CURVE('',#194,#931,#959,.T.);
#959 = SURFACE_CURVE('',#960,(#964,#971),.PCURVE_S1.);
#960 = LINE('',#961,#962);
#961 = CARTESIAN_POINT('',(8.,0.,8.));
#962 = VECTOR('',#963,1.);
#963 = DIRECTION('',(0.,-0.854446220931,0.519539849807));
#964 = PCURVE('',#237,#965);
#965 = DEFINITIONAL_REPRESENTATION('',(#966),#970);
#966 = LINE('',#967,#968);
#967 = CARTESIAN_POINT('',(0.,0.));
#968 = VECTOR('',#969,1.);
#969 = DIRECTION('',(1.,0.));
#970 = ( GEOMETRIC_REPRESENTATION_CONTEXT(2) 
PARAMETRIC_REPRESENTATION_CONTEXT() REPRESENTATION_CONTEXT('2D SPACE',''
  ) );
#971 = PCURVE('',#476,#972);
#972 = DEFINITIONAL_REPRESENTATION('',(#973),#977);
#973 = LINE('',#974,#975);
#974 = CARTESIAN_POINT('',(0.645174496234,-11.99558208515));
#975 = VECTOR('',#976,1.);
#976 = DIRECTION('',(0.854446220931,0.519539849807));
#977 = ( GEOMETRIC_REPRESENTATION_CONTEXT(2) 
PARAMETRIC_REPRESENTATION_CONTEXT() REPRESENTATION_CONTEXT('2D SPACE',''
  ) );
#978 = ADVANCED_FACE('',(#979,#1005),#265,.T.);
#979 = FACE_BOUND('',#980,.T.);
#980 = EDGE_LOOP('',(#981,#1002,#1003,#1004));
#981 = ORIENTED_EDGE('',*,*,#982,.T.);
#982 = EDGE_CURVE('',#517,#222,#983,.T.);
#983 = SURFACE_CURVE('',#984,(#988,#995),.PCURVE_S1.);
#984 = LINE('',#985,#986);
#985 = CARTESIAN_POINT('',(14.,24.,8.));
#986 = VECTOR('',#987,1.);
#987 = DIRECTION('',(0.,-1.,0.));
#988 = PCURVE('',#265,#989);
#989 = DEFINITIONAL_REPRESENTATION('',(#990),#994);
#990 = LINE('',#991,#992);
#991 = CARTESIAN_POINT('',(14.,12.));
#992 = VECTOR('',#993,1.);
#993 = DIRECTION('',(0.,-1.));
#994 = ( GEOMETRIC_REPRESENTATION_CONTEXT(2) 
PARAMETRIC_REPRESENTATION_CONTEXT() REPRESENTATION_CONTEXT('2D SPACE',''
  ) );
#995 = PCURVE('',#532,#996);
#996 = DEFINITIONAL_REPRESENTATION('',(#997),#1001);
#997 = LINE('',#998,#999);
#998 = CARTESIAN_POINT('',(-23.35482550376,-11.99558208515));
#999 = VECTOR('',#1000,1.);
#1000 = DIRECTION('',(1.,0.));
#1001 = ( GEOMETRIC_REPRESENTATION_CONTEXT(2) 
PARAMETRIC_REPRESENTATION_CONTEXT() REPRESENTATION_CONTEXT('2D SPACE',''
  ) );
#1002 = ORIENTED_EDGE('',*,*,#249,.T.);
#1003 = ORIENTED_EDGE('',*,*,#757,.T.);
#1004 = ORIENTED_EDGE('',*,*,#544,.F.);
#1005 = FACE_BOUND('',#1006,.T.);
#1006 = EDGE_LOOP('',(#1007));
#1007 = ORIENTED_EDGE('',*,*,#1008,.F.);
#1008 = EDGE_CURVE('',#1009,#1009,#1011,.T.);
#1009 = VERTEX_POINT('',#1010);
#1010 = CARTESIAN_POINT('',(27.,12.,8.));
#1011 = SURFACE_CURVE('',#1012,(#1017,#1024),.PCURVE_S1.);
#1012 = CIRCLE('',#1013,4.5);
#1013 = AXIS2_PLACEMENT_3D('',#1014,#1015,#1016);
#1014 = CARTESIAN_POINT('',(22.5,12.,8.));
#1015 = DIRECTION('',(0.,0.,1.));
#1016 = DIRECTION('',(1.,0.,-0.));
#1017 = PCURVE('',#265,#1018);
#1018 = DEFINITIONAL_REPRESENTATION('',(#1019),#1023);
#1019 = CIRCLE('',#1020,4.5);
#1020 = AXIS2_PLACEMENT_2D('',#1021,#1022);
#1021 = CARTESIAN_POINT('',(22.5,0.));
#1022 = DIRECTION('',(1.,0.));
#1023 = ( GEOMETRIC_REPRESENTATION_CONTEXT(2) 
PARAMETRIC_REPRESENTATION_CONTEXT() REPRESENTATION_CONTEXT('2D SPACE',''
  ) );
#1024 = PCURVE('',#688,#1025);
#1025 = DEFINITIONAL_REPRESENTATION('',(#1026),#1030);
#1026 = LINE('',#1027,#1028);
#1027 = CARTESIAN_POINT('',(-0.,-8.));
#1028 = VECTOR('',#1029,1.);
#1029 = DIRECTION('',(-1.,0.));
#1030 = ( GEOMETRIC_REPRESENTATION_CONTEXT(2) 
PARAMETRIC_REPRESENTATION_CONTEXT() REPRESENTATION_CONTEXT('2D SPACE',''
  ) );
#1031 = ADVANCED_FACE('',(#1032,#1111),#369,.T.);
#1032 = FACE_BOUND('',#1033,.T.);
#1033 = EDGE_LOOP('',(#1034,#1058,#1087,#1108,#1109,#1110));
#1034 = ORIENTED_EDGE('',*,*,#1035,.T.);
#1035 = EDGE_CURVE('',#808,#1036,#1038,.T.);
#1036 = VERTEX_POINT('',#1037);
#1037 = CARTESIAN_POINT('',(-14.,-22.,27.));
#1038 = SURFACE_CURVE('',#1039,(#1044,#1051),.PCURVE_S1.);
#1039 = CIRCLE('',#1040,10.);
#1040 = AXIS2_PLACEMENT_3D('',#1041,#1042,#1043);
#1041 = CARTESIAN_POINT('',(-14.,-12.,27.));
#1042 = DIRECTION('',(-1.,0.,0.));
#1043 = DIRECTION('',(0.,1.,0.));
#1044 = PCURVE('',#369,#1045);
#1045 = DEFINITIONAL_REPRESENTATION('',(#1046),#1050);
#1046 = CIRCLE('',#1047,10.);
#1047 = AXIS2_PLACEMENT_2D('',#1048,#1049);
#1048 = CARTESIAN_POINT('',(12.645174496234,7.004417914848));
#1049 = DIRECTION('',(-1.,0.));
#1050 = ( GEOMETRIC_REPRESENTATION_CONTEXT(2) 
PARAMETRIC_REPRESENTATION_CONTEXT() REPRESENTATION_CONTEXT('2D SPACE',''
  ) );
#1051 = PCURVE('',#823,#1052);
#1052 = DEFINITIONAL_REPRESENTATION('',(#1053),#1057);
#1053 = LINE('',#1054,#1055);
#1054 = CARTESIAN_POINT('',(0.,0.));
#1055 = VECTOR('',#1056,1.);
#1056 = DIRECTION('',(1.,0.));
#1057 = ( GEOMETRIC_REPRESENTATION_CONTEXT(2) 
PARAMETRIC_REPRESENTATION_CONTEXT() REPRESENTATION_CONTEXT('2D SPACE',''
  ) );
#1058 = ORIENTED_EDGE('',*,*,#1059,.T.);
#1059 = EDGE_CURVE('',#1036,#1060,#1062,.T.);
#1060 = VERTEX_POINT('',#1061);
#1061 = CARTESIAN_POINT('',(-14.,-6.264185779866,35.19148553268));
#1062 = SURFACE_CURVE('',#1063,(#1068,#1075),.PCURVE_S1.);
#1063 = CIRCLE('',#1064,10.);
#1064 = AXIS2_PLACEMENT_3D('',#1065,#1066,#1067);
#1065 = CARTESIAN_POINT('',(-14.,-12.,27.));
#1066 = DIRECTION('',(-1.,0.,0.));
#1067 = DIRECTION('',(0.,1.,0.));
#1068 = PCURVE('',#369,#1069);
#1069 = DEFINITIONAL_REPRESENTATION('',(#1070),#1074);
#1070 = CIRCLE('',#1071,10.);
#1071 = AXIS2_PLACEMENT_2D('',#1072,#1073);
#1072 = CARTESIAN_POINT('',(12.645174496234,7.004417914848));
#1073 = DIRECTION('',(-1.,0.));
#1074 = ( GEOMETRIC_REPRESENTATION_CONTEXT(2) 
PARAMETRIC_REPRESENTATION_CONTEXT() REPRESENTATION_CONTEXT('2D SPACE',''
  ) );
#1075 = PCURVE('',#1076,#1081);
#1076 = CYLINDRICAL_SURFACE('',#1077,10.);
#1077 = AXIS2_PLACEMENT_3D('',#1078,#1079,#1080);
#1078 = CARTESIAN_POINT('',(-14.,-12.,27.));
#1079 = DIRECTION('',(-1.,0.,0.));
#1080 = DIRECTION('',(0.,1.,0.));
#1081 = DEFINITIONAL_REPRESENTATION('',(#1082),#1086);
#1082 = LINE('',#1083,#1084);
#1083 = CARTESIAN_POINT('',(0.,0.));
#1084 = VECTOR('',#1085,1.);
#1085 = DIRECTION('',(1.,0.));
#1086 = ( GEOMETRIC_REPRESENTATION_CONTEXT(2) 
PARAMETRIC_REPRESENTATION_CONTEXT() REPRESENTATION_CONTEXT('2D SPACE',''
  ) );
#1087 = ORIENTED_EDGE('',*,*,#1088,.T.);
#1088 = EDGE_CURVE('',#1060,#354,#1089,.T.);
#1089 = SURFACE_CURVE('',#1090,(#1094,#1101),.PCURVE_S1.);
#1090 = LINE('',#1091,#1092);
#1091 = CARTESIAN_POINT('',(-14.,-6.264185779866,35.19148553268));
#1092 = VECTOR('',#1093,1.);
#1093 = DIRECTION('',(0.,0.819148553268,-0.573581422013));
#1094 = PCURVE('',#369,#1095);
#1095 = DEFINITIONAL_REPRESENTATION('',(#1096),#1100);
#1096 = LINE('',#1097,#1098);
#1097 = CARTESIAN_POINT('',(6.909360276099,15.195903447528));
#1098 = VECTOR('',#1099,1.);
#1099 = DIRECTION('',(-0.819148553268,-0.573581422013));
#1100 = ( GEOMETRIC_REPRESENTATION_CONTEXT(2) 
PARAMETRIC_REPRESENTATION_CONTEXT() REPRESENTATION_CONTEXT('2D SPACE',''
  ) );
#1101 = PCURVE('',#397,#1102);
#1102 = DEFINITIONAL_REPRESENTATION('',(#1103),#1107);
#1103 = LINE('',#1104,#1105);
#1104 = CARTESIAN_POINT('',(0.,0.));
#1105 = VECTOR('',#1106,1.);
#1106 = DIRECTION('',(1.,0.));
#1107 = ( GEOMETRIC_REPRESENTATION_CONTEXT(2) 
PARAMETRIC_REPRESENTATION_CONTEXT() REPRESENTATION_CONTEXT('2D SPACE',''
  ) );
#1108 = ORIENTED_EDGE('',*,*,#353,.T.);
#1109 = ORIENTED_EDGE('',*,*,#705,.T.);
#1110 = ORIENTED_EDGE('',*,*,#835,.T.);
#1111 = FACE_BOUND('',#1112,.T.);
#1112 = EDGE_LOOP('',(#1113));
#1113 = ORIENTED_EDGE('',*,*,#1114,.T.);
#1114 = EDGE_CURVE('',#1115,#1115,#1117,.T.);
#1115 = VERTEX_POINT('',#1116);
#1116 = CARTESIAN_POINT('',(-14.,-12.,23.));
#1117 = SURFACE_CURVE('',#1118,(#1123,#1134),.PCURVE_S1.);
#1118 = CIRCLE('',#1119,4.);
#1119 = AXIS2_PLACEMENT_3D('',#1120,#1121,#1122);
#1120 = CARTESIAN_POINT('',(-14.,-12.,27.));
#1121 = DIRECTION('',(1.,0.,0.));
#1122 = DIRECTION('',(0.,0.,-1.));
#1123 = PCURVE('',#369,#1124);
#1124 = DEFINITIONAL_REPRESENTATION('',(#1125),#1133);
#1125 = ( BOUNDED_CURVE() B_SPLINE_CURVE(2,(#1126,#1127,#1128,#1129,
#1130,#1131,#1132),.UNSPECIFIED.,.T.,.F.) B_SPLINE_CURVE_WITH_KNOTS((1,2
    ,2,2,2,1),(-2.094395102393,0.,2.094395102393,4.188790204786,
6.28318530718,8.377580409573),.UNSPECIFIED.) CURVE() 
GEOMETRIC_REPRESENTATION_ITEM() RATIONAL_B_SPLINE_CURVE((1.,0.5,1.,0.5,
1.,0.5,1.)) REPRESENTATION_ITEM('') );
#1126 = CARTESIAN_POINT('',(12.645174496234,3.004417914848));
#1127 = CARTESIAN_POINT('',(5.716971265958,3.004417914848));
#1128 = CARTESIAN_POINT('',(9.181072881096,9.004417914848));
#1129 = CARTESIAN_POINT('',(12.645174496234,15.004417914848));
#1130 = CARTESIAN_POINT('',(16.109276111372,9.004417914848));
#1131 = CARTESIAN_POINT('',(19.573377726509,3.004417914848));
#1132 = CARTESIAN_POINT('',(12.645174496234,3.004417914848));
#1133 = ( GEOMETRIC_REPRESENTATION_CONTEXT(2) 
PARAMETRIC_REPRESENTATION_CONTEXT() REPRESENTATION_CONTEXT('2D SPACE',''
  ) );
#1134 = PCURVE('',#1135,#1140);
#1135 = CYLINDRICAL_SURFACE('',#1136,4.);
#1136 = AXIS2_PLACEMENT_3D('',#1137,#1138,#1139);
#1137 = CARTESIAN_POINT('',(-20.,-12.,27.));
#1138 = DIRECTION('',(1.,0.,0.));
#1139 = DIRECTION('',(0.,0.,-1.));
#1140 = DEFINITIONAL_REPRESENTATION('',(#1141),#1145);
#1141 = LINE('',#1142,#1143);
#1142 = CARTESIAN_POINT('',(0.,6.));
#1143 = VECTOR('',#1144,1.);
#1144 = DIRECTION('',(1.,0.));
#1145 = ( GEOMETRIC_REPRESENTATION_CONTEXT(2) 
PARAMETRIC_REPRESENTATION_CONTEXT() REPRESENTATION_CONTEXT('2D SPACE',''
  ) );
#1146 = ADVANCED_FACE('',(#1147),#397,.T.);
#1147 = FACE_BOUND('',#1148,.T.);
#1148 = EDGE_LOOP('',(#1149,#1172,#1193,#1194));
#1149 = ORIENTED_EDGE('',*,*,#1150,.T.);
#1150 = EDGE_CURVE('',#1060,#1151,#1153,.T.);
#1151 = VERTEX_POINT('',#1152);
#1152 = CARTESIAN_POINT('',(-8.,-6.264185779866,35.19148553268));
#1153 = SURFACE_CURVE('',#1154,(#1158,#1165),.PCURVE_S1.);
#1154 = LINE('',#1155,#1156);
#1155 = CARTESIAN_POINT('',(-14.,-6.264185779866,35.19148553268));
#1156 = VECTOR('',#1157,1.);
#1157 = DIRECTION('',(1.,-0.,-0.));
#1158 = PCURVE('',#397,#1159);
#1159 = DEFINITIONAL_REPRESENTATION('',(#1160),#1164);
#1160 = LINE('',#1161,#1162);
#1161 = CARTESIAN_POINT('',(0.,0.));
#1162 = VECTOR('',#1163,1.);
#1163 = DIRECTION('',(0.,-1.));
#1164 = ( GEOMETRIC_REPRESENTATION_CONTEXT(2) 
PARAMETRIC_REPRESENTATION_CONTEXT() REPRESENTATION_CONTEXT('2D SPACE',''
  ) );
#1165 = PCURVE('',#1076,#1166);
#1166 = DEFINITIONAL_REPRESENTATION('',(#1167),#1171);
#1167 = LINE('',#1168,#1169);
#1168 = CARTESIAN_POINT('',(5.323260304966,0.));
#1169 = VECTOR('',#1170,1.);
#1170 = DIRECTION('',(0.,-1.));
#1171 = ( GEOMETRIC_REPRESENTATION_CONTEXT(2) 
PARAMETRIC_REPRESENTATION_CONTEXT() REPRESENTATION_CONTEXT('2D SPACE',''
  ) );
#1172 = ORIENTED_EDGE('',*,*,#1173,.T.);
#1173 = EDGE_CURVE('',#1151,#382,#1174,.T.);
#1174 = SURFACE_CURVE('',#1175,(#1179,#1186),.PCURVE_S1.);
#1175 = LINE('',#1176,#1177);
#1176 = CARTESIAN_POINT('',(-8.,-6.264185779866,35.19148553268));
#1177 = VECTOR('',#1178,1.);
#1178 = DIRECTION('',(0.,0.819148553268,-0.573581422013));
#1179 = PCURVE('',#397,#1180);
#1180 = DEFINITIONAL_REPRESENTATION('',(#1181),#1185);
#1181 = LINE('',#1182,#1183);
#1182 = CARTESIAN_POINT('',(0.,-6.));
#1183 = VECTOR('',#1184,1.);
#1184 = DIRECTION('',(1.,0.));
#1185 = ( GEOMETRIC_REPRESENTATION_CONTEXT(2) 
PARAMETRIC_REPRESENTATION_CONTEXT() REPRESENTATION_CONTEXT('2D SPACE',''
  ) );
#1186 = PCURVE('',#425,#1187);
#1187 = DEFINITIONAL_REPRESENTATION('',(#1188),#1192);
#1188 = LINE('',#1189,#1190);
#1189 = CARTESIAN_POINT('',(6.909360276099,15.195903447528));
#1190 = VECTOR('',#1191,1.);
#1191 = DIRECTION('',(-0.819148553268,-0.573581422013));
#1192 = ( GEOMETRIC_REPRESENTATION_CONTEXT(2) 
PARAMETRIC_REPRESENTATION_CONTEXT() REPRESENTATION_CONTEXT('2D SPACE',''
  ) );
#1193 = ORIENTED_EDGE('',*,*,#381,.F.);
#1194 = ORIENTED_EDGE('',*,*,#1088,.F.);
#1195 = ADVANCED_FACE('',(#1196,#1248),#425,.F.);
#1196 = FACE_BOUND('',#1197,.F.);
#1197 = EDGE_LOOP('',(#1198,#1222,#1244,#1245,#1246,#1247));
#1198 = ORIENTED_EDGE('',*,*,#1199,.T.);
#1199 = EDGE_CURVE('',#785,#1200,#1202,.T.);
#1200 = VERTEX_POINT('',#1201);
#1201 = CARTESIAN_POINT('',(-8.,-22.,27.));
#1202 = SURFACE_CURVE('',#1203,(#1208,#1215),.PCURVE_S1.);
#1203 = CIRCLE('',#1204,10.);
#1204 = AXIS2_PLACEMENT_3D('',#1205,#1206,#1207);
#1205 = CARTESIAN_POINT('',(-8.,-12.,27.));
#1206 = DIRECTION('',(-1.,0.,0.));
#1207 = DIRECTION('',(0.,1.,0.));
#1208 = PCURVE('',#425,#1209);
#1209 = DEFINITIONAL_REPRESENTATION('',(#1210),#1214);
#1210 = CIRCLE('',#1211,10.);
#1211 = AXIS2_PLACEMENT_2D('',#1212,#1213);
#1212 = CARTESIAN_POINT('',(12.645174496234,7.004417914848));
#1213 = DIRECTION('',(-1.,0.));
#1214 = ( GEOMETRIC_REPRESENTATION_CONTEXT(2) 
PARAMETRIC_REPRESENTATION_CONTEXT() REPRESENTATION_CONTEXT('2D SPACE',''
  ) );
#1215 = PCURVE('',#823,#1216);
#1216 = DEFINITIONAL_REPRESENTATION('',(#1217),#1221);
#1217 = LINE('',#1218,#1219);
#1218 = CARTESIAN_POINT('',(0.,-6.));
#1219 = VECTOR('',#1220,1.);
#1220 = DIRECTION('',(1.,0.));
#1221 = ( GEOMETRIC_REPRESENTATION_CONTEXT(2) 
PARAMETRIC_REPRESENTATION_CONTEXT() REPRESENTATION_CONTEXT('2D SPACE',''
  ) );
#1222 = ORIENTED_EDGE('',*,*,#1223,.T.);
#1223 = EDGE_CURVE('',#1200,#1151,#1224,.T.);
#1224 = SURFACE_CURVE('',#1225,(#1230,#1237),.PCURVE_S1.);
#1225 = CIRCLE('',#1226,10.);
#1226 = AXIS2_PLACEMENT_3D('',#1227,#1228,#1229);
#1227 = CARTESIAN_POINT('',(-8.,-12.,27.));
#1228 = DIRECTION('',(-1.,0.,0.));
#1229 = DIRECTION('',(0.,1.,0.));
#1230 = PCURVE('',#425,#1231);
#1231 = DEFINITIONAL_REPRESENTATION('',(#1232),#1236);
#1232 = CIRCLE('',#1233,10.);
#1233 = AXIS2_PLACEMENT_2D('',#1234,#1235);
#1234 = CARTESIAN_POINT('',(12.645174496234,7.004417914848));
#1235 = DIRECTION('',(-1.,0.));
#1236 = ( GEOMETRIC_REPRESENTATION_CONTEXT(2) 
PARAMETRIC_REPRESENTATION_CONTEXT() REPRESENTATION_CONTEXT('2D SPACE',''
  ) );
#1237 = PCURVE('',#1076,#1238);
#1238 = DEFINITIONAL_REPRESENTATION('',(#1239),#1243);
#1239 = LINE('',#1240,#1241);
#1240 = CARTESIAN_POINT('',(0.,-6.));
#1241 = VECTOR('',#1242,1.);
#1242 = DIRECTION('',(1.,0.));
#1243 = ( GEOMETRIC_REPRESENTATION_CONTEXT(2) 
PARAMETRIC_REPRESENTATION_CONTEXT() REPRESENTATION_CONTEXT('2D SPACE',''
  ) );
#1244 = ORIENTED_EDGE('',*,*,#1173,.T.);
#1245 = ORIENTED_EDGE('',*,*,#409,.T.);
#1246 = ORIENTED_EDGE('',*,*,#859,.T.);
#1247 = ORIENTED_EDGE('',*,*,#784,.T.);
#1248 = FACE_BOUND('',#1249,.F.);
#1249 = EDGE_LOOP('',(#1250));
#1250 = ORIENTED_EDGE('',*,*,#1251,.T.);
#1251 = EDGE_CURVE('',#1252,#1252,#1254,.T.);
#1252 = VERTEX_POINT('',#1253);
#1253 = CARTESIAN_POINT('',(-8.,-12.,23.));
#1254 = SURFACE_CURVE('',#1255,(#1260,#1271),.PCURVE_S1.);
#1255 = CIRCLE('',#1256,4.);
#1256 = AXIS2_PLACEMENT_3D('',#1257,#1258,#1259);
#1257 = CARTESIAN_POINT('',(-8.,-12.,27.));
#1258 = DIRECTION('',(1.,0.,0.));
#1259 = DIRECTION('',(0.,0.,-1.));
#1260 = PCURVE('',#425,#1261);
#1261 = DEFINITIONAL_REPRESENTATION('',(#1262),#1270);
#1262 = ( BOUNDED_CURVE() B_SPLINE_CURVE(2,(#1263,#1264,#1265,#1266,
#1267,#1268,#1269),.UNSPECIFIED.,.T.,.F.) B_SPLINE_CURVE_WITH_KNOTS((1,2
    ,2,2,2,1),(-2.094395102393,0.,2.094395102393,4.188790204786,
6.28318530718,8.377580409573),.UNSPECIFIED.) CURVE() 
GEOMETRIC_REPRESENTATION_ITEM() RATIONAL_B_SPLINE_CURVE((1.,0.5,1.,0.5,
1.,0.5,1.)) REPRESENTATION_ITEM('') );
#1263 = CARTESIAN_POINT('',(12.645174496234,3.004417914848));
#1264 = CARTESIAN_POINT('',(5.716971265958,3.004417914848));
#1265 = CARTESIAN_POINT('',(9.181072881096,9.004417914848));
#1266 = CARTESIAN_POINT('',(12.645174496234,15.004417914848));
#1267 = CARTESIAN_POINT('',(16.109276111372,9.004417914848));
#1268 = CARTESIAN_POINT('',(19.573377726509,3.004417914848));
#1269 = CARTESIAN_POINT('',(12.645174496234,3.004417914848));
#1270 = ( GEOMETRIC_REPRESENTATION_CONTEXT(2) 
PARAMETRIC_REPRESENTATION_CONTEXT() REPRESENTATION_CONTEXT('2D SPACE',''
  ) );
#1271 = PCURVE('',#1135,#1272);
#1272 = DEFINITIONAL_REPRESENTATION('',(#1273),#1277);
#1273 = LINE('',#1274,#1275);
#1274 = CARTESIAN_POINT('',(0.,12.));
#1275 = VECTOR('',#1276,1.);
#1276 = DIRECTION('',(1.,0.));
#1277 = ( GEOMETRIC_REPRESENTATION_CONTEXT(2) 
PARAMETRIC_REPRESENTATION_CONTEXT() REPRESENTATION_CONTEXT('2D SPACE',''
  ) );
#1278 = ADVANCED_FACE('',(#1279,#1358),#476,.T.);
#1279 = FACE_BOUND('',#1280,.T.);
#1280 = EDGE_LOOP('',(#1281,#1305,#1334,#1355,#1356,#1357));
#1281 = ORIENTED_EDGE('',*,*,#1282,.T.);
#1282 = EDGE_CURVE('',#931,#1283,#1285,.T.);
#1283 = VERTEX_POINT('',#1284);
#1284 = CARTESIAN_POINT('',(8.,-22.,27.));
#1285 = SURFACE_CURVE('',#1286,(#1291,#1298),.PCURVE_S1.);
#1286 = CIRCLE('',#1287,10.);
#1287 = AXIS2_PLACEMENT_3D('',#1288,#1289,#1290);
#1288 = CARTESIAN_POINT('',(8.,-12.,27.));
#1289 = DIRECTION('',(-1.,0.,0.));
#1290 = DIRECTION('',(0.,1.,0.));
#1291 = PCURVE('',#476,#1292);
#1292 = DEFINITIONAL_REPRESENTATION('',(#1293),#1297);
#1293 = CIRCLE('',#1294,10.);
#1294 = AXIS2_PLACEMENT_2D('',#1295,#1296);
#1295 = CARTESIAN_POINT('',(12.645174496234,7.004417914848));
#1296 = DIRECTION('',(-1.,0.));
#1297 = ( GEOMETRIC_REPRESENTATION_CONTEXT(2) 
PARAMETRIC_REPRESENTATION_CONTEXT() REPRESENTATION_CONTEXT('2D SPACE',''
  ) );
#1298 = PCURVE('',#946,#1299);
#1299 = DEFINITIONAL_REPRESENTATION('',(#1300),#1304);
#1300 = LINE('',#1301,#1302);
#1301 = CARTESIAN_POINT('',(0.,0.));
#1302 = VECTOR('',#1303,1.);
#1303 = DIRECTION('',(1.,0.));
#1304 = ( GEOMETRIC_REPRESENTATION_CONTEXT(2) 
PARAMETRIC_REPRESENTATION_CONTEXT() REPRESENTATION_CONTEXT('2D SPACE',''
  ) );
#1305 = ORIENTED_EDGE('',*,*,#1306,.T.);
#1306 = EDGE_CURVE('',#1283,#1307,#1309,.T.);
#1307 = VERTEX_POINT('',#1308);
#1308 = CARTESIAN_POINT('',(8.,-6.264185779866,35.19148553268));
#1309 = SURFACE_CURVE('',#1310,(#1315,#1322),.PCURVE_S1.);
#1310 = CIRCLE('',#1311,10.);
#1311 = AXIS2_PLACEMENT_3D('',#1312,#1313,#1314);
#1312 = CARTESIAN_POINT('',(8.,-12.,27.));
#1313 = DIRECTION('',(-1.,0.,0.));
#1314 = DIRECTION('',(0.,1.,0.));
#1315 = PCURVE('',#476,#1316);
#1316 = DEFINITIONAL_REPRESENTATION('',(#1317),#1321);
#1317 = CIRCLE('',#1318,10.);
#1318 = AXIS2_PLACEMENT_2D('',#1319,#1320);
#1319 = CARTESIAN_POINT('',(12.645174496234,7.004417914848));
#1320 = DIRECTION('',(-1.,0.));
#1321 = ( GEOMETRIC_REPRESENTATION_CONTEXT(2) 
PARAMETRIC_REPRESENTATION_CONTEXT() REPRESENTATION_CONTEXT('2D SPACE',''
  ) );
#1322 = PCURVE('',#1323,#1328);
#1323 = CYLINDRICAL_SURFACE('',#1324,10.);
#1324 = AXIS2_PLACEMENT_3D('',#1325,#1326,#1327);
#1325 = CARTESIAN_POINT('',(8.,-12.,27.));
#1326 = DIRECTION('',(-1.,0.,0.));
#1327 = DIRECTION('',(0.,1.,0.));
#1328 = DEFINITIONAL_REPRESENTATION('',(#1329),#1333);
#1329 = LINE('',#1330,#1331);
#1330 = CARTESIAN_POINT('',(0.,0.));
#1331 = VECTOR('',#1332,1.);
#1332 = DIRECTION('',(1.,0.));
#1333 = ( GEOMETRIC_REPRESENTATION_CONTEXT(2) 
PARAMETRIC_REPRESENTATION_CONTEXT() REPRESENTATION_CONTEXT('2D SPACE',''
  ) );
#1334 = ORIENTED_EDGE('',*,*,#1335,.T.);
#1335 = EDGE_CURVE('',#1307,#461,#1336,.T.);
#1336 = SURFACE_CURVE('',#1337,(#1341,#1348),.PCURVE_S1.);
#1337 = LINE('',#1338,#1339);
#1338 = CARTESIAN_POINT('',(8.,-6.264185779866,35.19148553268));
#1339 = VECTOR('',#1340,1.);
#1340 = DIRECTION('',(0.,0.819148553268,-0.573581422013));
#1341 = PCURVE('',#476,#1342);
#1342 = DEFINITIONAL_REPRESENTATION('',(#1343),#1347);
#1343 = LINE('',#1344,#1345);
#1344 = CARTESIAN_POINT('',(6.909360276099,15.195903447528));
#1345 = VECTOR('',#1346,1.);
#1346 = DIRECTION('',(-0.819148553268,-0.573581422013));
#1347 = ( GEOMETRIC_REPRESENTATION_CONTEXT(2) 
PARAMETRIC_REPRESENTATION_CONTEXT() REPRESENTATION_CONTEXT('2D SPACE',''
  ) );
#1348 = PCURVE('',#504,#1349);
#1349 = DEFINITIONAL_REPRESENTATION('',(#1350),#1354);
#1350 = LINE('',#1351,#1352);
#1351 = CARTESIAN_POINT('',(0.,0.));
#1352 = VECTOR('',#1353,1.);
#1353 = DIRECTION('',(1.,0.));
#1354 = ( GEOMETRIC_REPRESENTATION_CONTEXT(2) 
PARAMETRIC_REPRESENTATION_CONTEXT() REPRESENTATION_CONTEXT('2D SPACE',''
  ) );
#1355 = ORIENTED_EDGE('',*,*,#460,.T.);
#1356 = ORIENTED_EDGE('',*,*,#881,.T.);
#1357 = ORIENTED_EDGE('',*,*,#958,.T.);
#1358 = FACE_BOUND('',#1359,.T.);
#1359 = EDGE_LOOP('',(#1360));
#1360 = ORIENTED_EDGE('',*,*,#1361,.T.);
#1361 = EDGE_CURVE('',#1362,#1362,#1364,.T.);
#1362 = VERTEX_POINT('',#1363);
#1363 = CARTESIAN_POINT('',(8.,-12.,23.));
#1364 = SURFACE_CURVE('',#1365,(#1370,#1381),.PCURVE_S1.);
#1365 = CIRCLE('',#1366,4.);
#1366 = AXIS2_PLACEMENT_3D('',#1367,#1368,#1369);
#1367 = CARTESIAN_POINT('',(8.,-12.,27.));
#1368 = DIRECTION('',(1.,0.,0.));
#1369 = DIRECTION('',(0.,0.,-1.));
#1370 = PCURVE('',#476,#1371);
#1371 = DEFINITIONAL_REPRESENTATION('',(#1372),#1380);
#1372 = ( BOUNDED_CURVE() B_SPLINE_CURVE(2,(#1373,#1374,#1375,#1376,
#1377,#1378,#1379),.UNSPECIFIED.,.T.,.F.) B_SPLINE_CURVE_WITH_KNOTS((1,2
    ,2,2,2,1),(-2.094395102393,0.,2.094395102393,4.188790204786,
6.28318530718,8.377580409573),.UNSPECIFIED.) CURVE() 
GEOMETRIC_REPRESENTATION_ITEM() RATIONAL_B_SPLINE_CURVE((1.,0.5,1.,0.5,
1.,0.5,1.)) REPRESENTATION_ITEM('') );
#1373 = CARTESIAN_POINT('',(12.645174496234,3.004417914848));
#1374 = CARTESIAN_POINT('',(5.716971265958,3.004417914848));
#1375 = CARTESIAN_POINT('',(9.181072881096,9.004417914848));
#1376 = CARTESIAN_POINT('',(12.645174496234,15.004417914848));
#1377 = CARTESIAN_POINT('',(16.109276111372,9.004417914848));
#1378 = CARTESIAN_POINT('',(19.573377726509,3.004417914848));
#1379 = CARTESIAN_POINT('',(12.645174496234,3.004417914848));
#1380 = ( GEOMETRIC_REPRESENTATION_CONTEXT(2) 
PARAMETRIC_REPRESENTATION_CONTEXT() REPRESENTATION_CONTEXT('2D SPACE',''
  ) );
#1381 = PCURVE('',#1382,#1387);
#1382 = CYLINDRICAL_SURFACE('',#1383,4.);
#1383 = AXIS2_PLACEMENT_3D('',#1384,#1385,#1386);
#1384 = CARTESIAN_POINT('',(2.,-12.,27.));
#1385 = DIRECTION('',(1.,0.,0.));
#1386 = DIRECTION('',(0.,0.,-1.));
#1387 = DEFINITIONAL_REPRESENTATION('',(#1388),#1392);
#1388 = LINE('',#1389,#1390);
#1389 = CARTESIAN_POINT('',(0.,6.));
#1390 = VECTOR('',#1391,1.);
#1391 = DIRECTION('',(1.,0.));
#1392 = ( GEOMETRIC_REPRESENTATION_CONTEXT(2) 
PARAMETRIC_REPRESENTATION_CONTEXT() REPRESENTATION_CONTEXT('2D SPACE',''
  ) );
#1393 = ADVANCED_FACE('',(#1394),#504,.T.);
#1394 = FACE_BOUND('',#1395,.T.);
#1395 = EDGE_LOOP('',(#1396,#1419,#1440,#1441));
#1396 = ORIENTED_EDGE('',*,*,#1397,.T.);
#1397 = EDGE_CURVE('',#1307,#1398,#1400,.T.);
#1398 = VERTEX_POINT('',#1399);
#1399 = CARTESIAN_POINT('',(14.,-6.264185779866,35.19148553268));
#1400 = SURFACE_CURVE('',#1401,(#1405,#1412),.PCURVE_S1.);
#1401 = LINE('',#1402,#1403);
#1402 = CARTESIAN_POINT('',(8.,-6.264185779866,35.19148553268));
#1403 = VECTOR('',#1404,1.);
#1404 = DIRECTION('',(1.,-0.,-0.));
#1405 = PCURVE('',#504,#1406);
#1406 = DEFINITIONAL_REPRESENTATION('',(#1407),#1411);
#1407 = LINE('',#1408,#1409);
#1408 = CARTESIAN_POINT('',(0.,0.));
#1409 = VECTOR('',#1410,1.);
#1410 = DIRECTION('',(0.,-1.));
#1411 = ( GEOMETRIC_REPRESENTATION_CONTEXT(2) 
PARAMETRIC_REPRESENTATION_CONTEXT() REPRESENTATION_CONTEXT('2D SPACE',''
  ) );
#1412 = PCURVE('',#1323,#1413);
#1413 = DEFINITIONAL_REPRESENTATION('',(#1414),#1418);
#1414 = LINE('',#1415,#1416);
#1415 = CARTESIAN_POINT('',(5.323260304966,0.));
#1416 = VECTOR('',#1417,1.);
#1417 = DIRECTION('',(0.,-1.));
#1418 = ( GEOMETRIC_REPRESENTATION_CONTEXT(2) 
PARAMETRIC_REPRESENTATION_CONTEXT() REPRESENTATION_CONTEXT('2D SPACE',''
  ) );
#1419 = ORIENTED_EDGE('',*,*,#1420,.T.);
#1420 = EDGE_CURVE('',#1398,#489,#1421,.T.);
#1421 = SURFACE_CURVE('',#1422,(#1426,#1433),.PCURVE_S1.);
#1422 = LINE('',#1423,#1424);
#1423 = CARTESIAN_POINT('',(14.,-6.264185779866,35.19148553268));
#1424 = VECTOR('',#1425,1.);
#1425 = DIRECTION('',(0.,0.819148553268,-0.573581422013));
#1426 = PCURVE('',#504,#1427);
#1427 = DEFINITIONAL_REPRESENTATION('',(#1428),#1432);
#1428 = LINE('',#1429,#1430);
#1429 = CARTESIAN_POINT('',(0.,-6.));
#1430 = VECTOR('',#1431,1.);
#1431 = DIRECTION('',(1.,0.));
#1432 = ( GEOMETRIC_REPRESENTATION_CONTEXT(2) 
PARAMETRIC_REPRESENTATION_CONTEXT() REPRESENTATION_CONTEXT('2D SPACE',''
  ) );
#1433 = PCURVE('',#532,#1434);
#1434 = DEFINITIONAL_REPRESENTATION('',(#1435),#1439);
#1435 = LINE('',#1436,#1437);
#1436 = CARTESIAN_POINT('',(6.909360276099,15.195903447528));
#1437 = VECTOR('',#1438,1.);
#1438 = DIRECTION('',(-0.819148553268,-0.573581422013));
#1439 = ( GEOMETRIC_REPRESENTATION_CONTEXT(2) 
PARAMETRIC_REPRESENTATION_CONTEXT() REPRESENTATION_CONTEXT('2D SPACE',''
  ) );
#1440 = ORIENTED_EDGE('',*,*,#488,.F.);
#1441 = ORIENTED_EDGE('',*,*,#1335,.F.);
#1442 = ADVANCED_FACE('',(#1443,#1495),#532,.F.);
#1443 = FACE_BOUND('',#1444,.F.);
#1444 = EDGE_LOOP('',(#1445,#1469,#1491,#1492,#1493,#1494));
#1445 = ORIENTED_EDGE('',*,*,#1446,.T.);
#1446 = EDGE_CURVE('',#908,#1447,#1449,.T.);
#1447 = VERTEX_POINT('',#1448);
#1448 = CARTESIAN_POINT('',(14.,-22.,27.));
#1449 = SURFACE_CURVE('',#1450,(#1455,#1462),.PCURVE_S1.);
#1450 = CIRCLE('',#1451,10.);
#1451 = AXIS2_PLACEMENT_3D('',#1452,#1453,#1454);
#1452 = CARTESIAN_POINT('',(14.,-12.,27.));
#1453 = DIRECTION('',(-1.,0.,0.));
#1454 = DIRECTION('',(0.,1.,0.));
#1455 = PCURVE('',#532,#1456);
#1456 = DEFINITIONAL_REPRESENTATION('',(#1457),#1461);
#1457 = CIRCLE('',#1458,10.);
#1458 = AXIS2_PLACEMENT_2D('',#1459,#1460);
#1459 = CARTESIAN_POINT('',(12.645174496234,7.004417914848));
#1460 = DIRECTION('',(-1.,0.));
#1461 = ( GEOMETRIC_REPRESENTATION_CONTEXT(2) 
PARAMETRIC_REPRESENTATION_CONTEXT() REPRESENTATION_CONTEXT('2D SPACE',''
  ) );
#1462 = PCURVE('',#946,#1463);
#1463 = DEFINITIONAL_REPRESENTATION('',(#1464),#1468);
#1464 = LINE('',#1465,#1466);
#1465 = CARTESIAN_POINT('',(0.,-6.));
#1466 = VECTOR('',#1467,1.);
#1467 = DIRECTION('',(1.,0.));
#1468 = ( GEOMETRIC_REPRESENTATION_CONTEXT(2) 
PARAMETRIC_REPRESENTATION_CONTEXT() REPRESENTATION_CONTEXT('2D SPACE',''
  ) );
#1469 = ORIENTED_EDGE('',*,*,#1470,.T.);
#1470 = EDGE_CURVE('',#1447,#1398,#1471,.T.);
#1471 = SURFACE_CURVE('',#1472,(#1477,#1484),.PCURVE_S1.);
#1472 = CIRCLE('',#1473,10.);
#1473 = AXIS2_PLACEMENT_3D('',#1474,#1475,#1476);
#1474 = CARTESIAN_POINT('',(14.,-12.,27.));
#1475 = DIRECTION('',(-1.,0.,0.));
#1476 = DIRECTION('',(0.,1.,0.));
#1477 = PCURVE('',#532,#1478);
#1478 = DEFINITIONAL_REPRESENTATION('',(#1479),#1483);
#1479 = CIRCLE('',#1480,10.);
#1480 = AXIS2_PLACEMENT_2D('',#1481,#1482);
#1481 = CARTESIAN_POINT('',(12.645174496234,7.004417914848));
#1482 = DIRECTION('',(-1.,0.));
#1483 = ( GEOMETRIC_REPRESENTATION_CONTEXT(2) 
PARAMETRIC_REPRESENTATION_CONTEXT() REPRESENTATION_CONTEXT('2D SPACE',''
  ) );
#1484 = PCURVE('',#1323,#1485);
#1485 = DEFINITIONAL_REPRESENTATION('',(#1486),#1490);
#1486 = LINE('',#1487,#1488);
#1487 = CARTESIAN_POINT('',(0.,-6.));
#1488 = VECTOR('',#1489,1.);
#1489 = DIRECTION('',(1.,0.));
#1490 = ( GEOMETRIC_REPRESENTATION_CONTEXT(2) 
PARAMETRIC_REPRESENTATION_CONTEXT() REPRESENTATION_CONTEXT('2D SPACE',''
  ) );
#1491 = ORIENTED_EDGE('',*,*,#1420,.T.);
#1492 = ORIENTED_EDGE('',*,*,#516,.T.);
#1493 = ORIENTED_EDGE('',*,*,#982,.T.);
#1494 = ORIENTED_EDGE('',*,*,#907,.T.);
#1495 = FACE_BOUND('',#1496,.F.);
#1496 = EDGE_LOOP('',(#1497));
#1497 = ORIENTED_EDGE('',*,*,#1498,.T.);
#1498 = EDGE_CURVE('',#1499,#1499,#1501,.T.);
#1499 = VERTEX_POINT('',#1500);
#1500 = CARTESIAN_POINT('',(14.,-12.,23.));
#1501 = SURFACE_CURVE('',#1502,(#1507,#1518),.PCURVE_S1.);
#1502 = CIRCLE('',#1503,4.);
#1503 = AXIS2_PLACEMENT_3D('',#1504,#1505,#1506);
#1504 = CARTESIAN_POINT('',(14.,-12.,27.));
#1505 = DIRECTION('',(1.,0.,0.));
#1506 = DIRECTION('',(0.,0.,-1.));
#1507 = PCURVE('',#532,#1508);
#1508 = DEFINITIONAL_REPRESENTATION('',(#1509),#1517);
#1509 = ( BOUNDED_CURVE() B_SPLINE_CURVE(2,(#1510,#1511,#1512,#1513,
#1514,#1515,#1516),.UNSPECIFIED.,.T.,.F.) B_SPLINE_CURVE_WITH_KNOTS((1,2
    ,2,2,2,1),(-2.094395102393,0.,2.094395102393,4.188790204786,
6.28318530718,8.377580409573),.UNSPECIFIED.) CURVE() 
GEOMETRIC_REPRESENTATION_ITEM() RATIONAL_B_SPLINE_CURVE((1.,0.5,1.,0.5,
1.,0.5,1.)) REPRESENTATION_ITEM('') );
#1510 = CARTESIAN_POINT('',(12.645174496234,3.004417914848));
#1511 = CARTESIAN_POINT('',(5.716971265958,3.004417914848));
#1512 = CARTESIAN_POINT('',(9.181072881096,9.004417914848));
#1513 = CARTESIAN_POINT('',(12.645174496234,15.004417914848));
#1514 = CARTESIAN_POINT('',(16.109276111372,9.004417914848));
#1515 = CARTESIAN_POINT('',(19.573377726509,3.004417914848));
#1516 = CARTESIAN_POINT('',(12.645174496234,3.004417914848));
#1517 = ( GEOMETRIC_REPRESENTATION_CONTEXT(2) 
PARAMETRIC_REPRESENTATION_CONTEXT() REPRESENTATION_CONTEXT('2D SPACE',''
  ) );
#1518 = PCURVE('',#1382,#1519);
#1519 = DEFINITIONAL_REPRESENTATION('',(#1520),#1524);
#1520 = LINE('',#1521,#1522);
#1521 = CARTESIAN_POINT('',(0.,12.));
#1522 = VECTOR('',#1523,1.);
#1523 = DIRECTION('',(1.,0.));
#1524 = ( GEOMETRIC_REPRESENTATION_CONTEXT(2) 
PARAMETRIC_REPRESENTATION_CONTEXT() REPRESENTATION_CONTEXT('2D SPACE',''
  ) );
#1525 = ADVANCED_FACE('',(#1526),#657,.F.);
#1526 = FACE_BOUND('',#1527,.T.);
#1527 = EDGE_LOOP('',(#1528,#1549,#1550,#1551));
#1528 = ORIENTED_EDGE('',*,*,#1529,.T.);
#1529 = EDGE_CURVE('',#641,#730,#1530,.T.);
#1530 = SEAM_CURVE('',#1531,(#1535,#1542),.PCURVE_S1.);
#1531 = LINE('',#1532,#1533);
#1532 = CARTESIAN_POINT('',(-18.,12.,0.));
#1533 = VECTOR('',#1534,1.);
#1534 = DIRECTION('',(0.,0.,1.));
#1535 = PCURVE('',#657,#1536);
#1536 = DEFINITIONAL_REPRESENTATION('',(#1537),#1541);
#1537 = LINE('',#1538,#1539);
#1538 = CARTESIAN_POINT('',(-0.,0.));
#1539 = VECTOR('',#1540,1.);
#1540 = DIRECTION('',(-0.,-1.));
#1541 = ( GEOMETRIC_REPRESENTATION_CONTEXT(2) 
PARAMETRIC_REPRESENTATION_CONTEXT() REPRESENTATION_CONTEXT('2D SPACE',''
  ) );
#1542 = PCURVE('',#657,#1543);
#1543 = DEFINITIONAL_REPRESENTATION('',(#1544),#1548);
#1544 = LINE('',#1545,#1546);
#1545 = CARTESIAN_POINT('',(-6.28318530718,0.));
#1546 = VECTOR('',#1547,1.);
#1547 = DIRECTION('',(-0.,-1.));
#1548 = ( GEOMETRIC_REPRESENTATION_CONTEXT(2) 
PARAMETRIC_REPRESENTATION_CONTEXT() REPRESENTATION_CONTEXT('2D SPACE',''
  ) );
#1549 = ORIENTED_EDGE('',*,*,#729,.T.);
#1550 = ORIENTED_EDGE('',*,*,#1529,.F.);
#1551 = ORIENTED_EDGE('',*,*,#640,.F.);
#1552 = ADVANCED_FACE('',(#1553),#688,.F.);
#1553 = FACE_BOUND('',#1554,.T.);
#1554 = EDGE_LOOP('',(#1555,#1576,#1577,#1578));
#1555 = ORIENTED_EDGE('',*,*,#1556,.T.);
#1556 = EDGE_CURVE('',#672,#1009,#1557,.T.);
#1557 = SEAM_CURVE('',#1558,(#1562,#1569),.PCURVE_S1.);
#1558 = LINE('',#1559,#1560);
#1559 = CARTESIAN_POINT('',(27.,12.,0.));
#1560 = VECTOR('',#1561,1.);
#1561 = DIRECTION('',(0.,0.,1.));
#1562 = PCURVE('',#688,#1563);
#1563 = DEFINITIONAL_REPRESENTATION('',(#1564),#1568);
#1564 = LINE('',#1565,#1566);
#1565 = CARTESIAN_POINT('',(-0.,0.));
#1566 = VECTOR('',#1567,1.);
#1567 = DIRECTION('',(-0.,-1.));
#1568 = ( GEOMETRIC_REPRESENTATION_CONTEXT(2) 
PARAMETRIC_REPRESENTATION_CONTEXT() REPRESENTATION_CONTEXT('2D SPACE',''
  ) );
#1569 = PCURVE('',#688,#1570);
#1570 = DEFINITIONAL_REPRESENTATION('',(#1571),#1575);
#1571 = LINE('',#1572,#1573);
#1572 = CARTESIAN_POINT('',(-6.28318530718,0.));
#1573 = VECTOR('',#1574,1.);
#1574 = DIRECTION('',(-0.,-1.));
#1575 = ( GEOMETRIC_REPRESENTATION_CONTEXT(2) 
PARAMETRIC_REPRESENTATION_CONTEXT() REPRESENTATION_CONTEXT('2D SPACE',''
  ) );
#1576 = ORIENTED_EDGE('',*,*,#1008,.T.);
#1577 = ORIENTED_EDGE('',*,*,#1556,.F.);
#1578 = ORIENTED_EDGE('',*,*,#671,.F.);
#1579 = ADVANCED_FACE('',(#1580),#823,.T.);
#1580 = FACE_BOUND('',#1581,.T.);
#1581 = EDGE_LOOP('',(#1582,#1583,#1584,#1585));
#1582 = ORIENTED_EDGE('',*,*,#1035,.F.);
#1583 = ORIENTED_EDGE('',*,*,#807,.T.);
#1584 = ORIENTED_EDGE('',*,*,#1199,.T.);
#1585 = ORIENTED_EDGE('',*,*,#1586,.F.);
#1586 = EDGE_CURVE('',#1036,#1200,#1587,.T.);
#1587 = SURFACE_CURVE('',#1588,(#1619,#1653),.PCURVE_S1.);
#1588 = B_SPLINE_CURVE_WITH_KNOTS('',8,(#1589,#1590,#1591,#1592,#1593,
    #1594,#1595,#1596,#1597,#1598,#1599,#1600,#1601,#1602,#1603,#1604,
    #1605,#1606,#1607,#1608,#1609,#1610,#1611,#1612,#1613,#1614,#1615,
    #1616,#1617,#1618),.UNSPECIFIED.,.F.,.F.,(9,7,7,7,9),(0.,
    0.216164553748,0.501297041694,0.725562136725,1.),.UNSPECIFIED.);
#1589 = CARTESIAN_POINT('',(-14.,-22.,27.));
#1590 = CARTESIAN_POINT('',(-14.,-22.,26.687949598178));
#1591 = CARTESIAN_POINT('',(-13.96290502052,-21.98887097216,
    26.383044019419));
#1592 = CARTESIAN_POINT('',(-13.89168519988,-21.96750719221,
    26.090271820532));
#1593 = CARTESIAN_POINT('',(-13.78997692661,-21.93769234978,
    25.814005332492));
#1594 = CARTESIAN_POINT('',(-13.66211287315,-21.90185961949,
    25.55794359512));
#1595 = CARTESIAN_POINT('',(-13.51315998338,-21.86272742285,
    25.324986371231));
#1596 = CARTESIAN_POINT('',(-13.34895449945,-21.82289133055,
    25.117062552955));
#1597 = CARTESIAN_POINT('',(-12.94814936641,-21.73374977573,
    24.694702069638));
#1598 = CARTESIAN_POINT('',(-12.69842468849,-21.68397942861,
    24.492249097309));
#1599 = CARTESIAN_POINT('',(-12.4331956488,-21.63857910034,
    24.326185656099));
#1600 = CARTESIAN_POINT('',(-12.15692121962,-21.60003345196,
    24.195002554613));
#1601 = CARTESIAN_POINT('',(-11.87298047523,-21.57003068814,
    24.097423638034));
#1602 = CARTESIAN_POINT('',(-11.58404747416,-21.54963115238,
    24.032558828859));
#1603 = CARTESIAN_POINT('',(-11.2923463955,-21.53939201416,24.));
#1604 = CARTESIAN_POINT('',(-10.77006095432,-21.53939201416,24.));
#1605 = CARTESIAN_POINT('',(-10.5403207524,-21.54572638669,
    24.020141326383));
#1606 = CARTESIAN_POINT('',(-10.31190965262,-21.55837559529,
    24.060365102827));
#1607 = CARTESIAN_POINT('',(-10.08600093994,-21.57712280515,
    24.120808274107));
#1608 = CARTESIAN_POINT('',(-9.863875847924,-21.60154457997,
    24.201780162733));
#1609 = CARTESIAN_POINT('',(-9.647011588565,-21.63098988655,
    24.303735250716));
#1610 = CARTESIAN_POINT('',(-9.437192490177,-21.66454740738,
    24.427242186473));
#1611 = CARTESIAN_POINT('',(-8.991229180213,-21.74561037778,
    24.751253497092));
#1612 = CARTESIAN_POINT('',(-8.752590063934,-21.79584904876,
    24.967966014135));
#1613 = CARTESIAN_POINT('',(-8.530884520138,-21.84908045457,
    25.224253679947));
#1614 = CARTESIAN_POINT('',(-8.335782293476,-21.90120355495,
    25.519116160408));
#1615 = CARTESIAN_POINT('',(-8.176460587049,-21.94706249562,
    25.849637355946));
#1616 = CARTESIAN_POINT('',(-8.061702771129,-21.98148903793,
    26.211208689826));
#1617 = CARTESIAN_POINT('',(-8.,-22.,26.597544589225));
#1618 = CARTESIAN_POINT('',(-8.,-22.,27.));
#1619 = PCURVE('',#823,#1620);
#1620 = DEFINITIONAL_REPRESENTATION('',(#1621),#1652);
#1621 = B_SPLINE_CURVE_WITH_KNOTS('',8,(#1622,#1623,#1624,#1625,#1626,
    #1627,#1628,#1629,#1630,#1631,#1632,#1633,#1634,#1635,#1636,#1637,
    #1638,#1639,#1640,#1641,#1642,#1643,#1644,#1645,#1646,#1647,#1648,
    #1649,#1650,#1651),.UNSPECIFIED.,.F.,.F.,(9,7,7,7,9),(0.,
    0.216164553748,0.501297041694,0.725562136725,1.),.UNSPECIFIED.);
#1622 = CARTESIAN_POINT('',(3.14159265359,0.));
#1623 = CARTESIAN_POINT('',(3.110387613408,0.));
#1624 = CARTESIAN_POINT('',(3.079897024562,-3.709497947413E-02));
#1625 = CARTESIAN_POINT('',(3.050573630656,-0.108314800118));
#1626 = CARTESIAN_POINT('',(3.022816753655,-0.210023073387));
#1627 = CARTESIAN_POINT('',(2.996981932323,-0.33788712685));
#1628 = CARTESIAN_POINT('',(2.973370305797,-0.486840016615));
#1629 = CARTESIAN_POINT('',(2.952203482959,-0.651045500541));
#1630 = CARTESIAN_POINT('',(2.909036991943,-1.05185063359));
#1631 = CARTESIAN_POINT('',(2.888200285683,-1.301575311508));
#1632 = CARTESIAN_POINT('',(2.870991791618,-1.5668043512));
#1633 = CARTESIAN_POINT('',(2.857321270062,-1.843078780377));
#1634 = CARTESIAN_POINT('',(2.847112797164,-2.127019524767));
#1635 = CARTESIAN_POINT('',(2.840313084377,-2.415952525832));
#1636 = CARTESIAN_POINT('',(2.836899999574,-2.707653604495));
#1637 = CARTESIAN_POINT('',(2.836899999574,-3.229939045676));
#1638 = CARTESIAN_POINT('',(2.839011402828,-3.459679247594));
#1639 = CARTESIAN_POINT('',(2.843227953742,-3.688090347378));
#1640 = CARTESIAN_POINT('',(2.849556292155,-3.913999060053));
#1641 = CARTESIAN_POINT('',(2.858013203748,-4.136124152076));
#1642 = CARTESIAN_POINT('',(2.868623642486,-4.352988411435));
#1643 = CARTESIAN_POINT('',(2.881419525099,-4.562807509823));
#1644 = CARTESIAN_POINT('',(2.914819305724,-5.008770819787));
#1645 = CARTESIAN_POINT('',(2.937061901082,-5.247409936067));
#1646 = CARTESIAN_POINT('',(2.963225820295,-5.469115479862));
#1647 = CARTESIAN_POINT('',(2.9931404928,-5.664217706524));
#1648 = CARTESIAN_POINT('',(3.026457017159,-5.823539412951));
#1649 = CARTESIAN_POINT('',(3.062713530038,-5.938297228871));
#1650 = CARTESIAN_POINT('',(3.101347112512,-6.));
#1651 = CARTESIAN_POINT('',(3.14159265359,-6.));
#1652 = ( GEOMETRIC_REPRESENTATION_CONTEXT(2) 
PARAMETRIC_REPRESENTATION_CONTEXT() REPRESENTATION_CONTEXT('2D SPACE',''
  ) );
#1653 = PCURVE('',#1654,#1659);
#1654 = CYLINDRICAL_SURFACE('',#1655,3.);
#1655 = AXIS2_PLACEMENT_3D('',#1656,#1657,#1658);
#1656 = CARTESIAN_POINT('',(-11.,-19.,27.));
#1657 = DIRECTION('',(0.,-1.,0.));
#1658 = DIRECTION('',(1.,0.,0.));
#1659 = DEFINITIONAL_REPRESENTATION('',(#1660),#1691);
#1660 = B_SPLINE_CURVE_WITH_KNOTS('',8,(#1661,#1662,#1663,#1664,#1665,
    #1666,#1667,#1668,#1669,#1670,#1671,#1672,#1673,#1674,#1675,#1676,
    #1677,#1678,#1679,#1680,#1681,#1682,#1683,#1684,#1685,#1686,#1687,
    #1688,#1689,#1690),.UNSPECIFIED.,.F.,.F.,(9,7,7,7,9),(0.,
    0.216164553748,0.501297041694,0.725562136725,1.),.UNSPECIFIED.);
#1661 = CARTESIAN_POINT('',(3.14159265359,3.));
#1662 = CARTESIAN_POINT('',(3.245609454197,3.));
#1663 = CARTESIAN_POINT('',(3.34724457476,2.98887097216));
#1664 = CARTESIAN_POINT('',(3.446550436421,2.967507192217));
#1665 = CARTESIAN_POINT('',(3.54345411575,2.937692349784));
#1666 = CARTESIAN_POINT('',(3.637768868633,2.901859619498));
#1667 = CARTESIAN_POINT('',(3.729166428002,2.862727422858));
#1668 = CARTESIAN_POINT('',(3.817117874376,2.822891330553));
#1669 = CARTESIAN_POINT('',(4.011206380117,2.73374977573));
#1670 = CARTESIAN_POINT('',(4.11745785416,2.683979428619));
#1671 = CARTESIAN_POINT('',(4.220516225371,2.638579100349));
#1672 = CARTESIAN_POINT('',(4.321134603304,2.600033451964));
#1673 = CARTESIAN_POINT('',(4.419984794621,2.570030688143));
#1674 = CARTESIAN_POINT('',(4.517706700327,2.549631152381));
#1675 = CARTESIAN_POINT('',(4.614940181883,2.539392014169));
#1676 = CARTESIAN_POINT('',(4.789035328943,2.539392014169));
#1677 = CARTESIAN_POINT('',(4.865615938244,2.545726386695));
#1678 = CARTESIAN_POINT('',(4.942437731854,2.558375595291));
#1679 = CARTESIAN_POINT('',(5.01979481646,2.577122805158));
#1680 = CARTESIAN_POINT('',(5.097979336626,2.601544579972));
#1681 = CARTESIAN_POINT('',(5.177295545158,2.630989886553));
#1682 = CARTESIAN_POINT('',(5.25807708906,2.664547407381));
#1683 = CARTESIAN_POINT('',(5.441824077922,2.745610377783));
#1684 = CARTESIAN_POINT('',(5.548638786526,2.795849048768));
#1685 = CARTESIAN_POINT('',(5.660214940143,2.849080454573));
#1686 = CARTESIAN_POINT('',(5.776075960552,2.901203554957));
#1687 = CARTESIAN_POINT('',(5.896053297431,2.94706249562));
#1688 = CARTESIAN_POINT('',(6.020254659883,2.98148903793));
#1689 = CARTESIAN_POINT('',(6.149033503588,3.));
#1690 = CARTESIAN_POINT('',(6.28318530718,3.));
#1691 = ( GEOMETRIC_REPRESENTATION_CONTEXT(2) 
PARAMETRIC_REPRESENTATION_CONTEXT() REPRESENTATION_CONTEXT('2D SPACE',''
  ) );
#1692 = ADVANCED_FACE('',(#1693),#946,.T.);
#1693 = FACE_BOUND('',#1694,.T.);
#1694 = EDGE_LOOP('',(#1695,#1696,#1697,#1698));
#1695 = ORIENTED_EDGE('',*,*,#1282,.F.);
#1696 = ORIENTED_EDGE('',*,*,#930,.T.);
#1697 = ORIENTED_EDGE('',*,*,#1446,.T.);
#1698 = ORIENTED_EDGE('',*,*,#1699,.F.);
#1699 = EDGE_CURVE('',#1283,#1447,#1700,.T.);
#1700 = SURFACE_CURVE('',#1701,(#1732,#1766),.PCURVE_S1.);
#1701 = B_SPLINE_CURVE_WITH_KNOTS('',8,(#1702,#1703,#1704,#1705,#1706,
    #1707,#1708,#1709,#1710,#1711,#1712,#1713,#1714,#1715,#1716,#1717,
    #1718,#1719,#1720,#1721,#1722,#1723,#1724,#1725,#1726,#1727,#1728,
    #1729,#1730,#1731),.UNSPECIFIED.,.F.,.F.,(9,7,7,7,9),(0.,
    0.216164553748,0.501297041694,0.725562136725,1.),.UNSPECIFIED.);
#1702 = CARTESIAN_POINT('',(8.,-22.,27.));
#1703 = CARTESIAN_POINT('',(8.,-22.,26.687949598178));
#1704 = CARTESIAN_POINT('',(8.037094979474,-21.98887097216,
    26.383044019419));
#1705 = CARTESIAN_POINT('',(8.108314800118,-21.96750719221,
    26.090271820532));
#1706 = CARTESIAN_POINT('',(8.210023073387,-21.93769234978,
    25.814005332492));
#1707 = CARTESIAN_POINT('',(8.33788712685,-21.90185961949,25.55794359512
    ));
#1708 = CARTESIAN_POINT('',(8.486840016615,-21.86272742285,
    25.324986371231));
#1709 = CARTESIAN_POINT('',(8.651045500541,-21.82289133055,
    25.117062552955));
#1710 = CARTESIAN_POINT('',(9.05185063359,-21.73374977573,
    24.694702069638));
#1711 = CARTESIAN_POINT('',(9.301575311508,-21.68397942861,
    24.492249097309));
#1712 = CARTESIAN_POINT('',(9.5668043512,-21.63857910034,24.326185656099
    ));
#1713 = CARTESIAN_POINT('',(9.843078780376,-21.60003345196,
    24.195002554613));
#1714 = CARTESIAN_POINT('',(10.127019524767,-21.57003068814,
    24.097423638034));
#1715 = CARTESIAN_POINT('',(10.415952525832,-21.54963115238,
    24.032558828859));
#1716 = CARTESIAN_POINT('',(10.707653604495,-21.53939201416,24.));
#1717 = CARTESIAN_POINT('',(11.229939045676,-21.53939201416,24.));
#1718 = CARTESIAN_POINT('',(11.459679247594,-21.54572638669,
    24.020141326383));
#1719 = CARTESIAN_POINT('',(11.688090347378,-21.55837559529,
    24.060365102827));
#1720 = CARTESIAN_POINT('',(11.913999060053,-21.57712280515,
    24.120808274107));
#1721 = CARTESIAN_POINT('',(12.136124152076,-21.60154457997,
    24.201780162733));
#1722 = CARTESIAN_POINT('',(12.352988411435,-21.63098988655,
    24.303735250716));
#1723 = CARTESIAN_POINT('',(12.562807509823,-21.66454740738,
    24.427242186473));
#1724 = CARTESIAN_POINT('',(13.008770819787,-21.74561037778,
    24.751253497092));
#1725 = CARTESIAN_POINT('',(13.247409936066,-21.79584904876,
    24.967966014135));
#1726 = CARTESIAN_POINT('',(13.469115479862,-21.84908045457,
    25.224253679947));
#1727 = CARTESIAN_POINT('',(13.664217706524,-21.90120355495,
    25.519116160408));
#1728 = CARTESIAN_POINT('',(13.823539412951,-21.94706249562,
    25.849637355946));
#1729 = CARTESIAN_POINT('',(13.938297228871,-21.98148903793,
    26.211208689826));
#1730 = CARTESIAN_POINT('',(14.,-22.,26.597544589225));
#1731 = CARTESIAN_POINT('',(14.,-22.,27.));
#1732 = PCURVE('',#946,#1733);
#1733 = DEFINITIONAL_REPRESENTATION('',(#1734),#1765);
#1734 = B_SPLINE_CURVE_WITH_KNOTS('',8,(#1735,#1736,#1737,#1738,#1739,
    #1740,#1741,#1742,#1743,#1744,#1745,#1746,#1747,#1748,#1749,#1750,
    #1751,#1752,#1753,#1754,#1755,#1756,#1757,#1758,#1759,#1760,#1761,
    #1762,#1763,#1764),.UNSPECIFIED.,.F.,.F.,(9,7,7,7,9),(0.,
    0.216164553748,0.501297041694,0.725562136725,1.),.UNSPECIFIED.);
#1735 = CARTESIAN_POINT('',(3.14159265359,0.));
#1736 = CARTESIAN_POINT('',(3.110387613408,0.));
#1737 = CARTESIAN_POINT('',(3.079897024562,-3.709497947413E-02));
#1738 = CARTESIAN_POINT('',(3.050573630656,-0.108314800118));
#1739 = CARTESIAN_POINT('',(3.022816753655,-0.210023073387));
#1740 = CARTESIAN_POINT('',(2.996981932323,-0.33788712685));
#1741 = CARTESIAN_POINT('',(2.973370305797,-0.486840016615));
#1742 = CARTESIAN_POINT('',(2.952203482959,-0.651045500541));
#1743 = CARTESIAN_POINT('',(2.909036991943,-1.05185063359));
#1744 = CARTESIAN_POINT('',(2.888200285683,-1.301575311508));
#1745 = CARTESIAN_POINT('',(2.870991791618,-1.5668043512));
#1746 = CARTESIAN_POINT('',(2.857321270062,-1.843078780377));
#1747 = CARTESIAN_POINT('',(2.847112797164,-2.127019524767));
#1748 = CARTESIAN_POINT('',(2.840313084377,-2.415952525832));
#1749 = CARTESIAN_POINT('',(2.836899999574,-2.707653604495));
#1750 = CARTESIAN_POINT('',(2.836899999574,-3.229939045676));
#1751 = CARTESIAN_POINT('',(2.839011402828,-3.459679247594));
#1752 = CARTESIAN_POINT('',(2.843227953742,-3.688090347378));
#1753 = CARTESIAN_POINT('',(2.849556292155,-3.913999060053));
#1754 = CARTESIAN_POINT('',(2.858013203748,-4.136124152076));
#1755 = CARTESIAN_POINT('',(2.868623642486,-4.352988411435));
#1756 = CARTESIAN_POINT('',(2.881419525099,-4.562807509823));
#1757 = CARTESIAN_POINT('',(2.914819305724,-5.008770819787));
#1758 = CARTESIAN_POINT('',(2.937061901082,-5.247409936067));
#1759 = CARTESIAN_POINT('',(2.963225820295,-5.469115479862));
#1760 = CARTESIAN_POINT('',(2.9931404928,-5.664217706524));
#1761 = CARTESIAN_POINT('',(3.026457017159,-5.823539412951));
#1762 = CARTESIAN_POINT('',(3.062713530038,-5.938297228871));
#1763 = CARTESIAN_POINT('',(3.101347112512,-6.));
#1764 = CARTESIAN_POINT('',(3.14159265359,-6.));
#1765 = ( GEOMETRIC_REPRESENTATION_CONTEXT(2) 
PARAMETRIC_REPRESENTATION_CONTEXT() REPRESENTATION_CONTEXT('2D SPACE',''
  ) );
#1766 = PCURVE('',#1767,#1772);
#1767 = CYLINDRICAL_SURFACE('',#1768,3.);
#1768 = AXIS2_PLACEMENT_3D('',#1769,#1770,#1771);
#1769 = CARTESIAN_POINT('',(11.,-19.,27.));
#1770 = DIRECTION('',(0.,-1.,0.));
#1771 = DIRECTION('',(1.,0.,0.));
#1772 = DEFINITIONAL_REPRESENTATION('',(#1773),#1804);
#1773 = B_SPLINE_CURVE_WITH_KNOTS('',8,(#1774,#1775,#1776,#1777,#1778,
    #1779,#1780,#1781,#1782,#1783,#1784,#1785,#1786,#1787,#1788,#1789,
    #1790,#1791,#1792,#1793,#1794,#1795,#1796,#1797,#1798,#1799,#1800,
    #1801,#1802,#1803),.UNSPECIFIED.,.F.,.F.,(9,7,7,7,9),(0.,
    0.216164553748,0.501297041694,0.725562136725,1.),.UNSPECIFIED.);
#1774 = CARTESIAN_POINT('',(3.14159265359,3.));
#1775 = CARTESIAN_POINT('',(3.245609454197,3.));
#1776 = CARTESIAN_POINT('',(3.34724457476,2.98887097216));
#1777 = CARTESIAN_POINT('',(3.446550436421,2.967507192217));
#1778 = CARTESIAN_POINT('',(3.54345411575,2.937692349784));
#1779 = CARTESIAN_POINT('',(3.637768868633,2.901859619498));
#1780 = CARTESIAN_POINT('',(3.729166428002,2.862727422858));
#1781 = CARTESIAN_POINT('',(3.817117874376,2.822891330553));
#1782 = CARTESIAN_POINT('',(4.011206380117,2.73374977573));
#1783 = CARTESIAN_POINT('',(4.11745785416,2.683979428619));
#1784 = CARTESIAN_POINT('',(4.220516225371,2.638579100349));
#1785 = CARTESIAN_POINT('',(4.321134603304,2.600033451964));
#1786 = CARTESIAN_POINT('',(4.419984794621,2.570030688143));
#1787 = CARTESIAN_POINT('',(4.517706700327,2.549631152381));
#1788 = CARTESIAN_POINT('',(4.614940181883,2.539392014169));
#1789 = CARTESIAN_POINT('',(4.789035328943,2.539392014169));
#1790 = CARTESIAN_POINT('',(4.865615938244,2.545726386695));
#1791 = CARTESIAN_POINT('',(4.942437731854,2.558375595291));
#1792 = CARTESIAN_POINT('',(5.01979481646,2.577122805158));
#1793 = CARTESIAN_POINT('',(5.097979336626,2.601544579972));
#1794 = CARTESIAN_POINT('',(5.177295545158,2.630989886553));
#1795 = CARTESIAN_POINT('',(5.25807708906,2.664547407381));
#1796 = CARTESIAN_POINT('',(5.441824077922,2.745610377783));
#1797 = CARTESIAN_POINT('',(5.548638786526,2.795849048768));
#1798 = CARTESIAN_POINT('',(5.660214940143,2.849080454573));
#1799 = CARTESIAN_POINT('',(5.776075960552,2.901203554957));
#1800 = CARTESIAN_POINT('',(5.896053297431,2.94706249562));
#1801 = CARTESIAN_POINT('',(6.020254659883,2.98148903793));
#1802 = CARTESIAN_POINT('',(6.149033503588,3.));
#1803 = CARTESIAN_POINT('',(6.28318530718,3.));
#1804 = ( GEOMETRIC_REPRESENTATION_CONTEXT(2) 
PARAMETRIC_REPRESENTATION_CONTEXT() REPRESENTATION_CONTEXT('2D SPACE',''
  ) );
#1805 = ADVANCED_FACE('',(#1806),#1076,.T.);
#1806 = FACE_BOUND('',#1807,.T.);
#1807 = EDGE_LOOP('',(#1808,#1809,#1916,#1917));
#1808 = ORIENTED_EDGE('',*,*,#1059,.F.);
#1809 = ORIENTED_EDGE('',*,*,#1810,.F.);
#1810 = EDGE_CURVE('',#1200,#1036,#1811,.T.);
#1811 = SURFACE_CURVE('',#1812,(#1843,#1877),.PCURVE_S1.);
#1812 = B_SPLINE_CURVE_WITH_KNOTS('',8,(#1813,#1814,#1815,#1816,#1817,
    #1818,#1819,#1820,#1821,#1822,#1823,#1824,#1825,#1826,#1827,#1828,
    #1829,#1830,#1831,#1832,#1833,#1834,#1835,#1836,#1837,#1838,#1839,
    #1840,#1841,#1842),.UNSPECIFIED.,.F.,.F.,(9,7,7,7,9),(0.,
    0.21625087714,0.37785277045,0.672114814222,1.),.UNSPECIFIED.);
#1813 = CARTESIAN_POINT('',(-8.,-22.,27.));
#1814 = CARTESIAN_POINT('',(-8.,-22.,27.312050401822));
#1815 = CARTESIAN_POINT('',(-8.037094979474,-21.98887097216,
    27.616955980581));
#1816 = CARTESIAN_POINT('',(-8.108314800118,-21.96750719221,
    27.909728179468));
#1817 = CARTESIAN_POINT('',(-8.210023073387,-21.93769234978,
    28.185994667508));
#1818 = CARTESIAN_POINT('',(-8.33788712685,-21.90185961949,
    28.44205640488));
#1819 = CARTESIAN_POINT('',(-8.486840016615,-21.86272742285,
    28.675013628769));
#1820 = CARTESIAN_POINT('',(-8.651045500541,-21.82289133055,
    28.882937447045));
#1821 = CARTESIAN_POINT('',(-8.953031874163,-21.75572768253,
    29.201164685674));
#1822 = CARTESIAN_POINT('',(-9.089098146056,-21.72731754758,
    29.32506600592));
#1823 = CARTESIAN_POINT('',(-9.230935380268,-21.69984518788,
    29.437051146424));
#1824 = CARTESIAN_POINT('',(-9.377595917401,-21.67383116937,
    29.537416277583));
#1825 = CARTESIAN_POINT('',(-9.528294232025,-21.64970447846,
    29.626449653128));
#1826 = CARTESIAN_POINT('',(-9.682377401363,-21.62781405628,
    29.704412218714));
#1827 = CARTESIAN_POINT('',(-9.839296571668,-21.60844097497,
    29.771519457583));
#1828 = CARTESIAN_POINT('',(-10.28861870466,-21.56153008213,
    29.930632769925));
#1829 = CARTESIAN_POINT('',(-10.58623771838,-21.54037165625,
    29.997765316695));
#1830 = CARTESIAN_POINT('',(-10.88810806705,-21.52971431017,
    30.030201543711));
#1831 = CARTESIAN_POINT('',(-11.19141310553,-21.53025592226,
    30.028365389652));
#1832 = CARTESIAN_POINT('',(-11.49346302537,-21.54206491478,
    29.992277801818));
#1833 = CARTESIAN_POINT('',(-11.79146684698,-21.56458546038,
    29.921577803268));
#1834 = CARTESIAN_POINT('',(-12.08228316568,-21.59659700108,
    29.815527896426));
#1835 = CARTESIAN_POINT('',(-12.67361774494,-21.68017630058,
    29.51422787913));
#1836 = CARTESIAN_POINT('',(-12.98057221196,-21.73485134168,
    29.305520186634));
#1837 = CARTESIAN_POINT('',(-13.27072688598,-21.79763120543,
    29.043396047774));
#1838 = CARTESIAN_POINT('',(-13.53140310064,-21.8634734068,
    28.727073795495));
#1839 = CARTESIAN_POINT('',(-13.74936805203,-21.92481775044,
    28.358343714368));
#1840 = CARTESIAN_POINT('',(-13.91058401832,-21.97317381881,
    27.941665602914));
#1841 = CARTESIAN_POINT('',(-14.,-22.,27.48448094698));
#1842 = CARTESIAN_POINT('',(-14.,-22.,27.));
#1843 = PCURVE('',#1076,#1844);
#1844 = DEFINITIONAL_REPRESENTATION('',(#1845),#1876);
#1845 = B_SPLINE_CURVE_WITH_KNOTS('',8,(#1846,#1847,#1848,#1849,#1850,
    #1851,#1852,#1853,#1854,#1855,#1856,#1857,#1858,#1859,#1860,#1861,
    #1862,#1863,#1864,#1865,#1866,#1867,#1868,#1869,#1870,#1871,#1872,
    #1873,#1874,#1875),.UNSPECIFIED.,.F.,.F.,(9,7,7,7,9),(0.,
    0.21625087714,0.37785277045,0.672114814222,1.),.UNSPECIFIED.);
#1846 = CARTESIAN_POINT('',(3.14159265359,-6.));
#1847 = CARTESIAN_POINT('',(3.172797693772,-6.));
#1848 = CARTESIAN_POINT('',(3.203288282618,-5.962905020526));
#1849 = CARTESIAN_POINT('',(3.232611676523,-5.891685199882));
#1850 = CARTESIAN_POINT('',(3.260368553524,-5.789976926613));
#1851 = CARTESIAN_POINT('',(3.286203374857,-5.66211287315));
#1852 = CARTESIAN_POINT('',(3.309815001383,-5.513159983385));
#1853 = CARTESIAN_POINT('',(3.330981824221,-5.348954499459));
#1854 = CARTESIAN_POINT('',(3.363505589535,-5.046968125837));
#1855 = CARTESIAN_POINT('',(3.376215345045,-4.910901853944));
#1856 = CARTESIAN_POINT('',(3.387743895321,-4.769064619732));
#1857 = CARTESIAN_POINT('',(3.398110613612,-4.622404082599));
#1858 = CARTESIAN_POINT('',(3.407334233349,-4.471705767975));
#1859 = CARTESIAN_POINT('',(3.415431604954,-4.317622598637));
#1860 = CARTESIAN_POINT('',(3.422416262635,-4.160703428332));
#1861 = CARTESIAN_POINT('',(3.439004715857,-3.711381295337));
#1862 = CARTESIAN_POINT('',(3.446042296835,-3.413762281619));
#1863 = CARTESIAN_POINT('',(3.449456730571,-3.111891932947));
#1864 = CARTESIAN_POINT('',(3.449265597329,-2.808586894468));
#1865 = CARTESIAN_POINT('',(3.445468029431,-2.506536974622));
#1866 = CARTESIAN_POINT('',(3.438048419044,-2.208533153019));
#1867 = CARTESIAN_POINT('',(3.426973630122,-1.917716834314));
#1868 = CARTESIAN_POINT('',(3.395705883205,-1.326382255059));
#1869 = CARTESIAN_POINT('',(3.374133109228,-1.019427788033));
#1870 = CARTESIAN_POINT('',(3.347189328525,-0.729273114014));
#1871 = CARTESIAN_POINT('',(3.31491056344,-0.46859689936));
#1872 = CARTESIAN_POINT('',(3.277600495873,-0.250631947964));
#1873 = CARTESIAN_POINT('',(3.2357591811,-8.941598167965E-02));
#1874 = CARTESIAN_POINT('',(3.190040748288,0.));
#1875 = CARTESIAN_POINT('',(3.14159265359,0.));
#1876 = ( GEOMETRIC_REPRESENTATION_CONTEXT(2) 
PARAMETRIC_REPRESENTATION_CONTEXT() REPRESENTATION_CONTEXT('2D SPACE',''
  ) );
#1877 = PCURVE('',#1878,#1883);
#1878 = CYLINDRICAL_SURFACE('',#1879,3.);
#1879 = AXIS2_PLACEMENT_3D('',#1880,#1881,#1882);
#1880 = CARTESIAN_POINT('',(-11.,-19.,27.));
#1881 = DIRECTION('',(0.,-1.,0.));
#1882 = DIRECTION('',(1.,0.,0.));
#1883 = DEFINITIONAL_REPRESENTATION('',(#1884),#1915);
#1884 = B_SPLINE_CURVE_WITH_KNOTS('',8,(#1885,#1886,#1887,#1888,#1889,
    #1890,#1891,#1892,#1893,#1894,#1895,#1896,#1897,#1898,#1899,#1900,
    #1901,#1902,#1903,#1904,#1905,#1906,#1907,#1908,#1909,#1910,#1911,
    #1912,#1913,#1914),.UNSPECIFIED.,.F.,.F.,(9,7,7,7,9),(0.,
    0.21625087714,0.37785277045,0.672114814222,1.),.UNSPECIFIED.);
#1885 = CARTESIAN_POINT('',(0.,3.));
#1886 = CARTESIAN_POINT('',(0.104016800607,3.));
#1887 = CARTESIAN_POINT('',(0.20565192117,2.98887097216));
#1888 = CARTESIAN_POINT('',(0.304957782832,2.967507192217));
#1889 = CARTESIAN_POINT('',(0.40186146216,2.937692349784));
#1890 = CARTESIAN_POINT('',(0.496176215043,2.901859619498));
#1891 = CARTESIAN_POINT('',(0.587573774413,2.862727422858));
#1892 = CARTESIAN_POINT('',(0.675525220787,2.822891330553));
#1893 = CARTESIAN_POINT('',(0.8217610825,2.755727682535));
#1894 = CARTESIAN_POINT('',(0.882940074502,2.727317547585));
#1895 = CARTESIAN_POINT('',(0.942934402313,2.699845187884));
#1896 = CARTESIAN_POINT('',(1.001903665563,2.673831169375));
#1897 = CARTESIAN_POINT('',(1.059996976875,2.649704478467));
#1898 = CARTESIAN_POINT('',(1.117358887135,2.627814056283));
#1899 = CARTESIAN_POINT('',(1.174132121003,2.608440974975));
#1900 = CARTESIAN_POINT('',(1.333019721164,2.561530082133));
#1901 = CARTESIAN_POINT('',(1.434005494909,2.540371656251));
#1902 = CARTESIAN_POINT('',(1.534110385468,2.529714310179));
#1903 = CARTESIAN_POINT('',(1.633928921072,2.530255922262));
#1904 = CARTESIAN_POINT('',(1.734027691461,2.542064914781));
#1905 = CARTESIAN_POINT('',(1.834979656516,2.564585460383));
#1906 = CARTESIAN_POINT('',(1.937401373139,2.596597001082));
#1907 = CARTESIAN_POINT('',(2.158624810978,2.680176300582));
#1908 = CARTESIAN_POINT('',(2.281375596796,2.734851341685));
#1909 = CARTESIAN_POINT('',(2.409629632655,2.797631205436));
#1910 = CARTESIAN_POINT('',(2.543249769429,2.863473406805));
#1911 = CARTESIAN_POINT('',(2.682398414144,2.924817750443));
#1912 = CARTESIAN_POINT('',(2.827703253996,2.973173818813));
#1913 = CARTESIAN_POINT('',(2.980099004596,3.));
#1914 = CARTESIAN_POINT('',(3.14159265359,3.));
#1915 = ( GEOMETRIC_REPRESENTATION_CONTEXT(2) 
PARAMETRIC_REPRESENTATION_CONTEXT() REPRESENTATION_CONTEXT('2D SPACE',''
  ) );
#1916 = ORIENTED_EDGE('',*,*,#1223,.T.);
#1917 = ORIENTED_EDGE('',*,*,#1150,.F.);
#1918 = ADVANCED_FACE('',(#1919,#1945,#2278),#1135,.F.);
#1919 = FACE_BOUND('',#1920,.F.);
#1920 = EDGE_LOOP('',(#1921,#1942,#1943,#1944));
#1921 = ORIENTED_EDGE('',*,*,#1922,.T.);
#1922 = EDGE_CURVE('',#1115,#1252,#1923,.T.);
#1923 = SEAM_CURVE('',#1924,(#1928,#1935),.PCURVE_S1.);
#1924 = LINE('',#1925,#1926);
#1925 = CARTESIAN_POINT('',(-20.,-12.,23.));
#1926 = VECTOR('',#1927,1.);
#1927 = DIRECTION('',(1.,0.,0.));
#1928 = PCURVE('',#1135,#1929);
#1929 = DEFINITIONAL_REPRESENTATION('',(#1930),#1934);
#1930 = LINE('',#1931,#1932);
#1931 = CARTESIAN_POINT('',(6.28318530718,-0.));
#1932 = VECTOR('',#1933,1.);
#1933 = DIRECTION('',(0.,1.));
#1934 = ( GEOMETRIC_REPRESENTATION_CONTEXT(2) 
PARAMETRIC_REPRESENTATION_CONTEXT() REPRESENTATION_CONTEXT('2D SPACE',''
  ) );
#1935 = PCURVE('',#1135,#1936);
#1936 = DEFINITIONAL_REPRESENTATION('',(#1937),#1941);
#1937 = LINE('',#1938,#1939);
#1938 = CARTESIAN_POINT('',(0.,-0.));
#1939 = VECTOR('',#1940,1.);
#1940 = DIRECTION('',(0.,1.));
#1941 = ( GEOMETRIC_REPRESENTATION_CONTEXT(2) 
PARAMETRIC_REPRESENTATION_CONTEXT() REPRESENTATION_CONTEXT('2D SPACE',''
  ) );
#1942 = ORIENTED_EDGE('',*,*,#1251,.F.);
#1943 = ORIENTED_EDGE('',*,*,#1922,.F.);
#1944 = ORIENTED_EDGE('',*,*,#1114,.T.);
#1945 = FACE_BOUND('',#1946,.F.);
#1946 = EDGE_LOOP('',(#1947));
#1947 = ORIENTED_EDGE('',*,*,#1948,.T.);
#1948 = EDGE_CURVE('',#1949,#1949,#1951,.T.);
#1949 = VERTEX_POINT('',#1950);
#1950 = CARTESIAN_POINT('',(-9.5,-8.,27.));
#1951 = SURFACE_CURVE('',#1952,(#2057,#2165),.PCURVE_S1.);
#1952 = B_SPLINE_CURVE_WITH_KNOTS('',7,(#1953,#1954,#1955,#1956,#1957,
    #1958,#1959,#1960,#1961,#1962,#1963,#1964,#1965,#1966,#1967,#1968,
    #1969,#1970,#1971,#1972,#1973,#1974,#1975,#1976,#1977,#1978,#1979,
    #1980,#1981,#1982,#1983,#1984,#1985,#1986,#1987,#1988,#1989,#1990,
    #1991,#1992,#1993,#1994,#1995,#1996,#1997,#1998,#1999,#2000,#2001,
    #2002,#2003,#2004,#2005,#2006,#2007,#2008,#2009,#2010,#2011,#2012,
    #2013,#2014,#2015,#2016,#2017,#2018,#2019,#2020,#2021,#2022,#2023,
    #2024,#2025,#2026,#2027,#2028,#2029,#2030,#2031,#2032,#2033,#2034,
    #2035,#2036,#2037,#2038,#2039,#2040,#2041,#2042,#2043,#2044,#2045,
    #2046,#2047,#2048,#2049,#2050,#2051,#2052,#2053,#2054,#2055,#2056),
  .UNSPECIFIED.,.T.,.F.,(8,6,6,6,6,6,6,6,6,6,6,6,6,6,6,6,6,8),(0.,
    7.210760804527E-02,0.104856097246,0.129968042528,0.233240475625,
    0.267665466429,0.371619716708,0.428692827407,0.471077365423,
    0.52995344891,0.571933064998,0.604777730838,0.734045683424,
    0.76696665625,0.87167063223,0.896564910293,0.928689580605,1.),
  .UNSPECIFIED.);
#1953 = CARTESIAN_POINT('',(-9.5,-8.,27.));
#1954 = CARTESIAN_POINT('',(-9.5,-8.,27.112489478376));
#1955 = CARTESIAN_POINT('',(-9.509841937042,-8.003690695532,
    27.224326527205));
#1956 = CARTESIAN_POINT('',(-9.529320158215,-8.01099512096,
    27.334156836682));
#1957 = CARTESIAN_POINT('',(-9.557927241909,-8.021591583406,
    27.440662649449));
#1958 = CARTESIAN_POINT('',(-9.594857613308,-8.034931278613,
    27.542613378676));
#1959 = CARTESIAN_POINT('',(-9.638996646593,-8.050301664119,
    27.638921033123));
#1960 = CARTESIAN_POINT('',(-9.711557273085,-8.074490075966,
    27.769474790687));
#1961 = CARTESIAN_POINT('',(-9.73547630097,-8.082328188223,
    27.809026795192));
#1962 = CARTESIAN_POINT('',(-9.760573211745,-8.09039538934,
    27.847337105851));
#1963 = CARTESIAN_POINT('',(-9.786771710775,-8.098638206863,
    27.88438984631));
#1964 = CARTESIAN_POINT('',(-9.813998197504,-8.107004662068,
    27.920172437108));
#1965 = CARTESIAN_POINT('',(-9.842181628421,-8.115444698999,
    27.954675412114));
#1966 = CARTESIAN_POINT('',(-9.893545957567,-8.130402381119,
    28.013363304235));
#1967 = CARTESIAN_POINT('',(-9.916364227761,-8.136910348351,
    28.038081865648));
#1968 = CARTESIAN_POINT('',(-9.939680283418,-8.143413778787,
    28.062047884138));
#1969 = CARTESIAN_POINT('',(-9.96346778657,-8.149892863916,
    28.08526195219));
#1970 = CARTESIAN_POINT('',(-9.987701968457,-8.156328723125,
    28.107725289822));
#1971 = CARTESIAN_POINT('',(-10.01235962953,-8.162703403701,
    28.129439744586));
#1972 = CARTESIAN_POINT('',(-10.14047593304,-8.194894032219,
    28.236638515833));
#1973 = CARTESIAN_POINT('',(-10.25042732737,-8.21949046616,
    28.310326713341));
#1974 = CARTESIAN_POINT('',(-10.36571698487,-8.241581716192,
    28.371523474109));
#1975 = CARTESIAN_POINT('',(-10.48505456477,-8.260189949822,
    28.42033480681));
#1976 = CARTESIAN_POINT('',(-10.60734147907,-8.274588201416,
    28.456861617052));
#1977 = CARTESIAN_POINT('',(-10.73160069215,-8.284309085533,
    28.481151099017));
#1978 = CARTESIAN_POINT('',(-10.89868154795,-8.290751665381,
    28.497162452677));
#1979 = CARTESIAN_POINT('',(-10.94055093302,-8.291818401641,
    28.499798991518));
#1980 = CARTESIAN_POINT('',(-10.98247846484,-8.292333972312,
    28.50106908342));
#1981 = CARTESIAN_POINT('',(-11.02442385008,-8.29229485057,
    28.500972692043));
#1982 = CARTESIAN_POINT('',(-11.06634675626,-8.291701209951,
    28.499509818259));
#1983 = CARTESIAN_POINT('',(-11.1082068117,-8.290556924356,
    28.496680500147));
#1984 = CARTESIAN_POINT('',(-11.27605793673,-8.283774204008,
    28.479814961766));
#1985 = CARTESIAN_POINT('',(-11.40104158433,-8.27373340408,
    28.454702461775));
#1986 = CARTESIAN_POINT('',(-11.52397770954,-8.258972418051,
    28.417191832092));
#1987 = CARTESIAN_POINT('',(-11.64387048468,-8.239977805837,
    28.367232397427));
#1988 = CARTESIAN_POINT('',(-11.75959624398,-8.217501664084,
    28.30471761597));
#1989 = CARTESIAN_POINT('',(-11.86983018499,-8.192553057785,
    28.229536295305));
#1990 = CARTESIAN_POINT('',(-12.02959383165,-8.15200525196,
    28.093376384209));
#1991 = CARTESIAN_POINT('',(-12.08414487113,-8.137247542337,
    28.041228376716));
#1992 = CARTESIAN_POINT('',(-12.13633070533,-8.122311372627,
    27.985180266319));
#1993 = CARTESIAN_POINT('',(-12.18583233332,-8.107431138145,
    27.92523719022));
#1994 = CARTESIAN_POINT('',(-12.23230084456,-8.092863352304,
    27.861424233759));
#1995 = CARTESIAN_POINT('',(-12.27535547658,-8.078882214,27.793789833789
    ));
#1996 = CARTESIAN_POINT('',(-12.34371245181,-8.056041417956,
    27.669399351148));
#1997 = CARTESIAN_POINT('',(-12.37074768387,-8.046784247034,
    27.614294059567));
#1998 = CARTESIAN_POINT('',(-12.39545436884,-8.038142001346,
    27.557227102277));
#1999 = CARTESIAN_POINT('',(-12.41762103202,-8.030248246731,
    27.498349443393));
#2000 = CARTESIAN_POINT('',(-12.4370566451,-8.023227549669,
    27.437828101332));
#2001 = CARTESIAN_POINT('',(-12.45358954743,-8.01719125119,
    27.37584503397));
#2002 = CARTESIAN_POINT('',(-12.48578692917,-8.00534610108,
    27.224737239009));
#2003 = CARTESIAN_POINT('',(-12.49859626619,-8.000545000148,
    27.134503497078));
#2004 = CARTESIAN_POINT('',(-12.50501641832,-7.998107180351,
    27.042821175697));
#2005 = CARTESIAN_POINT('',(-12.50481560216,-7.998183413469,
    26.950666726848));
#2006 = CARTESIAN_POINT('',(-12.49799839883,-8.000770666695,
    26.859033166124));
#2007 = CARTESIAN_POINT('',(-12.48480604777,-8.005712307146,
    26.768896510592));
#2008 = CARTESIAN_POINT('',(-12.45212306192,-8.017726612636,
    26.61864039396));
#2009 = CARTESIAN_POINT('',(-12.43553231666,-8.023778491016,
    26.557357477277));
#2010 = CARTESIAN_POINT('',(-12.41610501917,-8.030789182615,
    26.497521586395));
#2011 = CARTESIAN_POINT('',(-12.39400881649,-8.038649919381,
    26.43930752617));
#2012 = CARTESIAN_POINT('',(-12.36942961833,-8.047239475621,
    26.382875703031));
#2013 = CARTESIAN_POINT('',(-12.34257262131,-8.056428181012,
    26.328371092925));
#2014 = CARTESIAN_POINT('',(-12.2910448341,-8.073634986939,
    26.234886434831));
#2015 = CARTESIAN_POINT('',(-12.26715368313,-8.081478224139,
    26.195079264558));
#2016 = CARTESIAN_POINT('',(-12.24207008592,-8.089556440595,
    26.156520806741));
#2017 = CARTESIAN_POINT('',(-12.21587142436,-8.097815467469,
    26.119227599479));
#2018 = CARTESIAN_POINT('',(-12.18863239825,-8.106202616165,
    26.083212797179));
#2019 = CARTESIAN_POINT('',(-12.16042516699,-8.114667122774,
    26.048486357048));
#2020 = CARTESIAN_POINT('',(-12.0167672189,-8.156588652056,
    25.883479098809));
#2021 = CARTESIAN_POINT('',(-11.88811922081,-8.190517579885,
    25.77176166491));
#2022 = CARTESIAN_POINT('',(-11.74909502384,-8.222129595344,
    25.679921938643));
#2023 = CARTESIAN_POINT('',(-11.60251201659,-8.249153104465,
    25.607673313913));
#2024 = CARTESIAN_POINT('',(-11.4506116033,-8.269945227772,
    25.554720945459));
#2025 = CARTESIAN_POINT('',(-11.29526294888,-8.283477900533,
    25.520909440188));
#2026 = CARTESIAN_POINT('',(-11.0981639077,-8.290817096445,
    25.502676352912));
#2027 = CARTESIAN_POINT('',(-11.05806972082,-8.291807518309,
    25.500228244239));
#2028 = CARTESIAN_POINT('',(-11.01792380735,-8.292292532019,
    25.499033022753));
#2029 = CARTESIAN_POINT('',(-10.97776159881,-8.292269122372,
    25.499090717106));
#2030 = CARTESIAN_POINT('',(-10.93761849699,-8.291737385116,
    25.500401325595));
#2031 = CARTESIAN_POINT('',(-10.89752987389,-8.290700526942,
    25.502964816162));
#2032 = CARTESIAN_POINT('',(-10.73031631314,-8.284280749205,
    25.518918764509));
#2033 = CARTESIAN_POINT('',(-10.60418567283,-8.274357646228,
    25.543712472632));
#2034 = CARTESIAN_POINT('',(-10.48010014974,-8.259616785917,
    25.581114837661));
#2035 = CARTESIAN_POINT('',(-10.35907980049,-8.240550178821,
    25.631176747823));
#2036 = CARTESIAN_POINT('',(-10.24227530752,-8.217925096532,
    25.69400686038));
#2037 = CARTESIAN_POINT('',(-10.13104415026,-8.192774962936,
    25.769718545121));
#2038 = CARTESIAN_POINT('',(-10.00230144127,-8.160100230765,
    25.879440601274));
#2039 = CARTESIAN_POINT('',(-9.977973840766,-8.153751784462,
    25.901252847127));
#2040 = CARTESIAN_POINT('',(-9.954070034356,-8.147348169944,
    25.923803424862));
#2041 = CARTESIAN_POINT('',(-9.930613033124,-8.140907145949,
    25.947094049916));
#2042 = CARTESIAN_POINT('',(-9.907627402695,-8.134447377996,
    25.971125769503));
#2043 = CARTESIAN_POINT('',(-9.885139263237,-8.127988438387,
    25.995898962606));
#2044 = CARTESIAN_POINT('',(-9.834834303012,-8.113243402759,
    26.0543382137));
#2045 = CARTESIAN_POINT('',(-9.807361316652,-8.104969850837,
    26.088503611428));
#2046 = CARTESIAN_POINT('',(-9.78082330357,-8.096775832376,
    26.123902514782));
#2047 = CARTESIAN_POINT('',(-9.755288385466,-8.088709172472,
    26.160525089596));
#2048 = CARTESIAN_POINT('',(-9.730826960261,-8.080819431405,
    26.198358521805));
#2049 = CARTESIAN_POINT('',(-9.707511829788,-8.073157496669,
    26.237386853328));
#2050 = CARTESIAN_POINT('',(-9.63637511867,-8.049387879822,
    26.366835674027));
#2051 = CARTESIAN_POINT('',(-9.593033228093,-8.03427205561,
    26.462452677457));
#2052 = CARTESIAN_POINT('',(-9.556795318999,-8.021172302978,
    26.56357042683));
#2053 = CARTESIAN_POINT('',(-9.528739810494,-8.010777488682,
    26.66912318238));
#2054 = CARTESIAN_POINT('',(-9.509645118528,-8.0036168897,
    26.777908603527));
#2055 = CARTESIAN_POINT('',(-9.5,-8.,26.888640986206));
#2056 = CARTESIAN_POINT('',(-9.5,-8.,27.));
#2057 = PCURVE('',#1135,#2058);
#2058 = DEFINITIONAL_REPRESENTATION('',(#2059),#2164);
#2059 = B_SPLINE_CURVE_WITH_KNOTS('',7,(#2060,#2061,#2062,#2063,#2064,
    #2065,#2066,#2067,#2068,#2069,#2070,#2071,#2072,#2073,#2074,#2075,
    #2076,#2077,#2078,#2079,#2080,#2081,#2082,#2083,#2084,#2085,#2086,
    #2087,#2088,#2089,#2090,#2091,#2092,#2093,#2094,#2095,#2096,#2097,
    #2098,#2099,#2100,#2101,#2102,#2103,#2104,#2105,#2106,#2107,#2108,
    #2109,#2110,#2111,#2112,#2113,#2114,#2115,#2116,#2117,#2118,#2119,
    #2120,#2121,#2122,#2123,#2124,#2125,#2126,#2127,#2128,#2129,#2130,
    #2131,#2132,#2133,#2134,#2135,#2136,#2137,#2138,#2139,#2140,#2141,
    #2142,#2143,#2144,#2145,#2146,#2147,#2148,#2149,#2150,#2151,#2152,
    #2153,#2154,#2155,#2156,#2157,#2158,#2159,#2160,#2161,#2162,#2163),
  .UNSPECIFIED.,.T.,.F.,(8,6,6,6,6,6,6,6,6,6,6,6,6,6,6,6,6,8),(0.,
    7.210760804527E-02,0.104856097246,0.129968042528,0.233240475625,
    0.267665466429,0.371619716708,0.428692827407,0.471077365423,
    0.52995344891,0.571933064998,0.604777730838,0.734045683424,
    0.76696665625,0.87167063223,0.896564910293,0.928689580605,1.),
  .UNSPECIFIED.);
#2060 = CARTESIAN_POINT('',(1.570796326795,10.5));
#2061 = CARTESIAN_POINT('',(1.598918696389,10.5));
#2062 = CARTESIAN_POINT('',(1.626878000876,10.490158062958));
#2063 = CARTESIAN_POINT('',(1.654371752177,10.470679841785));
#2064 = CARTESIAN_POINT('',(1.681105527017,10.442072758091));
#2065 = CARTESIAN_POINT('',(1.706793546552,10.405142386692));
#2066 = CARTESIAN_POINT('',(1.731167620608,10.361003353407));
#2067 = CARTESIAN_POINT('',(1.764361523364,10.288442726915));
#2068 = CARTESIAN_POINT('',(1.774441036203,10.26452369903));
#2069 = CARTESIAN_POINT('',(1.784227575765,10.239426788255));
#2070 = CARTESIAN_POINT('',(1.79371616588,10.213228289225));
#2071 = CARTESIAN_POINT('',(1.802902297376,10.186001802496));
#2072 = CARTESIAN_POINT('',(1.811781951955,10.157818371579));
#2073 = CARTESIAN_POINT('',(1.826922957816,10.106454042433));
#2074 = CARTESIAN_POINT('',(1.833312997704,10.083635772239));
#2075 = CARTESIAN_POINT('',(1.839520903247,10.060319716582));
#2076 = CARTESIAN_POINT('',(1.845545947634,10.03653221343));
#2077 = CARTESIAN_POINT('',(1.851387519717,10.012298031543));
#2078 = CARTESIAN_POINT('',(1.857045124008,9.987640370469));
#2079 = CARTESIAN_POINT('',(1.885027052464,9.859524066953));
#2080 = CARTESIAN_POINT('',(1.904439241814,9.74957267263));
#2081 = CARTESIAN_POINT('',(1.920699127517,9.634283015122));
#2082 = CARTESIAN_POINT('',(1.933757015938,9.514945435226));
#2083 = CARTESIAN_POINT('',(1.94357244353,9.392658520924));
#2084 = CARTESIAN_POINT('',(1.950113025877,9.268399307849));
#2085 = CARTESIAN_POINT('',(1.954427755599,9.10131845205));
#2086 = CARTESIAN_POINT('',(1.955138795772,9.059449066971));
#2087 = CARTESIAN_POINT('',(1.955481481424,9.01752153516));
#2088 = CARTESIAN_POINT('',(1.955455474568,8.975576149916));
#2089 = CARTESIAN_POINT('',(1.955060791597,8.933653243732));
#2090 = CARTESIAN_POINT('',(1.954297803285,8.891793188298));
#2091 = CARTESIAN_POINT('',(1.949753220794,8.723942063267));
#2092 = CARTESIAN_POINT('',(1.942991899964,8.598958415661));
#2093 = CARTESIAN_POINT('',(1.932914418467,8.476022290454));
#2094 = CARTESIAN_POINT('',(1.919554058501,8.356129515313));
#2095 = CARTESIAN_POINT('',(1.902951922768,8.240403756012));
#2096 = CARTESIAN_POINT('',(1.88315825535,8.130169815003));
#2097 = CARTESIAN_POINT('',(1.847640965593,7.970406168344));
#2098 = CARTESIAN_POINT('',(1.834093223717,7.915855128863));
#2099 = CARTESIAN_POINT('',(1.819595038397,7.863669294661));
#2100 = CARTESIAN_POINT('',(1.804158850191,7.814167666679));
#2101 = CARTESIAN_POINT('',(1.787800427666,7.767699155432));
#2102 = CARTESIAN_POINT('',(1.770538619863,7.724644523412));
#2103 = CARTESIAN_POINT('',(1.738921087013,7.656287548187));
#2104 = CARTESIAN_POINT('',(1.724953316693,7.629252316125));
#2105 = CARTESIAN_POINT('',(1.710527008955,7.604545631152));
#2106 = CARTESIAN_POINT('',(1.695679925052,7.582378967971));
#2107 = CARTESIAN_POINT('',(1.680452148624,7.562943354891));
#2108 = CARTESIAN_POINT('',(1.664885857965,7.546410452569));
#2109 = CARTESIAN_POINT('',(1.626993021176,7.514213070826));
#2110 = CARTESIAN_POINT('',(1.604409748483,7.501403733802));
#2111 = CARTESIAN_POINT('',(1.5814942669,7.494983581678));
#2112 = CARTESIAN_POINT('',(1.558471130008,7.495184397839));
#2113 = CARTESIAN_POINT('',(1.535566776367,7.502001601163));
#2114 = CARTESIAN_POINT('',(1.513005808792,7.515193952229));
#2115 = CARTESIAN_POINT('',(1.475321889707,7.547876938072));
#2116 = CARTESIAN_POINT('',(1.459929329147,7.564467683333));
#2117 = CARTESIAN_POINT('',(1.444871918773,7.583894980821));
#2118 = CARTESIAN_POINT('',(1.43019021955,7.605991183501));
#2119 = CARTESIAN_POINT('',(1.415922772233,7.630570381662));
#2120 = CARTESIAN_POINT('',(1.402105881797,7.657427378681));
#2121 = CARTESIAN_POINT('',(1.378342128583,7.708955165891));
#2122 = CARTESIAN_POINT('',(1.368199800599,7.732846316869));
#2123 = CARTESIAN_POINT('',(1.358352003281,7.757929914079));
#2124 = CARTESIAN_POINT('',(1.348803866468,7.784128575638));
#2125 = CARTESIAN_POINT('',(1.339560040218,7.811367601749));
#2126 = CARTESIAN_POINT('',(1.330624670539,7.83957483301));
#2127 = CARTESIAN_POINT('',(1.28806235601,7.983232781091));
#2128 = CARTESIAN_POINT('',(1.25890432541,8.111880779182));
#2129 = CARTESIAN_POINT('',(1.234641413681,8.250904976153));
#2130 = CARTESIAN_POINT('',(1.215361439235,8.397487983406));
#2131 = CARTESIAN_POINT('',(1.201139862236,8.549388396692));
#2132 = CARTESIAN_POINT('',(1.192035094136,8.704737051113));
#2133 = CARTESIAN_POINT('',(1.187121406186,8.901836092297));
#2134 = CARTESIAN_POINT('',(1.186461190197,8.941930279177));
#2135 = CARTESIAN_POINT('',(1.186138720778,8.982076192647));
#2136 = CARTESIAN_POINT('',(1.186154286402,9.022238401183));
#2137 = CARTESIAN_POINT('',(1.186507877739,9.06238150301));
#2138 = CARTESIAN_POINT('',(1.187199187651,9.102470126104));
#2139 = CARTESIAN_POINT('',(1.191498475485,9.269683686858));
#2140 = CARTESIAN_POINT('',(1.19817487132,9.395814327164));
#2141 = CARTESIAN_POINT('',(1.208225347119,9.519899850251));
#2142 = CARTESIAN_POINT('',(1.221616074509,9.640920199502));
#2143 = CARTESIAN_POINT('',(1.238304902335,9.757724692474));
#2144 = CARTESIAN_POINT('',(1.258240023491,9.86895584974));
#2145 = CARTESIAN_POINT('',(1.286861003263,9.997698558727));
#2146 = CARTESIAN_POINT('',(1.292540231506,10.022026159234));
#2147 = CARTESIAN_POINT('',(1.298400563805,10.045929965644));
#2148 = CARTESIAN_POINT('',(1.304441499966,10.069386966876));
#2149 = CARTESIAN_POINT('',(1.31066241512,10.092372597305));
#2150 = CARTESIAN_POINT('',(1.317062559723,10.114860736763));
#2151 = CARTESIAN_POINT('',(1.332130244814,10.165165696988));
#2152 = CARTESIAN_POINT('',(1.340918067161,10.192638683348));
#2153 = CARTESIAN_POINT('',(1.350001028051,10.21917669643));
#2154 = CARTESIAN_POINT('',(1.359375137086,10.244711614534));
#2155 = CARTESIAN_POINT('',(1.369035934563,10.269173039739));
#2156 = CARTESIAN_POINT('',(1.378978514026,10.292488170212));
#2157 = CARTESIAN_POINT('',(1.411881773615,10.36362488133));
#2158 = CARTESIAN_POINT('',(1.436075469835,10.406966771907));
#2159 = CARTESIAN_POINT('',(1.461549628003,10.443204681001));
#2160 = CARTESIAN_POINT('',(1.488041985128,10.471260189506));
#2161 = CARTESIAN_POINT('',(1.51527343724,10.490354881472));
#2162 = CARTESIAN_POINT('',(1.542956573347,10.5));
#2163 = CARTESIAN_POINT('',(1.570796326795,10.5));
#2164 = ( GEOMETRIC_REPRESENTATION_CONTEXT(2) 
PARAMETRIC_REPRESENTATION_CONTEXT() REPRESENTATION_CONTEXT('2D SPACE',''
  ) );
#2165 = PCURVE('',#2166,#2171);
#2166 = CYLINDRICAL_SURFACE('',#2167,1.5);
#2167 = AXIS2_PLACEMENT_3D('',#2168,#2169,#2170);
#2168 = CARTESIAN_POINT('',(-11.,2.,27.));
#2169 = DIRECTION('',(0.,-1.,0.));
#2170 = DIRECTION('',(1.,0.,0.));
#2171 = DEFINITIONAL_REPRESENTATION('',(#2172),#2277);
#2172 = B_SPLINE_CURVE_WITH_KNOTS('',7,(#2173,#2174,#2175,#2176,#2177,
    #2178,#2179,#2180,#2181,#2182,#2183,#2184,#2185,#2186,#2187,#2188,
    #2189,#2190,#2191,#2192,#2193,#2194,#2195,#2196,#2197,#2198,#2199,
    #2200,#2201,#2202,#2203,#2204,#2205,#2206,#2207,#2208,#2209,#2210,
    #2211,#2212,#2213,#2214,#2215,#2216,#2217,#2218,#2219,#2220,#2221,
    #2222,#2223,#2224,#2225,#2226,#2227,#2228,#2229,#2230,#2231,#2232,
    #2233,#2234,#2235,#2236,#2237,#2238,#2239,#2240,#2241,#2242,#2243,
    #2244,#2245,#2246,#2247,#2248,#2249,#2250,#2251,#2252,#2253,#2254,
    #2255,#2256,#2257,#2258,#2259,#2260,#2261,#2262,#2263,#2264,#2265,
    #2266,#2267,#2268,#2269,#2270,#2271,#2272,#2273,#2274,#2275,#2276),
  .UNSPECIFIED.,.F.,.F.,(8,6,6,6,6,6,6,6,6,6,6,6,6,6,6,6,6,8),(0.,
    7.210760804527E-02,0.104856097246,0.129968042528,0.233240475625,
    0.267665466429,0.371619716708,0.428692827407,0.471077365423,
    0.52995344891,0.571933064998,0.604777730838,0.734045683424,
    0.76696665625,0.87167063223,0.896564910293,0.928689580605,1.),
  .UNSPECIFIED.);
#2173 = CARTESIAN_POINT('',(0.,10.));
#2174 = CARTESIAN_POINT('',(7.499298558416E-02,10.));
#2175 = CARTESIAN_POINT('',(0.149550893282,10.003690695532));
#2176 = CARTESIAN_POINT('',(0.22346042625,10.01099512096));
#2177 = CARTESIAN_POINT('',(0.296494224697,10.021591583406));
#2178 = CARTESIAN_POINT('',(0.368387567393,10.034931278613));
#2179 = CARTESIAN_POINT('',(0.438802378003,10.050301664119));
#2180 = CARTESIAN_POINT('',(0.538377761242,10.074490075966));
#2181 = CARTESIAN_POINT('',(0.56917182601,10.082328188223));
#2182 = CARTESIAN_POINT('',(0.599672919875,10.09039538934));
#2183 = CARTESIAN_POINT('',(0.629891913582,10.098638206863));
#2184 = CARTESIAN_POINT('',(0.659838581142,10.107004662068));
#2185 = CARTESIAN_POINT('',(0.689521821682,10.115444698999));
#2186 = CARTESIAN_POINT('',(0.741515680252,10.130402381119));
#2187 = CARTESIAN_POINT('',(0.763934849303,10.136910348351));
#2188 = CARTESIAN_POINT('',(0.78621373118,10.143413778787));
#2189 = CARTESIAN_POINT('',(0.808358768279,10.149892863916));
#2190 = CARTESIAN_POINT('',(0.830376502665,10.156328723125));
#2191 = CARTESIAN_POINT('',(0.852273576079,10.162703403701));
#2192 = CARTESIAN_POINT('',(0.963639566865,10.194894032219));
#2193 = CARTESIAN_POINT('',(1.051382024943,10.21949046616));
#2194 = CARTESIAN_POINT('',(1.137682574416,10.241581716192));
#2195 = CARTESIAN_POINT('',(1.222888623987,10.260189949822));
#2196 = CARTESIAN_POINT('',(1.307328772049,10.274588201416));
#2197 = CARTESIAN_POINT('',(1.391335469938,10.284309085533));
#2198 = CARTESIAN_POINT('',(1.503232994129,10.290751665381));
#2199 = CARTESIAN_POINT('',(1.531186373631,10.291818401641));
#2200 = CARTESIAN_POINT('',(1.55912708447,10.292333972312));
#2201 = CARTESIAN_POINT('',(1.58706395102,10.29229485057));
#2202 = CARTESIAN_POINT('',(1.61500577326,10.291701209951));
#2203 = CARTESIAN_POINT('',(1.642961326773,10.290556924356));
#2204 = CARTESIAN_POINT('',(1.755425536506,10.283774204008));
#2205 = CARTESIAN_POINT('',(1.840004593744,10.27373340408));
#2206 = CARTESIAN_POINT('',(1.925035383256,10.258972418051));
#2207 = CARTESIAN_POINT('',(2.010859442207,10.239977805837));
#2208 = CARTESIAN_POINT('',(2.097814316705,10.217501664084));
#2209 = CARTESIAN_POINT('',(2.186257366346,10.192553057785));
#2210 = CARTESIAN_POINT('',(2.326200123188,10.15200525196));
#2211 = CARTESIAN_POINT('',(2.376429157759,10.137247542337));
#2212 = CARTESIAN_POINT('',(2.427344452729,10.122311372627));
#2213 = CARTESIAN_POINT('',(2.479003285107,10.107431138145));
#2214 = CARTESIAN_POINT('',(2.531467327567,10.092863352304));
#2215 = CARTESIAN_POINT('',(2.584807063401,10.078882214));
#2216 = CARTESIAN_POINT('',(2.679430687968,10.056041417956));
#2217 = CARTESIAN_POINT('',(2.720306604416,10.046784247034));
#2218 = CARTESIAN_POINT('',(2.761688236931,10.038142001346));
#2219 = CARTESIAN_POINT('',(2.803539536438,10.030248246731));
#2220 = CARTESIAN_POINT('',(2.845832246794,10.023227549669));
#2221 = CARTESIAN_POINT('',(2.888544032906,10.01719125119));
#2222 = CARTESIAN_POINT('',(2.991544005051,10.00534610108));
#2223 = CARTESIAN_POINT('',(3.052158623363,10.000545000148));
#2224 = CARTESIAN_POINT('',(3.113181204859,9.998107180351));
#2225 = CARTESIAN_POINT('',(3.174331209831,9.998183413469));
#2226 = CARTESIAN_POINT('',(3.235340688736,10.000770666695));
#2227 = CARTESIAN_POINT('',(3.295928034629,10.005712307146));
#2228 = CARTESIAN_POINT('',(3.398441075857,10.017726612636));
#2229 = CARTESIAN_POINT('',(3.440713768879,10.023778491016));
#2230 = CARTESIAN_POINT('',(3.482572498771,10.030789182615));
#2231 = CARTESIAN_POINT('',(3.523996118118,10.038649919381));
#2232 = CARTESIAN_POINT('',(3.564957780354,10.047239475621));
#2233 = CARTESIAN_POINT('',(3.605423190646,10.056428181012));
#2234 = CARTESIAN_POINT('',(3.676586521258,10.073634986939));
#2235 = CARTESIAN_POINT('',(3.707516428314,10.081478224139));
#2236 = CARTESIAN_POINT('',(3.73815077967,10.089556440595));
#2237 = CARTESIAN_POINT('',(3.768500432687,10.097815467469));
#2238 = CARTESIAN_POINT('',(3.798575120869,10.106202616165));
#2239 = CARTESIAN_POINT('',(3.828383674373,10.114667122774));
#2240 = CARTESIAN_POINT('',(3.974237484468,10.156588652056));
#2241 = CARTESIAN_POINT('',(4.086726171992,10.190517579885));
#2242 = CARTESIAN_POINT('',(4.196331019193,10.222129595344));
#2243 = CARTESIAN_POINT('',(4.303778442137,10.249153104465));
#2244 = CARTESIAN_POINT('',(4.409767414762,10.269945227772));
#2245 = CARTESIAN_POINT('',(4.514969095359,10.283477900533));
#2246 = CARTESIAN_POINT('',(4.646929489261,10.290817096445));
#2247 = CARTESIAN_POINT('',(4.673695712954,10.291807518309));
#2248 = CARTESIAN_POINT('',(4.700450628574,10.292292532019));
#2249 = CARTESIAN_POINT('',(4.72720193969,10.292269122372));
#2250 = CARTESIAN_POINT('',(4.753957374494,10.291737385116));
#2251 = CARTESIAN_POINT('',(4.780724685804,10.290700526942));
#2252 = CARTESIAN_POINT('',(4.892706635476,10.284280749205));
#2253 = CARTESIAN_POINT('',(4.977983855097,10.274357646228));
#2254 = CARTESIAN_POINT('',(5.063710695092,10.259616785917));
#2255 = CARTESIAN_POINT('',(5.150236365541,10.240550178821));
#2256 = CARTESIAN_POINT('',(5.237905763124,10.217925096532));
#2257 = CARTESIAN_POINT('',(5.327084158059,10.192774962936));
#2258 = CARTESIAN_POINT('',(5.439854553551,10.160100230765));
#2259 = CARTESIAN_POINT('',(5.46163055999,10.153751784462));
#2260 = CARTESIAN_POINT('',(5.483527335787,10.147348169944));
#2261 = CARTESIAN_POINT('',(5.505551371636,10.140907145949));
#2262 = CARTESIAN_POINT('',(5.527709038762,10.134447377996));
#2263 = CARTESIAN_POINT('',(5.550006588919,10.127988438387));
#2264 = CARTESIAN_POINT('',(5.601412317488,10.113243402759));
#2265 = CARTESIAN_POINT('',(5.630623302386,10.104969850837));
#2266 = CARTESIAN_POINT('',(5.660090576173,10.096775832376));
#2267 = CARTESIAN_POINT('',(5.689822259179,10.088709172472));
#2268 = CARTESIAN_POINT('',(5.719827319724,10.080819431405));
#2269 = CARTESIAN_POINT('',(5.750115768849,10.073157496669));
#2270 = CARTESIAN_POINT('',(5.848587262409,10.049387879822));
#2271 = CARTESIAN_POINT('',(5.918368026932,10.03427205561));
#2272 = CARTESIAN_POINT('',(5.989593241379,10.021172302978));
#2273 = CARTESIAN_POINT('',(6.06193213758,10.010777488682));
#2274 = CARTESIAN_POINT('',(6.135124495056,10.0036168897));
#2275 = CARTESIAN_POINT('',(6.208945964651,10.));
#2276 = CARTESIAN_POINT('',(6.28318530718,10.));
#2277 = ( GEOMETRIC_REPRESENTATION_CONTEXT(2) 
PARAMETRIC_REPRESENTATION_CONTEXT() REPRESENTATION_CONTEXT('2D SPACE',''
  ) );
#2278 = FACE_BOUND('',#2279,.F.);
#2279 = EDGE_LOOP('',(#2280));
#2280 = ORIENTED_EDGE('',*,*,#2281,.F.);
#2281 = EDGE_CURVE('',#2282,#2282,#2284,.T.);
#2282 = VERTEX_POINT('',#2283);
#2283 = CARTESIAN_POINT('',(-9.5,-16.,27.));
#2284 = SURFACE_CURVE('',#2285,(#2390,#2498),.PCURVE_S1.);
#2285 = B_SPLINE_CURVE_WITH_KNOTS('',7,(#2286,#2287,#2288,#2289,#2290,
    #2291,#2292,#2293,#2294,#2295,#2296,#2297,#2298,#2299,#2300,#2301,
    #2302,#2303,#2304,#2305,#2306,#2307,#2308,#2309,#2310,#2311,#2312,
    #2313,#2314,#2315,#2316,#2317,#2318,#2319,#2320,#2321,#2322,#2323,
    #2324,#2325,#2326,#2327,#2328,#2329,#2330,#2331,#2332,#2333,#2334,
    #2335,#2336,#2337,#2338,#2339,#2340,#2341,#2342,#2343,#2344,#2345,
    #2346,#2347,#2348,#2349,#2350,#2351,#2352,#2353,#2354,#2355,#2356,
    #2357,#2358,#2359,#2360,#2361,#2362,#2363,#2364,#2365,#2366,#2367,
    #2368,#2369,#2370,#2371,#2372,#2373,#2374,#2375,#2376,#2377,#2378,
    #2379,#2380,#2381,#2382,#2383,#2384,#2385,#2386,#2387,#2388,#2389),
  .UNSPECIFIED.,.T.,.F.,(8,6,6,6,6,6,6,6,6,6,6,6,6,6,6,6,6,8),(0.,
    7.210760810306E-02,0.10485609733,0.129968042632,0.233240475812,
    0.267665466643,0.371619717005,0.42869282775,0.47107736582,
    0.529953449413,0.571933065504,0.604777731302,0.734045683733,
    0.76696665652,0.871670632375,0.896564910408,0.928689580684,1.),
  .UNSPECIFIED.);
#2286 = CARTESIAN_POINT('',(-9.5,-16.,27.));
#2287 = CARTESIAN_POINT('',(-9.5,-16.,27.112489478376));
#2288 = CARTESIAN_POINT('',(-9.509841937042,-15.99630930446,
    27.224326527205));
#2289 = CARTESIAN_POINT('',(-9.529320158215,-15.98900487904,
    27.334156836682));
#2290 = CARTESIAN_POINT('',(-9.557927241909,-15.97840841659,
    27.440662649448));
#2291 = CARTESIAN_POINT('',(-9.594857613308,-15.96506872138,
    27.542613378676));
#2292 = CARTESIAN_POINT('',(-9.638996646593,-15.94969833588,
    27.638921033123));
#2293 = CARTESIAN_POINT('',(-9.711557273085,-15.92550992403,
    27.769474790687));
#2294 = CARTESIAN_POINT('',(-9.73547630097,-15.91767181177,
    27.809026795192));
#2295 = CARTESIAN_POINT('',(-9.760573211745,-15.90960461066,
    27.847337105851));
#2296 = CARTESIAN_POINT('',(-9.786771710775,-15.90136179313,
    27.88438984631));
#2297 = CARTESIAN_POINT('',(-9.813998197504,-15.89299533793,
    27.920172437108));
#2298 = CARTESIAN_POINT('',(-9.842181628421,-15.884555301,
    27.954675412114));
#2299 = CARTESIAN_POINT('',(-9.893545957567,-15.86959761888,
    28.013363304235));
#2300 = CARTESIAN_POINT('',(-9.916364227761,-15.86308965164,
    28.038081865648));
#2301 = CARTESIAN_POINT('',(-9.939680283418,-15.85658622121,
    28.062047884138));
#2302 = CARTESIAN_POINT('',(-9.96346778657,-15.85010713608,
    28.08526195219));
#2303 = CARTESIAN_POINT('',(-9.987701968457,-15.84367127687,
    28.107725289822));
#2304 = CARTESIAN_POINT('',(-10.01235962953,-15.83729659629,
    28.129439744586));
#2305 = CARTESIAN_POINT('',(-10.14047593304,-15.80510596778,
    28.236638515833));
#2306 = CARTESIAN_POINT('',(-10.25042732737,-15.78050953384,
    28.310326713341));
#2307 = CARTESIAN_POINT('',(-10.36571698487,-15.7584182838,
    28.371523474109));
#2308 = CARTESIAN_POINT('',(-10.48505456477,-15.73981005017,
    28.42033480681));
#2309 = CARTESIAN_POINT('',(-10.60734147907,-15.72541179858,
    28.456861617052));
#2310 = CARTESIAN_POINT('',(-10.73160069215,-15.71569091446,
    28.481151099017));
#2311 = CARTESIAN_POINT('',(-10.89868154795,-15.70924833461,
    28.497162452677));
#2312 = CARTESIAN_POINT('',(-10.94055093302,-15.70818159835,
    28.499798991518));
#2313 = CARTESIAN_POINT('',(-10.98247846484,-15.70766602768,
    28.50106908342));
#2314 = CARTESIAN_POINT('',(-11.02442385008,-15.70770514943,
    28.500972692043));
#2315 = CARTESIAN_POINT('',(-11.06634675626,-15.70829879004,
    28.499509818259));
#2316 = CARTESIAN_POINT('',(-11.1082068117,-15.70944307564,
    28.496680500147));
#2317 = CARTESIAN_POINT('',(-11.27605793673,-15.71622579599,
    28.479814961766));
#2318 = CARTESIAN_POINT('',(-11.40104158433,-15.72626659592,
    28.454702461775));
#2319 = CARTESIAN_POINT('',(-11.52397770954,-15.74102758194,
    28.417191832092));
#2320 = CARTESIAN_POINT('',(-11.64387048468,-15.76002219416,
    28.367232397427));
#2321 = CARTESIAN_POINT('',(-11.75959624398,-15.78249833591,
    28.30471761597));
#2322 = CARTESIAN_POINT('',(-11.86983018499,-15.80744694221,
    28.229536295305));
#2323 = CARTESIAN_POINT('',(-12.02959383165,-15.84799474804,
    28.093376384209));
#2324 = CARTESIAN_POINT('',(-12.08414487113,-15.86275245766,
    28.041228376716));
#2325 = CARTESIAN_POINT('',(-12.13633070533,-15.87768862737,
    27.985180266319));
#2326 = CARTESIAN_POINT('',(-12.18583233332,-15.89256886185,
    27.92523719022));
#2327 = CARTESIAN_POINT('',(-12.23230084456,-15.90713664769,
    27.861424233759));
#2328 = CARTESIAN_POINT('',(-12.27535547658,-15.921117786,
    27.793789833789));
#2329 = CARTESIAN_POINT('',(-12.34371245182,-15.94395858204,
    27.669399351123));
#2330 = CARTESIAN_POINT('',(-12.37074768387,-15.95321575296,
    27.614294059564));
#2331 = CARTESIAN_POINT('',(-12.39545436883,-15.96185799865,
    27.5572271023));
#2332 = CARTESIAN_POINT('',(-12.41762103202,-15.96975175326,
    27.498349443417));
#2333 = CARTESIAN_POINT('',(-12.43705664511,-15.97677245033,
    27.437828101329));
#2334 = CARTESIAN_POINT('',(-12.45358954743,-15.98280874881,
    27.375845033937));
#2335 = CARTESIAN_POINT('',(-12.48578692917,-15.99465389892,
    27.224737239009));
#2336 = CARTESIAN_POINT('',(-12.49859626619,-15.99945499985,
    27.134503497078));
#2337 = CARTESIAN_POINT('',(-12.50501641832,-16.00189281964,
    27.042821175697));
#2338 = CARTESIAN_POINT('',(-12.50481560216,-16.00181658653,
    26.950666726848));
#2339 = CARTESIAN_POINT('',(-12.49799839883,-15.9992293333,
    26.859033166124));
#2340 = CARTESIAN_POINT('',(-12.48480604777,-15.99428769285,
    26.768896510592));
#2341 = CARTESIAN_POINT('',(-12.45212306195,-15.98227338737,
    26.618640394066));
#2342 = CARTESIAN_POINT('',(-12.43553231667,-15.97622150898,
    26.557357477288));
#2343 = CARTESIAN_POINT('',(-12.41610501915,-15.96921081737,
    26.497521586317));
#2344 = CARTESIAN_POINT('',(-12.39400881646,-15.9613500806,
    26.439307526097));
#2345 = CARTESIAN_POINT('',(-12.36942961833,-15.95276052437,
    26.38287570304));
#2346 = CARTESIAN_POINT('',(-12.34257262136,-15.943571819,
    26.328371093005));
#2347 = CARTESIAN_POINT('',(-12.2910448341,-15.92636501306,
    26.234886434826));
#2348 = CARTESIAN_POINT('',(-12.26715368313,-15.91852177586,
    26.195079264557));
#2349 = CARTESIAN_POINT('',(-12.24207008592,-15.9104435594,
    26.156520806745));
#2350 = CARTESIAN_POINT('',(-12.21587142436,-15.90218453253,
    26.119227599482));
#2351 = CARTESIAN_POINT('',(-12.18863239825,-15.89379738383,
    26.083212797178));
#2352 = CARTESIAN_POINT('',(-12.16042516698,-15.88533287722,
    26.048486357044));
#2353 = CARTESIAN_POINT('',(-12.0167672189,-15.84341134794,
    25.883479098809));
#2354 = CARTESIAN_POINT('',(-11.88811922081,-15.80948242011,
    25.77176166491));
#2355 = CARTESIAN_POINT('',(-11.74909502384,-15.77787040465,
    25.679921938644));
#2356 = CARTESIAN_POINT('',(-11.60251201659,-15.75084689553,
    25.607673313913));
#2357 = CARTESIAN_POINT('',(-11.4506116033,-15.73005477222,
    25.554720945459));
#2358 = CARTESIAN_POINT('',(-11.29526294888,-15.71652209946,
    25.520909440188));
#2359 = CARTESIAN_POINT('',(-11.0981639077,-15.70918290355,
    25.502676352912));
#2360 = CARTESIAN_POINT('',(-11.05806972082,-15.70819248169,
    25.500228244239));
#2361 = CARTESIAN_POINT('',(-11.01792380735,-15.70770746798,
    25.499033022753));
#2362 = CARTESIAN_POINT('',(-10.97776159881,-15.70773087762,
    25.499090717106));
#2363 = CARTESIAN_POINT('',(-10.93761849699,-15.70826261488,
    25.500401325595));
#2364 = CARTESIAN_POINT('',(-10.89752987389,-15.70929947305,
    25.502964816162));
#2365 = CARTESIAN_POINT('',(-10.73031631314,-15.71571925079,
    25.518918764509));
#2366 = CARTESIAN_POINT('',(-10.60418567283,-15.72564235377,
    25.543712472632));
#2367 = CARTESIAN_POINT('',(-10.48010014974,-15.74038321408,
    25.581114837661));
#2368 = CARTESIAN_POINT('',(-10.35907980049,-15.75944982117,
    25.631176747823));
#2369 = CARTESIAN_POINT('',(-10.24227530752,-15.78207490346,
    25.69400686038));
#2370 = CARTESIAN_POINT('',(-10.13104415026,-15.80722503706,
    25.769718545121));
#2371 = CARTESIAN_POINT('',(-10.00230144127,-15.83989976923,
    25.879440601274));
#2372 = CARTESIAN_POINT('',(-9.977973840766,-15.84624821553,
    25.901252847127));
#2373 = CARTESIAN_POINT('',(-9.954070034356,-15.85265183005,
    25.923803424862));
#2374 = CARTESIAN_POINT('',(-9.930613033124,-15.85909285405,
    25.947094049916));
#2375 = CARTESIAN_POINT('',(-9.907627402695,-15.865552622,
    25.971125769503));
#2376 = CARTESIAN_POINT('',(-9.885139263237,-15.87201156161,
    25.995898962606));
#2377 = CARTESIAN_POINT('',(-9.83483430301,-15.88675659724,
    26.054338213702));
#2378 = CARTESIAN_POINT('',(-9.807361316652,-15.89503014916,
    26.088503611428));
#2379 = CARTESIAN_POINT('',(-9.780823303571,-15.90322416762,
    26.12390251478));
#2380 = CARTESIAN_POINT('',(-9.755288385467,-15.91129082752,
    26.160525089595));
#2381 = CARTESIAN_POINT('',(-9.730826960261,-15.91918056859,
    26.198358521805));
#2382 = CARTESIAN_POINT('',(-9.707511829787,-15.92684250333,
    26.23738685333));
#2383 = CARTESIAN_POINT('',(-9.63637511867,-15.95061212017,
    26.366835674026));
#2384 = CARTESIAN_POINT('',(-9.593033228093,-15.96572794439,
    26.462452677457));
#2385 = CARTESIAN_POINT('',(-9.556795318999,-15.97882769702,
    26.563570426829));
#2386 = CARTESIAN_POINT('',(-9.528739810494,-15.98922251131,
    26.66912318238));
#2387 = CARTESIAN_POINT('',(-9.509645118528,-15.9963831103,
    26.777908603527));
#2388 = CARTESIAN_POINT('',(-9.5,-16.,26.888640986206));
#2389 = CARTESIAN_POINT('',(-9.5,-16.,27.));
#2390 = PCURVE('',#1135,#2391);
#2391 = DEFINITIONAL_REPRESENTATION('',(#2392),#2497);
#2392 = B_SPLINE_CURVE_WITH_KNOTS('',7,(#2393,#2394,#2395,#2396,#2397,
    #2398,#2399,#2400,#2401,#2402,#2403,#2404,#2405,#2406,#2407,#2408,
    #2409,#2410,#2411,#2412,#2413,#2414,#2415,#2416,#2417,#2418,#2419,
    #2420,#2421,#2422,#2423,#2424,#2425,#2426,#2427,#2428,#2429,#2430,
    #2431,#2432,#2433,#2434,#2435,#2436,#2437,#2438,#2439,#2440,#2441,
    #2442,#2443,#2444,#2445,#2446,#2447,#2448,#2449,#2450,#2451,#2452,
    #2453,#2454,#2455,#2456,#2457,#2458,#2459,#2460,#2461,#2462,#2463,
    #2464,#2465,#2466,#2467,#2468,#2469,#2470,#2471,#2472,#2473,#2474,
    #2475,#2476,#2477,#2478,#2479,#2480,#2481,#2482,#2483,#2484,#2485,
    #2486,#2487,#2488,#2489,#2490,#2491,#2492,#2493,#2494,#2495,#2496),
  .UNSPECIFIED.,.T.,.F.,(8,6,6,6,6,6,6,6,6,6,6,6,6,6,6,6,6,8),(0.,
    7.210760810306E-02,0.10485609733,0.129968042632,0.233240475812,
    0.267665466643,0.371619717005,0.42869282775,0.47107736582,
    0.529953449413,0.571933065504,0.604777731302,0.734045683733,
    0.76696665652,0.871670632375,0.896564910408,0.928689580684,1.),
  .UNSPECIFIED.);
#2393 = CARTESIAN_POINT('',(4.712388980385,10.5));
#2394 = CARTESIAN_POINT('',(4.684266610791,10.5));
#2395 = CARTESIAN_POINT('',(4.656307306304,10.490158062958));
#2396 = CARTESIAN_POINT('',(4.628813555003,10.470679841785));
#2397 = CARTESIAN_POINT('',(4.602079780163,10.442072758091));
#2398 = CARTESIAN_POINT('',(4.576391760628,10.405142386692));
#2399 = CARTESIAN_POINT('',(4.552017686571,10.361003353407));
#2400 = CARTESIAN_POINT('',(4.518823783816,10.288442726915));
#2401 = CARTESIAN_POINT('',(4.508744270977,10.26452369903));
#2402 = CARTESIAN_POINT('',(4.498957731414,10.239426788255));
#2403 = CARTESIAN_POINT('',(4.4894691413,10.213228289225));
#2404 = CARTESIAN_POINT('',(4.480283009804,10.186001802496));
#2405 = CARTESIAN_POINT('',(4.471403355225,10.157818371579));
#2406 = CARTESIAN_POINT('',(4.456262349363,10.106454042433));
#2407 = CARTESIAN_POINT('',(4.449872309475,10.083635772239));
#2408 = CARTESIAN_POINT('',(4.443664403932,10.060319716582));
#2409 = CARTESIAN_POINT('',(4.437639359545,10.03653221343));
#2410 = CARTESIAN_POINT('',(4.431797787463,10.012298031543));
#2411 = CARTESIAN_POINT('',(4.426140183171,9.987640370469));
#2412 = CARTESIAN_POINT('',(4.398158254716,9.859524066953));
#2413 = CARTESIAN_POINT('',(4.378746065365,9.74957267263));
#2414 = CARTESIAN_POINT('',(4.362486179663,9.634283015122));
#2415 = CARTESIAN_POINT('',(4.349428291242,9.514945435226));
#2416 = CARTESIAN_POINT('',(4.33961286365,9.392658520924));
#2417 = CARTESIAN_POINT('',(4.333072281302,9.26839930785));
#2418 = CARTESIAN_POINT('',(4.328757551581,9.10131845205));
#2419 = CARTESIAN_POINT('',(4.328046511408,9.059449066971));
#2420 = CARTESIAN_POINT('',(4.327703825756,9.01752153516));
#2421 = CARTESIAN_POINT('',(4.327729832612,8.975576149916));
#2422 = CARTESIAN_POINT('',(4.328124515583,8.933653243732));
#2423 = CARTESIAN_POINT('',(4.328887503895,8.891793188298));
#2424 = CARTESIAN_POINT('',(4.333432086385,8.723942063267));
#2425 = CARTESIAN_POINT('',(4.340193407215,8.598958415661));
#2426 = CARTESIAN_POINT('',(4.350270888713,8.476022290454));
#2427 = CARTESIAN_POINT('',(4.363631248678,8.356129515313));
#2428 = CARTESIAN_POINT('',(4.380233384411,8.240403756012));
#2429 = CARTESIAN_POINT('',(4.40002705183,8.130169815003));
#2430 = CARTESIAN_POINT('',(4.435544341587,7.970406168344));
#2431 = CARTESIAN_POINT('',(4.449092083463,7.915855128863));
#2432 = CARTESIAN_POINT('',(4.463590268783,7.863669294661));
#2433 = CARTESIAN_POINT('',(4.479026456988,7.814167666679));
#2434 = CARTESIAN_POINT('',(4.495384879514,7.767699155432));
#2435 = CARTESIAN_POINT('',(4.512646687317,7.724644523412));
#2436 = CARTESIAN_POINT('',(4.544264220173,7.656287548173));
#2437 = CARTESIAN_POINT('',(4.558231990487,7.629252316127));
#2438 = CARTESIAN_POINT('',(4.572658298219,7.604545631163));
#2439 = CARTESIAN_POINT('',(4.587505382122,7.582378967977));
#2440 = CARTESIAN_POINT('',(4.602733158557,7.562943354887));
#2441 = CARTESIAN_POINT('',(4.618299449223,7.546410452562));
#2442 = CARTESIAN_POINT('',(4.656192286004,7.514213070826));
#2443 = CARTESIAN_POINT('',(4.678775558697,7.501403733802));
#2444 = CARTESIAN_POINT('',(4.70169104028,7.494983581678));
#2445 = CARTESIAN_POINT('',(4.724714177172,7.495184397839));
#2446 = CARTESIAN_POINT('',(4.747618530812,7.502001601163));
#2447 = CARTESIAN_POINT('',(4.770179498388,7.515193952229));
#2448 = CARTESIAN_POINT('',(4.807863417446,7.547876938049));
#2449 = CARTESIAN_POINT('',(4.823255978029,7.564467683321));
#2450 = CARTESIAN_POINT('',(4.838313388427,7.583894980841));
#2451 = CARTESIAN_POINT('',(4.852995087648,7.605991183537));
#2452 = CARTESIAN_POINT('',(4.867262534944,7.630570381667));
#2453 = CARTESIAN_POINT('',(4.881079425363,7.657427378637));
#2454 = CARTESIAN_POINT('',(4.904843178598,7.708955165894));
#2455 = CARTESIAN_POINT('',(4.91498550658,7.73284631687));
#2456 = CARTESIAN_POINT('',(4.924833303898,7.757929914077));
#2457 = CARTESIAN_POINT('',(4.93438144071,7.784128575635));
#2458 = CARTESIAN_POINT('',(4.943625266962,7.811367601749));
#2459 = CARTESIAN_POINT('',(4.952560636642,7.839574833013));
#2460 = CARTESIAN_POINT('',(4.99512295117,7.983232781091));
#2461 = CARTESIAN_POINT('',(5.02428098177,8.111880779182));
#2462 = CARTESIAN_POINT('',(5.048543893498,8.250904976151));
#2463 = CARTESIAN_POINT('',(5.067823867945,8.397487983408));
#2464 = CARTESIAN_POINT('',(5.082045444943,8.549388396691));
#2465 = CARTESIAN_POINT('',(5.091150213044,8.704737051113));
#2466 = CARTESIAN_POINT('',(5.096063900994,8.901836092297));
#2467 = CARTESIAN_POINT('',(5.096724116983,8.941930279177));
#2468 = CARTESIAN_POINT('',(5.097046586402,8.982076192647));
#2469 = CARTESIAN_POINT('',(5.097031020777,9.022238401183));
#2470 = CARTESIAN_POINT('',(5.096677429441,9.06238150301));
#2471 = CARTESIAN_POINT('',(5.095986119528,9.102470126104));
#2472 = CARTESIAN_POINT('',(5.091686831695,9.269683686858));
#2473 = CARTESIAN_POINT('',(5.085010435859,9.395814327164));
#2474 = CARTESIAN_POINT('',(5.074959960061,9.519899850251));
#2475 = CARTESIAN_POINT('',(5.061569232671,9.640920199502));
#2476 = CARTESIAN_POINT('',(5.044880404845,9.757724692474));
#2477 = CARTESIAN_POINT('',(5.024945283688,9.86895584974));
#2478 = CARTESIAN_POINT('',(4.996324303917,9.997698558727));
#2479 = CARTESIAN_POINT('',(4.990645075673,10.022026159234));
#2480 = CARTESIAN_POINT('',(4.984784743374,10.045929965644));
#2481 = CARTESIAN_POINT('',(4.978743807214,10.069386966876));
#2482 = CARTESIAN_POINT('',(4.97252289206,10.092372597305));
#2483 = CARTESIAN_POINT('',(4.966122747456,10.114860736763));
#2484 = CARTESIAN_POINT('',(4.951055062365,10.16516569699));
#2485 = CARTESIAN_POINT('',(4.942267240019,10.192638683348));
#2486 = CARTESIAN_POINT('',(4.933184279129,10.219176696429));
#2487 = CARTESIAN_POINT('',(4.923810170094,10.244711614533));
#2488 = CARTESIAN_POINT('',(4.914149372617,10.269173039739));
#2489 = CARTESIAN_POINT('',(4.904206793153,10.292488170213));
#2490 = CARTESIAN_POINT('',(4.871303533564,10.36362488133));
#2491 = CARTESIAN_POINT('',(4.847109837344,10.406966771907));
#2492 = CARTESIAN_POINT('',(4.821635679177,10.443204681001));
#2493 = CARTESIAN_POINT('',(4.795143322052,10.471260189506));
#2494 = CARTESIAN_POINT('',(4.767911869939,10.490354881472));
#2495 = CARTESIAN_POINT('',(4.740228733833,10.5));
#2496 = CARTESIAN_POINT('',(4.712388980385,10.5));
#2497 = ( GEOMETRIC_REPRESENTATION_CONTEXT(2) 
PARAMETRIC_REPRESENTATION_CONTEXT() REPRESENTATION_CONTEXT('2D SPACE',''
  ) );
#2498 = PCURVE('',#2499,#2504);
#2499 = CYLINDRICAL_SURFACE('',#2500,1.5);
#2500 = AXIS2_PLACEMENT_3D('',#2501,#2502,#2503);
#2501 = CARTESIAN_POINT('',(-11.,2.,27.));
#2502 = DIRECTION('',(0.,-1.,0.));
#2503 = DIRECTION('',(1.,0.,0.));
#2504 = DEFINITIONAL_REPRESENTATION('',(#2505),#2610);
#2505 = B_SPLINE_CURVE_WITH_KNOTS('',7,(#2506,#2507,#2508,#2509,#2510,
    #2511,#2512,#2513,#2514,#2515,#2516,#2517,#2518,#2519,#2520,#2521,
    #2522,#2523,#2524,#2525,#2526,#2527,#2528,#2529,#2530,#2531,#2532,
    #2533,#2534,#2535,#2536,#2537,#2538,#2539,#2540,#2541,#2542,#2543,
    #2544,#2545,#2546,#2547,#2548,#2549,#2550,#2551,#2552,#2553,#2554,
    #2555,#2556,#2557,#2558,#2559,#2560,#2561,#2562,#2563,#2564,#2565,
    #2566,#2567,#2568,#2569,#2570,#2571,#2572,#2573,#2574,#2575,#2576,
    #2577,#2578,#2579,#2580,#2581,#2582,#2583,#2584,#2585,#2586,#2587,
    #2588,#2589,#2590,#2591,#2592,#2593,#2594,#2595,#2596,#2597,#2598,
    #2599,#2600,#2601,#2602,#2603,#2604,#2605,#2606,#2607,#2608,#2609),
  .UNSPECIFIED.,.F.,.F.,(8,6,6,6,6,6,6,6,6,6,6,6,6,6,6,6,6,8),(0.,
    7.210760810306E-02,0.10485609733,0.129968042632,0.233240475812,
    0.267665466643,0.371619717005,0.42869282775,0.47107736582,
    0.529953449413,0.571933065504,0.604777731302,0.734045683733,
    0.76696665652,0.871670632375,0.896564910408,0.928689580684,1.),
  .UNSPECIFIED.);
#2506 = CARTESIAN_POINT('',(0.,18.));
#2507 = CARTESIAN_POINT('',(7.499298558415E-02,18.));
#2508 = CARTESIAN_POINT('',(0.149550893282,17.996309304468));
#2509 = CARTESIAN_POINT('',(0.22346042625,17.98900487904));
#2510 = CARTESIAN_POINT('',(0.296494224697,17.978408416594));
#2511 = CARTESIAN_POINT('',(0.368387567393,17.965068721387));
#2512 = CARTESIAN_POINT('',(0.438802378003,17.949698335881));
#2513 = CARTESIAN_POINT('',(0.538377761242,17.925509924034));
#2514 = CARTESIAN_POINT('',(0.56917182601,17.917671811777));
#2515 = CARTESIAN_POINT('',(0.599672919875,17.90960461066));
#2516 = CARTESIAN_POINT('',(0.629891913582,17.901361793137));
#2517 = CARTESIAN_POINT('',(0.659838581142,17.892995337932));
#2518 = CARTESIAN_POINT('',(0.689521821682,17.884555301001));
#2519 = CARTESIAN_POINT('',(0.741515680252,17.869597618881));
#2520 = CARTESIAN_POINT('',(0.763934849303,17.863089651649));
#2521 = CARTESIAN_POINT('',(0.78621373118,17.856586221213));
#2522 = CARTESIAN_POINT('',(0.808358768279,17.850107136084));
#2523 = CARTESIAN_POINT('',(0.830376502665,17.843671276875));
#2524 = CARTESIAN_POINT('',(0.852273576079,17.837296596299));
#2525 = CARTESIAN_POINT('',(0.963639566866,17.805105967781));
#2526 = CARTESIAN_POINT('',(1.051382024943,17.78050953384));
#2527 = CARTESIAN_POINT('',(1.137682574416,17.758418283808));
#2528 = CARTESIAN_POINT('',(1.222888623987,17.739810050178));
#2529 = CARTESIAN_POINT('',(1.307328772049,17.725411798584));
#2530 = CARTESIAN_POINT('',(1.391335469938,17.715690914467));
#2531 = CARTESIAN_POINT('',(1.503232994129,17.709248334619));
#2532 = CARTESIAN_POINT('',(1.531186373631,17.708181598359));
#2533 = CARTESIAN_POINT('',(1.55912708447,17.707666027688));
#2534 = CARTESIAN_POINT('',(1.58706395102,17.70770514943));
#2535 = CARTESIAN_POINT('',(1.61500577326,17.708298790049));
#2536 = CARTESIAN_POINT('',(1.642961326773,17.709443075644));
#2537 = CARTESIAN_POINT('',(1.755425536506,17.716225795992));
#2538 = CARTESIAN_POINT('',(1.840004593744,17.72626659592));
#2539 = CARTESIAN_POINT('',(1.925035383256,17.741027581949));
#2540 = CARTESIAN_POINT('',(2.010859442207,17.760022194163));
#2541 = CARTESIAN_POINT('',(2.097814316705,17.782498335916));
#2542 = CARTESIAN_POINT('',(2.186257366346,17.807446942215));
#2543 = CARTESIAN_POINT('',(2.326200123188,17.84799474804));
#2544 = CARTESIAN_POINT('',(2.376429157759,17.862752457663));
#2545 = CARTESIAN_POINT('',(2.427344452729,17.877688627373));
#2546 = CARTESIAN_POINT('',(2.479003285107,17.892568861855));
#2547 = CARTESIAN_POINT('',(2.531467327567,17.907136647696));
#2548 = CARTESIAN_POINT('',(2.584807063401,17.921117786));
#2549 = CARTESIAN_POINT('',(2.679430687986,17.943958582049));
#2550 = CARTESIAN_POINT('',(2.720306604418,17.953215752965));
#2551 = CARTESIAN_POINT('',(2.761688236915,17.961857998651));
#2552 = CARTESIAN_POINT('',(2.803539536422,17.969751753267));
#2553 = CARTESIAN_POINT('',(2.845832246797,17.976772450332));
#2554 = CARTESIAN_POINT('',(2.888544032928,17.982808748812));
#2555 = CARTESIAN_POINT('',(2.991544005051,17.99465389892));
#2556 = CARTESIAN_POINT('',(3.052158623363,17.999454999852));
#2557 = CARTESIAN_POINT('',(3.113181204859,18.001892819649));
#2558 = CARTESIAN_POINT('',(3.174331209831,18.001816586531));
#2559 = CARTESIAN_POINT('',(3.235340688736,17.999229333305));
#2560 = CARTESIAN_POINT('',(3.295928034629,17.994287692854));
#2561 = CARTESIAN_POINT('',(3.398441075785,17.982273387373));
#2562 = CARTESIAN_POINT('',(3.440713768869,17.976221508988));
#2563 = CARTESIAN_POINT('',(3.482572498825,17.969210817378));
#2564 = CARTESIAN_POINT('',(3.523996118172,17.961350080607));
#2565 = CARTESIAN_POINT('',(3.56495778035,17.952760524377));
#2566 = CARTESIAN_POINT('',(3.605423190585,17.943571819003));
#2567 = CARTESIAN_POINT('',(3.676586521262,17.926365013061));
#2568 = CARTESIAN_POINT('',(3.707516428314,17.918521775861));
#2569 = CARTESIAN_POINT('',(3.738150779667,17.910443559406));
#2570 = CARTESIAN_POINT('',(3.768500432684,17.902184532532));
#2571 = CARTESIAN_POINT('',(3.798575120869,17.893797383835));
#2572 = CARTESIAN_POINT('',(3.828383674377,17.885332877225));
#2573 = CARTESIAN_POINT('',(3.974237484468,17.843411347944));
#2574 = CARTESIAN_POINT('',(4.086726171992,17.809482420114));
#2575 = CARTESIAN_POINT('',(4.196331019192,17.777870404656));
#2576 = CARTESIAN_POINT('',(4.303778442138,17.750846895535));
#2577 = CARTESIAN_POINT('',(4.409767414761,17.730054772228));
#2578 = CARTESIAN_POINT('',(4.514969095359,17.716522099467));
#2579 = CARTESIAN_POINT('',(4.646929489261,17.709182903555));
#2580 = CARTESIAN_POINT('',(4.673695712954,17.708192481691));
#2581 = CARTESIAN_POINT('',(4.700450628574,17.707707467981));
#2582 = CARTESIAN_POINT('',(4.72720193969,17.707730877628));
#2583 = CARTESIAN_POINT('',(4.753957374494,17.708262614884));
#2584 = CARTESIAN_POINT('',(4.780724685804,17.709299473058));
#2585 = CARTESIAN_POINT('',(4.892706635476,17.715719250795));
#2586 = CARTESIAN_POINT('',(4.977983855097,17.725642353772));
#2587 = CARTESIAN_POINT('',(5.063710695092,17.740383214083));
#2588 = CARTESIAN_POINT('',(5.150236365541,17.759449821179));
#2589 = CARTESIAN_POINT('',(5.237905763124,17.782074903468));
#2590 = CARTESIAN_POINT('',(5.327084158059,17.807225037064));
#2591 = CARTESIAN_POINT('',(5.439854553551,17.839899769235));
#2592 = CARTESIAN_POINT('',(5.46163055999,17.846248215538));
#2593 = CARTESIAN_POINT('',(5.483527335787,17.852651830056));
#2594 = CARTESIAN_POINT('',(5.505551371636,17.859092854051));
#2595 = CARTESIAN_POINT('',(5.527709038762,17.865552622004));
#2596 = CARTESIAN_POINT('',(5.550006588919,17.872011561613));
#2597 = CARTESIAN_POINT('',(5.601412317489,17.886756597241));
#2598 = CARTESIAN_POINT('',(5.630623302387,17.895030149163));
#2599 = CARTESIAN_POINT('',(5.660090576172,17.903224167624));
#2600 = CARTESIAN_POINT('',(5.689822259178,17.911290827528));
#2601 = CARTESIAN_POINT('',(5.719827319724,17.919180568595));
#2602 = CARTESIAN_POINT('',(5.75011576885,17.926842503331));
#2603 = CARTESIAN_POINT('',(5.848587262409,17.950612120178));
#2604 = CARTESIAN_POINT('',(5.918368026933,17.96572794439));
#2605 = CARTESIAN_POINT('',(5.989593241378,17.978827697022));
#2606 = CARTESIAN_POINT('',(6.061932137579,17.989222511318));
#2607 = CARTESIAN_POINT('',(6.135124495057,17.9963831103));
#2608 = CARTESIAN_POINT('',(6.208945964651,18.));
#2609 = CARTESIAN_POINT('',(6.28318530718,18.));
#2610 = ( GEOMETRIC_REPRESENTATION_CONTEXT(2) 
PARAMETRIC_REPRESENTATION_CONTEXT() REPRESENTATION_CONTEXT('2D SPACE',''
  ) );
#2611 = ADVANCED_FACE('',(#2612),#1323,.T.);
#2612 = FACE_BOUND('',#2613,.T.);
#2613 = EDGE_LOOP('',(#2614,#2615,#2722,#2723));
#2614 = ORIENTED_EDGE('',*,*,#1306,.F.);
#2615 = ORIENTED_EDGE('',*,*,#2616,.F.);
#2616 = EDGE_CURVE('',#1447,#1283,#2617,.T.);
#2617 = SURFACE_CURVE('',#2618,(#2649,#2683),.PCURVE_S1.);
#2618 = B_SPLINE_CURVE_WITH_KNOTS('',8,(#2619,#2620,#2621,#2622,#2623,
    #2624,#2625,#2626,#2627,#2628,#2629,#2630,#2631,#2632,#2633,#2634,
    #2635,#2636,#2637,#2638,#2639,#2640,#2641,#2642,#2643,#2644,#2645,
    #2646,#2647,#2648),.UNSPECIFIED.,.F.,.F.,(9,7,7,7,9),(0.,
    0.21625087714,0.37785277045,0.672114814222,1.),.UNSPECIFIED.);
#2619 = CARTESIAN_POINT('',(14.,-22.,27.));
#2620 = CARTESIAN_POINT('',(14.,-22.,27.312050401822));
#2621 = CARTESIAN_POINT('',(13.962905020526,-21.98887097216,
    27.616955980581));
#2622 = CARTESIAN_POINT('',(13.891685199882,-21.96750719221,
    27.909728179468));
#2623 = CARTESIAN_POINT('',(13.789976926613,-21.93769234978,
    28.185994667508));
#2624 = CARTESIAN_POINT('',(13.66211287315,-21.90185961949,
    28.44205640488));
#2625 = CARTESIAN_POINT('',(13.513159983385,-21.86272742285,
    28.675013628769));
#2626 = CARTESIAN_POINT('',(13.348954499459,-21.82289133055,
    28.882937447045));
#2627 = CARTESIAN_POINT('',(13.046968125837,-21.75572768253,
    29.201164685674));
#2628 = CARTESIAN_POINT('',(12.910901853944,-21.72731754758,
    29.32506600592));
#2629 = CARTESIAN_POINT('',(12.769064619732,-21.69984518788,
    29.437051146424));
#2630 = CARTESIAN_POINT('',(12.622404082599,-21.67383116937,
    29.537416277583));
#2631 = CARTESIAN_POINT('',(12.471705767975,-21.64970447846,
    29.626449653128));
#2632 = CARTESIAN_POINT('',(12.317622598637,-21.62781405628,
    29.704412218714));
#2633 = CARTESIAN_POINT('',(12.160703428332,-21.60844097497,
    29.771519457583));
#2634 = CARTESIAN_POINT('',(11.711381295337,-21.56153008213,
    29.930632769925));
#2635 = CARTESIAN_POINT('',(11.413762281619,-21.54037165625,
    29.997765316695));
#2636 = CARTESIAN_POINT('',(11.111891932947,-21.52971431017,
    30.030201543711));
#2637 = CARTESIAN_POINT('',(10.808586894468,-21.53025592226,
    30.028365389652));
#2638 = CARTESIAN_POINT('',(10.506536974622,-21.54206491478,
    29.992277801818));
#2639 = CARTESIAN_POINT('',(10.208533153019,-21.56458546038,
    29.921577803268));
#2640 = CARTESIAN_POINT('',(9.917716834314,-21.59659700108,
    29.815527896426));
#2641 = CARTESIAN_POINT('',(9.326382255059,-21.68017630058,
    29.51422787913));
#2642 = CARTESIAN_POINT('',(9.019427788033,-21.73485134168,
    29.305520186634));
#2643 = CARTESIAN_POINT('',(8.729273114016,-21.79763120543,
    29.043396047774));
#2644 = CARTESIAN_POINT('',(8.468596899357,-21.8634734068,
    28.727073795495));
#2645 = CARTESIAN_POINT('',(8.250631947966,-21.92481775044,
    28.358343714368));
#2646 = CARTESIAN_POINT('',(8.089415981679,-21.97317381881,
    27.941665602914));
#2647 = CARTESIAN_POINT('',(8.,-22.,27.48448094698));
#2648 = CARTESIAN_POINT('',(8.,-22.,27.));
#2649 = PCURVE('',#1323,#2650);
#2650 = DEFINITIONAL_REPRESENTATION('',(#2651),#2682);
#2651 = B_SPLINE_CURVE_WITH_KNOTS('',8,(#2652,#2653,#2654,#2655,#2656,
    #2657,#2658,#2659,#2660,#2661,#2662,#2663,#2664,#2665,#2666,#2667,
    #2668,#2669,#2670,#2671,#2672,#2673,#2674,#2675,#2676,#2677,#2678,
    #2679,#2680,#2681),.UNSPECIFIED.,.F.,.F.,(9,7,7,7,9),(0.,
    0.21625087714,0.37785277045,0.672114814222,1.),.UNSPECIFIED.);
#2652 = CARTESIAN_POINT('',(3.14159265359,-6.));
#2653 = CARTESIAN_POINT('',(3.172797693772,-6.));
#2654 = CARTESIAN_POINT('',(3.203288282618,-5.962905020526));
#2655 = CARTESIAN_POINT('',(3.232611676523,-5.891685199882));
#2656 = CARTESIAN_POINT('',(3.260368553524,-5.789976926613));
#2657 = CARTESIAN_POINT('',(3.286203374857,-5.66211287315));
#2658 = CARTESIAN_POINT('',(3.309815001383,-5.513159983385));
#2659 = CARTESIAN_POINT('',(3.330981824221,-5.348954499459));
#2660 = CARTESIAN_POINT('',(3.363505589535,-5.046968125837));
#2661 = CARTESIAN_POINT('',(3.376215345045,-4.910901853944));
#2662 = CARTESIAN_POINT('',(3.387743895321,-4.769064619732));
#2663 = CARTESIAN_POINT('',(3.398110613612,-4.622404082599));
#2664 = CARTESIAN_POINT('',(3.407334233349,-4.471705767975));
#2665 = CARTESIAN_POINT('',(3.415431604954,-4.317622598637));
#2666 = CARTESIAN_POINT('',(3.422416262635,-4.160703428332));
#2667 = CARTESIAN_POINT('',(3.439004715857,-3.711381295337));
#2668 = CARTESIAN_POINT('',(3.446042296835,-3.413762281619));
#2669 = CARTESIAN_POINT('',(3.449456730571,-3.111891932947));
#2670 = CARTESIAN_POINT('',(3.449265597329,-2.808586894468));
#2671 = CARTESIAN_POINT('',(3.445468029431,-2.506536974622));
#2672 = CARTESIAN_POINT('',(3.438048419044,-2.208533153019));
#2673 = CARTESIAN_POINT('',(3.426973630122,-1.917716834314));
#2674 = CARTESIAN_POINT('',(3.395705883205,-1.326382255059));
#2675 = CARTESIAN_POINT('',(3.374133109228,-1.019427788033));
#2676 = CARTESIAN_POINT('',(3.347189328525,-0.729273114014));
#2677 = CARTESIAN_POINT('',(3.31491056344,-0.46859689936));
#2678 = CARTESIAN_POINT('',(3.277600495873,-0.250631947964));
#2679 = CARTESIAN_POINT('',(3.2357591811,-8.941598167965E-02));
#2680 = CARTESIAN_POINT('',(3.190040748288,0.));
#2681 = CARTESIAN_POINT('',(3.14159265359,0.));
#2682 = ( GEOMETRIC_REPRESENTATION_CONTEXT(2) 
PARAMETRIC_REPRESENTATION_CONTEXT() REPRESENTATION_CONTEXT('2D SPACE',''
  ) );
#2683 = PCURVE('',#2684,#2689);
#2684 = CYLINDRICAL_SURFACE('',#2685,3.);
#2685 = AXIS2_PLACEMENT_3D('',#2686,#2687,#2688);
#2686 = CARTESIAN_POINT('',(11.,-19.,27.));
#2687 = DIRECTION('',(0.,-1.,0.));
#2688 = DIRECTION('',(1.,0.,0.));
#2689 = DEFINITIONAL_REPRESENTATION('',(#2690),#2721);
#2690 = B_SPLINE_CURVE_WITH_KNOTS('',8,(#2691,#2692,#2693,#2694,#2695,
    #2696,#2697,#2698,#2699,#2700,#2701,#2702,#2703,#2704,#2705,#2706,
    #2707,#2708,#2709,#2710,#2711,#2712,#2713,#2714,#2715,#2716,#2717,
    #2718,#2719,#2720),.UNSPECIFIED.,.F.,.F.,(9,7,7,7,9),(0.,
    0.21625087714,0.37785277045,0.672114814222,1.),.UNSPECIFIED.);
#2691 = CARTESIAN_POINT('',(0.,3.));
#2692 = CARTESIAN_POINT('',(0.104016800607,3.));
#2693 = CARTESIAN_POINT('',(0.20565192117,2.98887097216));
#2694 = CARTESIAN_POINT('',(0.304957782832,2.967507192217));
#2695 = CARTESIAN_POINT('',(0.40186146216,2.937692349784));
#2696 = CARTESIAN_POINT('',(0.496176215043,2.901859619498));
#2697 = CARTESIAN_POINT('',(0.587573774413,2.862727422858));
#2698 = CARTESIAN_POINT('',(0.675525220787,2.822891330553));
#2699 = CARTESIAN_POINT('',(0.8217610825,2.755727682535));
#2700 = CARTESIAN_POINT('',(0.882940074502,2.727317547585));
#2701 = CARTESIAN_POINT('',(0.942934402313,2.699845187884));
#2702 = CARTESIAN_POINT('',(1.001903665563,2.673831169375));
#2703 = CARTESIAN_POINT('',(1.059996976875,2.649704478467));
#2704 = CARTESIAN_POINT('',(1.117358887135,2.627814056283));
#2705 = CARTESIAN_POINT('',(1.174132121003,2.608440974975));
#2706 = CARTESIAN_POINT('',(1.333019721164,2.561530082133));
#2707 = CARTESIAN_POINT('',(1.434005494909,2.540371656251));
#2708 = CARTESIAN_POINT('',(1.534110385468,2.529714310179));
#2709 = CARTESIAN_POINT('',(1.633928921072,2.530255922262));
#2710 = CARTESIAN_POINT('',(1.734027691461,2.542064914781));
#2711 = CARTESIAN_POINT('',(1.834979656516,2.564585460383));
#2712 = CARTESIAN_POINT('',(1.937401373139,2.596597001082));
#2713 = CARTESIAN_POINT('',(2.158624810978,2.680176300582));
#2714 = CARTESIAN_POINT('',(2.281375596796,2.734851341685));
#2715 = CARTESIAN_POINT('',(2.409629632655,2.797631205436));
#2716 = CARTESIAN_POINT('',(2.543249769429,2.863473406805));
#2717 = CARTESIAN_POINT('',(2.682398414144,2.924817750443));
#2718 = CARTESIAN_POINT('',(2.827703253996,2.973173818813));
#2719 = CARTESIAN_POINT('',(2.980099004596,3.));
#2720 = CARTESIAN_POINT('',(3.14159265359,3.));
#2721 = ( GEOMETRIC_REPRESENTATION_CONTEXT(2) 
PARAMETRIC_REPRESENTATION_CONTEXT() REPRESENTATION_CONTEXT('2D SPACE',''
  ) );
#2722 = ORIENTED_EDGE('',*,*,#1470,.T.);
#2723 = ORIENTED_EDGE('',*,*,#1397,.F.);
#2724 = ADVANCED_FACE('',(#2725,#2751,#3084),#1382,.F.);
#2725 = FACE_BOUND('',#2726,.F.);
#2726 = EDGE_LOOP('',(#2727,#2748,#2749,#2750));
#2727 = ORIENTED_EDGE('',*,*,#2728,.T.);
#2728 = EDGE_CURVE('',#1362,#1499,#2729,.T.);
#2729 = SEAM_CURVE('',#2730,(#2734,#2741),.PCURVE_S1.);
#2730 = LINE('',#2731,#2732);
#2731 = CARTESIAN_POINT('',(2.,-12.,23.));
#2732 = VECTOR('',#2733,1.);
#2733 = DIRECTION('',(1.,0.,0.));
#2734 = PCURVE('',#1382,#2735);
#2735 = DEFINITIONAL_REPRESENTATION('',(#2736),#2740);
#2736 = LINE('',#2737,#2738);
#2737 = CARTESIAN_POINT('',(6.28318530718,-0.));
#2738 = VECTOR('',#2739,1.);
#2739 = DIRECTION('',(0.,1.));
#2740 = ( GEOMETRIC_REPRESENTATION_CONTEXT(2) 
PARAMETRIC_REPRESENTATION_CONTEXT() REPRESENTATION_CONTEXT('2D SPACE',''
  ) );
#2741 = PCURVE('',#1382,#2742);
#2742 = DEFINITIONAL_REPRESENTATION('',(#2743),#2747);
#2743 = LINE('',#2744,#2745);
#2744 = CARTESIAN_POINT('',(0.,-0.));
#2745 = VECTOR('',#2746,1.);
#2746 = DIRECTION('',(0.,1.));
#2747 = ( GEOMETRIC_REPRESENTATION_CONTEXT(2) 
PARAMETRIC_REPRESENTATION_CONTEXT() REPRESENTATION_CONTEXT('2D SPACE',''
  ) );
#2748 = ORIENTED_EDGE('',*,*,#1498,.F.);
#2749 = ORIENTED_EDGE('',*,*,#2728,.F.);
#2750 = ORIENTED_EDGE('',*,*,#1361,.T.);
#2751 = FACE_BOUND('',#2752,.F.);
#2752 = EDGE_LOOP('',(#2753));
#2753 = ORIENTED_EDGE('',*,*,#2754,.T.);
#2754 = EDGE_CURVE('',#2755,#2755,#2757,.T.);
#2755 = VERTEX_POINT('',#2756);
#2756 = CARTESIAN_POINT('',(12.5,-8.,27.));
#2757 = SURFACE_CURVE('',#2758,(#2863,#2971),.PCURVE_S1.);
#2758 = B_SPLINE_CURVE_WITH_KNOTS('',7,(#2759,#2760,#2761,#2762,#2763,
    #2764,#2765,#2766,#2767,#2768,#2769,#2770,#2771,#2772,#2773,#2774,
    #2775,#2776,#2777,#2778,#2779,#2780,#2781,#2782,#2783,#2784,#2785,
    #2786,#2787,#2788,#2789,#2790,#2791,#2792,#2793,#2794,#2795,#2796,
    #2797,#2798,#2799,#2800,#2801,#2802,#2803,#2804,#2805,#2806,#2807,
    #2808,#2809,#2810,#2811,#2812,#2813,#2814,#2815,#2816,#2817,#2818,
    #2819,#2820,#2821,#2822,#2823,#2824,#2825,#2826,#2827,#2828,#2829,
    #2830,#2831,#2832,#2833,#2834,#2835,#2836,#2837,#2838,#2839,#2840,
    #2841,#2842,#2843,#2844,#2845,#2846,#2847,#2848,#2849,#2850,#2851,
    #2852,#2853,#2854,#2855,#2856,#2857,#2858,#2859,#2860,#2861,#2862),
  .UNSPECIFIED.,.T.,.F.,(8,6,6,6,6,6,6,6,6,6,6,6,6,6,6,6,6,8),(0.,
    7.210760804527E-02,0.104856097246,0.129968042528,0.233240475625,
    0.267665466429,0.371619716708,0.428692827407,0.471077365423,
    0.52995344891,0.571933064998,0.604777730838,0.734045683424,
    0.76696665625,0.87167063223,0.896564910293,0.928689580605,1.),
  .UNSPECIFIED.);
#2759 = CARTESIAN_POINT('',(12.5,-8.,27.));
#2760 = CARTESIAN_POINT('',(12.5,-8.,27.112489478376));
#2761 = CARTESIAN_POINT('',(12.490158062958,-8.003690695532,
    27.224326527205));
#2762 = CARTESIAN_POINT('',(12.470679841785,-8.01099512096,
    27.334156836682));
#2763 = CARTESIAN_POINT('',(12.442072758091,-8.021591583406,
    27.440662649449));
#2764 = CARTESIAN_POINT('',(12.405142386692,-8.034931278613,
    27.542613378676));
#2765 = CARTESIAN_POINT('',(12.361003353407,-8.050301664119,
    27.638921033123));
#2766 = CARTESIAN_POINT('',(12.288442726915,-8.074490075966,
    27.769474790687));
#2767 = CARTESIAN_POINT('',(12.26452369903,-8.082328188223,
    27.809026795192));
#2768 = CARTESIAN_POINT('',(12.239426788255,-8.09039538934,
    27.847337105851));
#2769 = CARTESIAN_POINT('',(12.213228289225,-8.098638206863,
    27.88438984631));
#2770 = CARTESIAN_POINT('',(12.186001802496,-8.107004662068,
    27.920172437108));
#2771 = CARTESIAN_POINT('',(12.157818371579,-8.115444698999,
    27.954675412114));
#2772 = CARTESIAN_POINT('',(12.106454042433,-8.130402381119,
    28.013363304235));
#2773 = CARTESIAN_POINT('',(12.083635772239,-8.136910348351,
    28.038081865648));
#2774 = CARTESIAN_POINT('',(12.060319716582,-8.143413778787,
    28.062047884138));
#2775 = CARTESIAN_POINT('',(12.03653221343,-8.149892863916,
    28.08526195219));
#2776 = CARTESIAN_POINT('',(12.012298031543,-8.156328723125,
    28.107725289822));
#2777 = CARTESIAN_POINT('',(11.987640370469,-8.162703403701,
    28.129439744586));
#2778 = CARTESIAN_POINT('',(11.859524066953,-8.194894032219,
    28.236638515833));
#2779 = CARTESIAN_POINT('',(11.74957267263,-8.21949046616,
    28.310326713341));
#2780 = CARTESIAN_POINT('',(11.634283015122,-8.241581716192,
    28.371523474109));
#2781 = CARTESIAN_POINT('',(11.514945435226,-8.260189949822,
    28.42033480681));
#2782 = CARTESIAN_POINT('',(11.392658520924,-8.274588201416,
    28.456861617052));
#2783 = CARTESIAN_POINT('',(11.268399307849,-8.284309085533,
    28.481151099017));
#2784 = CARTESIAN_POINT('',(11.10131845205,-8.290751665381,
    28.497162452677));
#2785 = CARTESIAN_POINT('',(11.059449066971,-8.291818401641,
    28.499798991518));
#2786 = CARTESIAN_POINT('',(11.01752153516,-8.292333972312,
    28.50106908342));
#2787 = CARTESIAN_POINT('',(10.975576149916,-8.29229485057,
    28.500972692043));
#2788 = CARTESIAN_POINT('',(10.933653243732,-8.291701209951,
    28.499509818259));
#2789 = CARTESIAN_POINT('',(10.891793188298,-8.290556924356,
    28.496680500147));
#2790 = CARTESIAN_POINT('',(10.723942063267,-8.283774204008,
    28.479814961766));
#2791 = CARTESIAN_POINT('',(10.598958415661,-8.27373340408,
    28.454702461775));
#2792 = CARTESIAN_POINT('',(10.476022290454,-8.258972418051,
    28.417191832092));
#2793 = CARTESIAN_POINT('',(10.356129515313,-8.239977805837,
    28.367232397427));
#2794 = CARTESIAN_POINT('',(10.240403756012,-8.217501664084,
    28.30471761597));
#2795 = CARTESIAN_POINT('',(10.130169815003,-8.192553057785,
    28.229536295305));
#2796 = CARTESIAN_POINT('',(9.970406168344,-8.15200525196,
    28.093376384209));
#2797 = CARTESIAN_POINT('',(9.915855128863,-8.137247542337,
    28.041228376716));
#2798 = CARTESIAN_POINT('',(9.863669294661,-8.122311372627,
    27.985180266319));
#2799 = CARTESIAN_POINT('',(9.814167666679,-8.107431138145,
    27.92523719022));
#2800 = CARTESIAN_POINT('',(9.767699155432,-8.092863352304,
    27.861424233759));
#2801 = CARTESIAN_POINT('',(9.724644523412,-8.078882214,27.793789833789)
  );
#2802 = CARTESIAN_POINT('',(9.656287548187,-8.056041417956,
    27.669399351148));
#2803 = CARTESIAN_POINT('',(9.629252316125,-8.046784247034,
    27.614294059567));
#2804 = CARTESIAN_POINT('',(9.604545631152,-8.038142001346,
    27.557227102277));
#2805 = CARTESIAN_POINT('',(9.582378967971,-8.030248246731,
    27.498349443393));
#2806 = CARTESIAN_POINT('',(9.562943354891,-8.023227549669,
    27.437828101332));
#2807 = CARTESIAN_POINT('',(9.546410452569,-8.01719125119,27.37584503397
    ));
#2808 = CARTESIAN_POINT('',(9.514213070826,-8.00534610108,
    27.224737239009));
#2809 = CARTESIAN_POINT('',(9.501403733802,-8.000545000148,
    27.134503497078));
#2810 = CARTESIAN_POINT('',(9.494983581678,-7.998107180351,
    27.042821175697));
#2811 = CARTESIAN_POINT('',(9.495184397839,-7.998183413469,
    26.950666726848));
#2812 = CARTESIAN_POINT('',(9.502001601163,-8.000770666695,
    26.859033166124));
#2813 = CARTESIAN_POINT('',(9.515193952229,-8.005712307146,
    26.768896510592));
#2814 = CARTESIAN_POINT('',(9.547876938072,-8.017726612636,
    26.61864039396));
#2815 = CARTESIAN_POINT('',(9.564467683333,-8.023778491016,
    26.557357477277));
#2816 = CARTESIAN_POINT('',(9.583894980821,-8.030789182615,
    26.497521586395));
#2817 = CARTESIAN_POINT('',(9.605991183501,-8.038649919381,
    26.43930752617));
#2818 = CARTESIAN_POINT('',(9.630570381662,-8.047239475621,
    26.382875703031));
#2819 = CARTESIAN_POINT('',(9.657427378681,-8.056428181012,
    26.328371092925));
#2820 = CARTESIAN_POINT('',(9.708955165891,-8.073634986939,
    26.234886434831));
#2821 = CARTESIAN_POINT('',(9.732846316869,-8.081478224139,
    26.195079264558));
#2822 = CARTESIAN_POINT('',(9.757929914079,-8.089556440595,
    26.156520806741));
#2823 = CARTESIAN_POINT('',(9.784128575638,-8.097815467469,
    26.119227599479));
#2824 = CARTESIAN_POINT('',(9.811367601749,-8.106202616165,
    26.083212797179));
#2825 = CARTESIAN_POINT('',(9.83957483301,-8.114667122774,
    26.048486357048));
#2826 = CARTESIAN_POINT('',(9.983232781091,-8.156588652056,
    25.883479098809));
#2827 = CARTESIAN_POINT('',(10.111880779182,-8.190517579885,
    25.77176166491));
#2828 = CARTESIAN_POINT('',(10.250904976153,-8.222129595344,
    25.679921938643));
#2829 = CARTESIAN_POINT('',(10.397487983406,-8.249153104465,
    25.607673313913));
#2830 = CARTESIAN_POINT('',(10.549388396692,-8.269945227772,
    25.554720945459));
#2831 = CARTESIAN_POINT('',(10.704737051113,-8.283477900533,
    25.520909440188));
#2832 = CARTESIAN_POINT('',(10.901836092297,-8.290817096445,
    25.502676352912));
#2833 = CARTESIAN_POINT('',(10.941930279177,-8.291807518309,
    25.500228244239));
#2834 = CARTESIAN_POINT('',(10.982076192647,-8.292292532019,
    25.499033022753));
#2835 = CARTESIAN_POINT('',(11.022238401183,-8.292269122372,
    25.499090717106));
#2836 = CARTESIAN_POINT('',(11.06238150301,-8.291737385116,
    25.500401325595));
#2837 = CARTESIAN_POINT('',(11.102470126104,-8.290700526942,
    25.502964816162));
#2838 = CARTESIAN_POINT('',(11.269683686858,-8.284280749205,
    25.518918764509));
#2839 = CARTESIAN_POINT('',(11.395814327164,-8.274357646228,
    25.543712472632));
#2840 = CARTESIAN_POINT('',(11.519899850251,-8.259616785917,
    25.581114837661));
#2841 = CARTESIAN_POINT('',(11.640920199502,-8.240550178821,
    25.631176747823));
#2842 = CARTESIAN_POINT('',(11.757724692474,-8.217925096532,
    25.69400686038));
#2843 = CARTESIAN_POINT('',(11.86895584974,-8.192774962936,
    25.769718545121));
#2844 = CARTESIAN_POINT('',(11.997698558727,-8.160100230765,
    25.879440601274));
#2845 = CARTESIAN_POINT('',(12.022026159234,-8.153751784462,
    25.901252847127));
#2846 = CARTESIAN_POINT('',(12.045929965644,-8.147348169944,
    25.923803424862));
#2847 = CARTESIAN_POINT('',(12.069386966876,-8.140907145949,
    25.947094049916));
#2848 = CARTESIAN_POINT('',(12.092372597305,-8.134447377996,
    25.971125769503));
#2849 = CARTESIAN_POINT('',(12.114860736763,-8.127988438387,
    25.995898962606));
#2850 = CARTESIAN_POINT('',(12.165165696988,-8.113243402759,
    26.0543382137));
#2851 = CARTESIAN_POINT('',(12.192638683348,-8.104969850837,
    26.088503611428));
#2852 = CARTESIAN_POINT('',(12.21917669643,-8.096775832376,
    26.123902514782));
#2853 = CARTESIAN_POINT('',(12.244711614534,-8.088709172472,
    26.160525089596));
#2854 = CARTESIAN_POINT('',(12.269173039739,-8.080819431405,
    26.198358521805));
#2855 = CARTESIAN_POINT('',(12.292488170212,-8.073157496669,
    26.237386853328));
#2856 = CARTESIAN_POINT('',(12.36362488133,-8.049387879822,
    26.366835674027));
#2857 = CARTESIAN_POINT('',(12.406966771907,-8.03427205561,
    26.462452677457));
#2858 = CARTESIAN_POINT('',(12.443204681001,-8.021172302978,
    26.56357042683));
#2859 = CARTESIAN_POINT('',(12.471260189506,-8.010777488682,
    26.66912318238));
#2860 = CARTESIAN_POINT('',(12.490354881472,-8.0036168897,
    26.777908603527));
#2861 = CARTESIAN_POINT('',(12.5,-8.,26.888640986206));
#2862 = CARTESIAN_POINT('',(12.5,-8.,27.));
#2863 = PCURVE('',#1382,#2864);
#2864 = DEFINITIONAL_REPRESENTATION('',(#2865),#2970);
#2865 = B_SPLINE_CURVE_WITH_KNOTS('',7,(#2866,#2867,#2868,#2869,#2870,
    #2871,#2872,#2873,#2874,#2875,#2876,#2877,#2878,#2879,#2880,#2881,
    #2882,#2883,#2884,#2885,#2886,#2887,#2888,#2889,#2890,#2891,#2892,
    #2893,#2894,#2895,#2896,#2897,#2898,#2899,#2900,#2901,#2902,#2903,
    #2904,#2905,#2906,#2907,#2908,#2909,#2910,#2911,#2912,#2913,#2914,
    #2915,#2916,#2917,#2918,#2919,#2920,#2921,#2922,#2923,#2924,#2925,
    #2926,#2927,#2928,#2929,#2930,#2931,#2932,#2933,#2934,#2935,#2936,
    #2937,#2938,#2939,#2940,#2941,#2942,#2943,#2944,#2945,#2946,#2947,
    #2948,#2949,#2950,#2951,#2952,#2953,#2954,#2955,#2956,#2957,#2958,
    #2959,#2960,#2961,#2962,#2963,#2964,#2965,#2966,#2967,#2968,#2969),
  .UNSPECIFIED.,.T.,.F.,(8,6,6,6,6,6,6,6,6,6,6,6,6,6,6,6,6,8),(0.,
    7.210760804527E-02,0.104856097246,0.129968042528,0.233240475625,
    0.267665466429,0.371619716708,0.428692827407,0.471077365423,
    0.52995344891,0.571933064998,0.604777730838,0.734045683424,
    0.76696665625,0.87167063223,0.896564910293,0.928689580605,1.),
  .UNSPECIFIED.);
#2866 = CARTESIAN_POINT('',(1.570796326795,10.5));
#2867 = CARTESIAN_POINT('',(1.598918696389,10.5));
#2868 = CARTESIAN_POINT('',(1.626878000876,10.490158062958));
#2869 = CARTESIAN_POINT('',(1.654371752177,10.470679841785));
#2870 = CARTESIAN_POINT('',(1.681105527017,10.442072758091));
#2871 = CARTESIAN_POINT('',(1.706793546552,10.405142386692));
#2872 = CARTESIAN_POINT('',(1.731167620608,10.361003353407));
#2873 = CARTESIAN_POINT('',(1.764361523364,10.288442726915));
#2874 = CARTESIAN_POINT('',(1.774441036203,10.26452369903));
#2875 = CARTESIAN_POINT('',(1.784227575765,10.239426788255));
#2876 = CARTESIAN_POINT('',(1.79371616588,10.213228289225));
#2877 = CARTESIAN_POINT('',(1.802902297376,10.186001802496));
#2878 = CARTESIAN_POINT('',(1.811781951955,10.157818371579));
#2879 = CARTESIAN_POINT('',(1.826922957816,10.106454042433));
#2880 = CARTESIAN_POINT('',(1.833312997704,10.083635772239));
#2881 = CARTESIAN_POINT('',(1.839520903247,10.060319716582));
#2882 = CARTESIAN_POINT('',(1.845545947634,10.03653221343));
#2883 = CARTESIAN_POINT('',(1.851387519717,10.012298031543));
#2884 = CARTESIAN_POINT('',(1.857045124008,9.987640370469));
#2885 = CARTESIAN_POINT('',(1.885027052464,9.859524066953));
#2886 = CARTESIAN_POINT('',(1.904439241814,9.74957267263));
#2887 = CARTESIAN_POINT('',(1.920699127517,9.634283015122));
#2888 = CARTESIAN_POINT('',(1.933757015938,9.514945435226));
#2889 = CARTESIAN_POINT('',(1.94357244353,9.392658520924));
#2890 = CARTESIAN_POINT('',(1.950113025877,9.268399307849));
#2891 = CARTESIAN_POINT('',(1.954427755599,9.10131845205));
#2892 = CARTESIAN_POINT('',(1.955138795772,9.059449066971));
#2893 = CARTESIAN_POINT('',(1.955481481424,9.01752153516));
#2894 = CARTESIAN_POINT('',(1.955455474568,8.975576149916));
#2895 = CARTESIAN_POINT('',(1.955060791597,8.933653243732));
#2896 = CARTESIAN_POINT('',(1.954297803285,8.891793188298));
#2897 = CARTESIAN_POINT('',(1.949753220794,8.723942063267));
#2898 = CARTESIAN_POINT('',(1.942991899964,8.598958415661));
#2899 = CARTESIAN_POINT('',(1.932914418467,8.476022290454));
#2900 = CARTESIAN_POINT('',(1.919554058501,8.356129515313));
#2901 = CARTESIAN_POINT('',(1.902951922768,8.240403756012));
#2902 = CARTESIAN_POINT('',(1.88315825535,8.130169815003));
#2903 = CARTESIAN_POINT('',(1.847640965593,7.970406168344));
#2904 = CARTESIAN_POINT('',(1.834093223717,7.915855128863));
#2905 = CARTESIAN_POINT('',(1.819595038397,7.863669294661));
#2906 = CARTESIAN_POINT('',(1.804158850191,7.814167666679));
#2907 = CARTESIAN_POINT('',(1.787800427666,7.767699155432));
#2908 = CARTESIAN_POINT('',(1.770538619863,7.724644523412));
#2909 = CARTESIAN_POINT('',(1.738921087013,7.656287548187));
#2910 = CARTESIAN_POINT('',(1.724953316693,7.629252316125));
#2911 = CARTESIAN_POINT('',(1.710527008955,7.604545631152));
#2912 = CARTESIAN_POINT('',(1.695679925052,7.582378967971));
#2913 = CARTESIAN_POINT('',(1.680452148624,7.562943354891));
#2914 = CARTESIAN_POINT('',(1.664885857965,7.546410452569));
#2915 = CARTESIAN_POINT('',(1.626993021176,7.514213070826));
#2916 = CARTESIAN_POINT('',(1.604409748483,7.501403733802));
#2917 = CARTESIAN_POINT('',(1.5814942669,7.494983581678));
#2918 = CARTESIAN_POINT('',(1.558471130008,7.495184397839));
#2919 = CARTESIAN_POINT('',(1.535566776367,7.502001601163));
#2920 = CARTESIAN_POINT('',(1.513005808792,7.515193952229));
#2921 = CARTESIAN_POINT('',(1.475321889707,7.547876938072));
#2922 = CARTESIAN_POINT('',(1.459929329147,7.564467683333));
#2923 = CARTESIAN_POINT('',(1.444871918773,7.583894980821));
#2924 = CARTESIAN_POINT('',(1.43019021955,7.605991183501));
#2925 = CARTESIAN_POINT('',(1.415922772233,7.630570381662));
#2926 = CARTESIAN_POINT('',(1.402105881797,7.657427378681));
#2927 = CARTESIAN_POINT('',(1.378342128583,7.708955165891));
#2928 = CARTESIAN_POINT('',(1.368199800599,7.732846316869));
#2929 = CARTESIAN_POINT('',(1.358352003281,7.757929914079));
#2930 = CARTESIAN_POINT('',(1.348803866468,7.784128575638));
#2931 = CARTESIAN_POINT('',(1.339560040218,7.811367601749));
#2932 = CARTESIAN_POINT('',(1.330624670539,7.83957483301));
#2933 = CARTESIAN_POINT('',(1.28806235601,7.983232781091));
#2934 = CARTESIAN_POINT('',(1.25890432541,8.111880779182));
#2935 = CARTESIAN_POINT('',(1.234641413681,8.250904976153));
#2936 = CARTESIAN_POINT('',(1.215361439235,8.397487983406));
#2937 = CARTESIAN_POINT('',(1.201139862236,8.549388396692));
#2938 = CARTESIAN_POINT('',(1.192035094136,8.704737051113));
#2939 = CARTESIAN_POINT('',(1.187121406186,8.901836092297));
#2940 = CARTESIAN_POINT('',(1.186461190197,8.941930279177));
#2941 = CARTESIAN_POINT('',(1.186138720778,8.982076192647));
#2942 = CARTESIAN_POINT('',(1.186154286402,9.022238401183));
#2943 = CARTESIAN_POINT('',(1.186507877739,9.06238150301));
#2944 = CARTESIAN_POINT('',(1.187199187651,9.102470126104));
#2945 = CARTESIAN_POINT('',(1.191498475485,9.269683686858));
#2946 = CARTESIAN_POINT('',(1.19817487132,9.395814327164));
#2947 = CARTESIAN_POINT('',(1.208225347119,9.519899850251));
#2948 = CARTESIAN_POINT('',(1.221616074509,9.640920199502));
#2949 = CARTESIAN_POINT('',(1.238304902335,9.757724692474));
#2950 = CARTESIAN_POINT('',(1.258240023491,9.86895584974));
#2951 = CARTESIAN_POINT('',(1.286861003263,9.997698558727));
#2952 = CARTESIAN_POINT('',(1.292540231506,10.022026159234));
#2953 = CARTESIAN_POINT('',(1.298400563805,10.045929965644));
#2954 = CARTESIAN_POINT('',(1.304441499966,10.069386966876));
#2955 = CARTESIAN_POINT('',(1.31066241512,10.092372597305));
#2956 = CARTESIAN_POINT('',(1.317062559723,10.114860736763));
#2957 = CARTESIAN_POINT('',(1.332130244814,10.165165696988));
#2958 = CARTESIAN_POINT('',(1.340918067161,10.192638683348));
#2959 = CARTESIAN_POINT('',(1.350001028051,10.21917669643));
#2960 = CARTESIAN_POINT('',(1.359375137086,10.244711614534));
#2961 = CARTESIAN_POINT('',(1.369035934563,10.269173039739));
#2962 = CARTESIAN_POINT('',(1.378978514026,10.292488170212));
#2963 = CARTESIAN_POINT('',(1.411881773615,10.36362488133));
#2964 = CARTESIAN_POINT('',(1.436075469835,10.406966771907));
#2965 = CARTESIAN_POINT('',(1.461549628003,10.443204681001));
#2966 = CARTESIAN_POINT('',(1.488041985128,10.471260189506));
#2967 = CARTESIAN_POINT('',(1.51527343724,10.490354881472));
#2968 = CARTESIAN_POINT('',(1.542956573347,10.5));
#2969 = CARTESIAN_POINT('',(1.570796326795,10.5));
#2970 = ( GEOMETRIC_REPRESENTATION_CONTEXT(2) 
PARAMETRIC_REPRESENTATION_CONTEXT() REPRESENTATION_CONTEXT('2D SPACE',''
  ) );
#2971 = PCURVE('',#2972,#2977);
#2972 = CYLINDRICAL_SURFACE('',#2973,1.5);
#2973 = AXIS2_PLACEMENT_3D('',#2974,#2975,#2976);
#2974 = CARTESIAN_POINT('',(11.,2.,27.));
#2975 = DIRECTION('',(0.,-1.,0.));
#2976 = DIRECTION('',(1.,0.,0.));
#2977 = DEFINITIONAL_REPRESENTATION('',(#2978),#3083);
#2978 = B_SPLINE_CURVE_WITH_KNOTS('',7,(#2979,#2980,#2981,#2982,#2983,
    #2984,#2985,#2986,#2987,#2988,#2989,#2990,#2991,#2992,#2993,#2994,
    #2995,#2996,#2997,#2998,#2999,#3000,#3001,#3002,#3003,#3004,#3005,
    #3006,#3007,#3008,#3009,#3010,#3011,#3012,#3013,#3014,#3015,#3016,
    #3017,#3018,#3019,#3020,#3021,#3022,#3023,#3024,#3025,#3026,#3027,
    #3028,#3029,#3030,#3031,#3032,#3033,#3034,#3035,#3036,#3037,#3038,
    #3039,#3040,#3041,#3042,#3043,#3044,#3045,#3046,#3047,#3048,#3049,
    #3050,#3051,#3052,#3053,#3054,#3055,#3056,#3057,#3058,#3059,#3060,
    #3061,#3062,#3063,#3064,#3065,#3066,#3067,#3068,#3069,#3070,#3071,
    #3072,#3073,#3074,#3075,#3076,#3077,#3078,#3079,#3080,#3081,#3082),
  .UNSPECIFIED.,.F.,.F.,(8,6,6,6,6,6,6,6,6,6,6,6,6,6,6,6,6,8),(0.,
    7.210760804527E-02,0.104856097246,0.129968042528,0.233240475625,
    0.267665466429,0.371619716708,0.428692827407,0.471077365423,
    0.52995344891,0.571933064998,0.604777730838,0.734045683424,
    0.76696665625,0.87167063223,0.896564910293,0.928689580605,1.),
  .UNSPECIFIED.);
#2979 = CARTESIAN_POINT('',(0.,10.));
#2980 = CARTESIAN_POINT('',(7.499298558416E-02,10.));
#2981 = CARTESIAN_POINT('',(0.149550893282,10.003690695532));
#2982 = CARTESIAN_POINT('',(0.22346042625,10.01099512096));
#2983 = CARTESIAN_POINT('',(0.296494224697,10.021591583406));
#2984 = CARTESIAN_POINT('',(0.368387567393,10.034931278613));
#2985 = CARTESIAN_POINT('',(0.438802378003,10.050301664119));
#2986 = CARTESIAN_POINT('',(0.538377761242,10.074490075966));
#2987 = CARTESIAN_POINT('',(0.56917182601,10.082328188223));
#2988 = CARTESIAN_POINT('',(0.599672919875,10.09039538934));
#2989 = CARTESIAN_POINT('',(0.629891913582,10.098638206863));
#2990 = CARTESIAN_POINT('',(0.659838581142,10.107004662068));
#2991 = CARTESIAN_POINT('',(0.689521821682,10.115444698999));
#2992 = CARTESIAN_POINT('',(0.741515680252,10.130402381119));
#2993 = CARTESIAN_POINT('',(0.763934849303,10.136910348351));
#2994 = CARTESIAN_POINT('',(0.78621373118,10.143413778787));
#2995 = CARTESIAN_POINT('',(0.808358768279,10.149892863916));
#2996 = CARTESIAN_POINT('',(0.830376502665,10.156328723125));
#2997 = CARTESIAN_POINT('',(0.852273576079,10.162703403701));
#2998 = CARTESIAN_POINT('',(0.963639566865,10.194894032219));
#2999 = CARTESIAN_POINT('',(1.051382024943,10.21949046616));
#3000 = CARTESIAN_POINT('',(1.137682574416,10.241581716192));
#3001 = CARTESIAN_POINT('',(1.222888623987,10.260189949822));
#3002 = CARTESIAN_POINT('',(1.307328772049,10.274588201416));
#3003 = CARTESIAN_POINT('',(1.391335469938,10.284309085533));
#3004 = CARTESIAN_POINT('',(1.503232994129,10.290751665381));
#3005 = CARTESIAN_POINT('',(1.531186373631,10.291818401641));
#3006 = CARTESIAN_POINT('',(1.55912708447,10.292333972312));
#3007 = CARTESIAN_POINT('',(1.58706395102,10.29229485057));
#3008 = CARTESIAN_POINT('',(1.61500577326,10.291701209951));
#3009 = CARTESIAN_POINT('',(1.642961326773,10.290556924356));
#3010 = CARTESIAN_POINT('',(1.755425536506,10.283774204008));
#3011 = CARTESIAN_POINT('',(1.840004593744,10.27373340408));
#3012 = CARTESIAN_POINT('',(1.925035383256,10.258972418051));
#3013 = CARTESIAN_POINT('',(2.010859442207,10.239977805837));
#3014 = CARTESIAN_POINT('',(2.097814316705,10.217501664084));
#3015 = CARTESIAN_POINT('',(2.186257366346,10.192553057785));
#3016 = CARTESIAN_POINT('',(2.326200123188,10.15200525196));
#3017 = CARTESIAN_POINT('',(2.376429157759,10.137247542337));
#3018 = CARTESIAN_POINT('',(2.427344452729,10.122311372627));
#3019 = CARTESIAN_POINT('',(2.479003285107,10.107431138145));
#3020 = CARTESIAN_POINT('',(2.531467327567,10.092863352304));
#3021 = CARTESIAN_POINT('',(2.584807063401,10.078882214));
#3022 = CARTESIAN_POINT('',(2.679430687968,10.056041417956));
#3023 = CARTESIAN_POINT('',(2.720306604416,10.046784247034));
#3024 = CARTESIAN_POINT('',(2.761688236931,10.038142001346));
#3025 = CARTESIAN_POINT('',(2.803539536438,10.030248246731));
#3026 = CARTESIAN_POINT('',(2.845832246794,10.023227549669));
#3027 = CARTESIAN_POINT('',(2.888544032906,10.01719125119));
#3028 = CARTESIAN_POINT('',(2.991544005051,10.00534610108));
#3029 = CARTESIAN_POINT('',(3.052158623363,10.000545000148));
#3030 = CARTESIAN_POINT('',(3.113181204859,9.998107180351));
#3031 = CARTESIAN_POINT('',(3.174331209831,9.998183413469));
#3032 = CARTESIAN_POINT('',(3.235340688736,10.000770666695));
#3033 = CARTESIAN_POINT('',(3.295928034629,10.005712307146));
#3034 = CARTESIAN_POINT('',(3.398441075857,10.017726612636));
#3035 = CARTESIAN_POINT('',(3.440713768879,10.023778491016));
#3036 = CARTESIAN_POINT('',(3.482572498771,10.030789182615));
#3037 = CARTESIAN_POINT('',(3.523996118118,10.038649919381));
#3038 = CARTESIAN_POINT('',(3.564957780354,10.047239475621));
#3039 = CARTESIAN_POINT('',(3.605423190646,10.056428181012));
#3040 = CARTESIAN_POINT('',(3.676586521258,10.073634986939));
#3041 = CARTESIAN_POINT('',(3.707516428314,10.081478224139));
#3042 = CARTESIAN_POINT('',(3.73815077967,10.089556440595));
#3043 = CARTESIAN_POINT('',(3.768500432687,10.097815467469));
#3044 = CARTESIAN_POINT('',(3.798575120869,10.106202616165));
#3045 = CARTESIAN_POINT('',(3.828383674373,10.114667122774));
#3046 = CARTESIAN_POINT('',(3.974237484468,10.156588652056));
#3047 = CARTESIAN_POINT('',(4.086726171992,10.190517579885));
#3048 = CARTESIAN_POINT('',(4.196331019193,10.222129595344));
#3049 = CARTESIAN_POINT('',(4.303778442137,10.249153104465));
#3050 = CARTESIAN_POINT('',(4.409767414762,10.269945227772));
#3051 = CARTESIAN_POINT('',(4.514969095359,10.283477900533));
#3052 = CARTESIAN_POINT('',(4.646929489261,10.290817096445));
#3053 = CARTESIAN_POINT('',(4.673695712954,10.291807518309));
#3054 = CARTESIAN_POINT('',(4.700450628574,10.292292532019));
#3055 = CARTESIAN_POINT('',(4.72720193969,10.292269122372));
#3056 = CARTESIAN_POINT('',(4.753957374494,10.291737385116));
#3057 = CARTESIAN_POINT('',(4.780724685804,10.290700526942));
#3058 = CARTESIAN_POINT('',(4.892706635476,10.284280749205));
#3059 = CARTESIAN_POINT('',(4.977983855097,10.274357646228));
#3060 = CARTESIAN_POINT('',(5.063710695092,10.259616785917));
#3061 = CARTESIAN_POINT('',(5.150236365541,10.240550178821));
#3062 = CARTESIAN_POINT('',(5.237905763124,10.217925096532));
#3063 = CARTESIAN_POINT('',(5.327084158059,10.192774962936));
#3064 = CARTESIAN_POINT('',(5.439854553551,10.160100230765));
#3065 = CARTESIAN_POINT('',(5.46163055999,10.153751784462));
#3066 = CARTESIAN_POINT('',(5.483527335787,10.147348169944));
#3067 = CARTESIAN_POINT('',(5.505551371636,10.140907145949));
#3068 = CARTESIAN_POINT('',(5.527709038762,10.134447377996));
#3069 = CARTESIAN_POINT('',(5.550006588919,10.127988438387));
#3070 = CARTESIAN_POINT('',(5.601412317488,10.113243402759));
#3071 = CARTESIAN_POINT('',(5.630623302386,10.104969850837));
#3072 = CARTESIAN_POINT('',(5.660090576173,10.096775832376));
#3073 = CARTESIAN_POINT('',(5.689822259179,10.088709172472));
#3074 = CARTESIAN_POINT('',(5.719827319724,10.080819431405));
#3075 = CARTESIAN_POINT('',(5.750115768849,10.073157496669));
#3076 = CARTESIAN_POINT('',(5.848587262409,10.049387879822));
#3077 = CARTESIAN_POINT('',(5.918368026932,10.03427205561));
#3078 = CARTESIAN_POINT('',(5.989593241379,10.021172302978));
#3079 = CARTESIAN_POINT('',(6.06193213758,10.010777488682));
#3080 = CARTESIAN_POINT('',(6.135124495056,10.0036168897));
#3081 = CARTESIAN_POINT('',(6.208945964651,10.));
#3082 = CARTESIAN_POINT('',(6.28318530718,10.));
#3083 = ( GEOMETRIC_REPRESENTATION_CONTEXT(2) 
PARAMETRIC_REPRESENTATION_CONTEXT() REPRESENTATION_CONTEXT('2D SPACE',''
  ) );
#3084 = FACE_BOUND('',#3085,.F.);
#3085 = EDGE_LOOP('',(#3086));
#3086 = ORIENTED_EDGE('',*,*,#3087,.F.);
#3087 = EDGE_CURVE('',#3088,#3088,#3090,.T.);
#3088 = VERTEX_POINT('',#3089);
#3089 = CARTESIAN_POINT('',(12.5,-16.,27.));
#3090 = SURFACE_CURVE('',#3091,(#3196,#3304),.PCURVE_S1.);
#3091 = B_SPLINE_CURVE_WITH_KNOTS('',7,(#3092,#3093,#3094,#3095,#3096,
    #3097,#3098,#3099,#3100,#3101,#3102,#3103,#3104,#3105,#3106,#3107,
    #3108,#3109,#3110,#3111,#3112,#3113,#3114,#3115,#3116,#3117,#3118,
    #3119,#3120,#3121,#3122,#3123,#3124,#3125,#3126,#3127,#3128,#3129,
    #3130,#3131,#3132,#3133,#3134,#3135,#3136,#3137,#3138,#3139,#3140,
    #3141,#3142,#3143,#3144,#3145,#3146,#3147,#3148,#3149,#3150,#3151,
    #3152,#3153,#3154,#3155,#3156,#3157,#3158,#3159,#3160,#3161,#3162,
    #3163,#3164,#3165,#3166,#3167,#3168,#3169,#3170,#3171,#3172,#3173,
    #3174,#3175,#3176,#3177,#3178,#3179,#3180,#3181,#3182,#3183,#3184,
    #3185,#3186,#3187,#3188,#3189,#3190,#3191,#3192,#3193,#3194,#3195),
  .UNSPECIFIED.,.T.,.F.,(8,6,6,6,6,6,6,6,6,6,6,6,6,6,6,6,6,8),(0.,
    7.210760810306E-02,0.10485609733,0.129968042632,0.233240475812,
    0.267665466643,0.371619717005,0.42869282775,0.47107736582,
    0.529953449413,0.571933065504,0.604777731302,0.734045683733,
    0.76696665652,0.871670632375,0.896564910408,0.928689580684,1.),
  .UNSPECIFIED.);
#3092 = CARTESIAN_POINT('',(12.5,-16.,27.));
#3093 = CARTESIAN_POINT('',(12.5,-16.,27.112489478376));
#3094 = CARTESIAN_POINT('',(12.490158062958,-15.99630930446,
    27.224326527205));
#3095 = CARTESIAN_POINT('',(12.470679841785,-15.98900487904,
    27.334156836682));
#3096 = CARTESIAN_POINT('',(12.442072758091,-15.97840841659,
    27.440662649448));
#3097 = CARTESIAN_POINT('',(12.405142386692,-15.96506872138,
    27.542613378676));
#3098 = CARTESIAN_POINT('',(12.361003353407,-15.94969833588,
    27.638921033123));
#3099 = CARTESIAN_POINT('',(12.288442726915,-15.92550992403,
    27.769474790687));
#3100 = CARTESIAN_POINT('',(12.26452369903,-15.91767181177,
    27.809026795192));
#3101 = CARTESIAN_POINT('',(12.239426788255,-15.90960461066,
    27.847337105851));
#3102 = CARTESIAN_POINT('',(12.213228289225,-15.90136179313,
    27.88438984631));
#3103 = CARTESIAN_POINT('',(12.186001802496,-15.89299533793,
    27.920172437108));
#3104 = CARTESIAN_POINT('',(12.157818371579,-15.884555301,
    27.954675412114));
#3105 = CARTESIAN_POINT('',(12.106454042433,-15.86959761888,
    28.013363304235));
#3106 = CARTESIAN_POINT('',(12.083635772239,-15.86308965164,
    28.038081865648));
#3107 = CARTESIAN_POINT('',(12.060319716582,-15.85658622121,
    28.062047884138));
#3108 = CARTESIAN_POINT('',(12.03653221343,-15.85010713608,
    28.08526195219));
#3109 = CARTESIAN_POINT('',(12.012298031543,-15.84367127687,
    28.107725289822));
#3110 = CARTESIAN_POINT('',(11.987640370469,-15.83729659629,
    28.129439744586));
#3111 = CARTESIAN_POINT('',(11.859524066953,-15.80510596778,
    28.236638515833));
#3112 = CARTESIAN_POINT('',(11.74957267263,-15.78050953384,
    28.310326713341));
#3113 = CARTESIAN_POINT('',(11.634283015122,-15.7584182838,
    28.371523474109));
#3114 = CARTESIAN_POINT('',(11.514945435226,-15.73981005017,
    28.42033480681));
#3115 = CARTESIAN_POINT('',(11.392658520924,-15.72541179858,
    28.456861617052));
#3116 = CARTESIAN_POINT('',(11.26839930785,-15.71569091446,
    28.481151099017));
#3117 = CARTESIAN_POINT('',(11.10131845205,-15.70924833461,
    28.497162452677));
#3118 = CARTESIAN_POINT('',(11.059449066971,-15.70818159835,
    28.499798991518));
#3119 = CARTESIAN_POINT('',(11.01752153516,-15.70766602768,
    28.50106908342));
#3120 = CARTESIAN_POINT('',(10.975576149916,-15.70770514943,
    28.500972692043));
#3121 = CARTESIAN_POINT('',(10.933653243732,-15.70829879004,
    28.499509818259));
#3122 = CARTESIAN_POINT('',(10.891793188298,-15.70944307564,
    28.496680500147));
#3123 = CARTESIAN_POINT('',(10.723942063267,-15.71622579599,
    28.479814961766));
#3124 = CARTESIAN_POINT('',(10.598958415661,-15.72626659592,
    28.454702461775));
#3125 = CARTESIAN_POINT('',(10.476022290454,-15.74102758194,
    28.417191832092));
#3126 = CARTESIAN_POINT('',(10.356129515313,-15.76002219416,
    28.367232397427));
#3127 = CARTESIAN_POINT('',(10.240403756012,-15.78249833591,
    28.30471761597));
#3128 = CARTESIAN_POINT('',(10.130169815003,-15.80744694221,
    28.229536295305));
#3129 = CARTESIAN_POINT('',(9.970406168344,-15.84799474804,
    28.093376384209));
#3130 = CARTESIAN_POINT('',(9.915855128863,-15.86275245766,
    28.041228376716));
#3131 = CARTESIAN_POINT('',(9.863669294661,-15.87768862737,
    27.985180266319));
#3132 = CARTESIAN_POINT('',(9.814167666679,-15.89256886185,
    27.92523719022));
#3133 = CARTESIAN_POINT('',(9.767699155432,-15.90713664769,
    27.861424233759));
#3134 = CARTESIAN_POINT('',(9.724644523412,-15.921117786,27.793789833789
    ));
#3135 = CARTESIAN_POINT('',(9.656287548173,-15.94395858204,
    27.669399351123));
#3136 = CARTESIAN_POINT('',(9.629252316127,-15.95321575296,
    27.614294059564));
#3137 = CARTESIAN_POINT('',(9.604545631163,-15.96185799865,27.5572271023
    ));
#3138 = CARTESIAN_POINT('',(9.582378967977,-15.96975175326,
    27.498349443417));
#3139 = CARTESIAN_POINT('',(9.562943354887,-15.97677245033,
    27.437828101329));
#3140 = CARTESIAN_POINT('',(9.546410452562,-15.98280874881,
    27.375845033937));
#3141 = CARTESIAN_POINT('',(9.514213070826,-15.99465389892,
    27.224737239009));
#3142 = CARTESIAN_POINT('',(9.501403733802,-15.99945499985,
    27.134503497078));
#3143 = CARTESIAN_POINT('',(9.494983581678,-16.00189281964,
    27.042821175697));
#3144 = CARTESIAN_POINT('',(9.495184397839,-16.00181658653,
    26.950666726848));
#3145 = CARTESIAN_POINT('',(9.502001601163,-15.9992293333,
    26.859033166124));
#3146 = CARTESIAN_POINT('',(9.515193952229,-15.99428769285,
    26.768896510592));
#3147 = CARTESIAN_POINT('',(9.547876938049,-15.98227338737,
    26.618640394066));
#3148 = CARTESIAN_POINT('',(9.564467683321,-15.97622150898,
    26.557357477288));
#3149 = CARTESIAN_POINT('',(9.583894980841,-15.96921081737,
    26.497521586317));
#3150 = CARTESIAN_POINT('',(9.605991183537,-15.9613500806,
    26.439307526097));
#3151 = CARTESIAN_POINT('',(9.630570381667,-15.95276052437,
    26.38287570304));
#3152 = CARTESIAN_POINT('',(9.657427378637,-15.943571819,26.328371093005
    ));
#3153 = CARTESIAN_POINT('',(9.708955165894,-15.92636501306,
    26.234886434826));
#3154 = CARTESIAN_POINT('',(9.73284631687,-15.91852177586,
    26.195079264557));
#3155 = CARTESIAN_POINT('',(9.757929914077,-15.9104435594,
    26.156520806745));
#3156 = CARTESIAN_POINT('',(9.784128575635,-15.90218453253,
    26.119227599482));
#3157 = CARTESIAN_POINT('',(9.811367601749,-15.89379738383,
    26.083212797178));
#3158 = CARTESIAN_POINT('',(9.839574833013,-15.88533287722,
    26.048486357044));
#3159 = CARTESIAN_POINT('',(9.983232781091,-15.84341134794,
    25.883479098809));
#3160 = CARTESIAN_POINT('',(10.111880779182,-15.80948242011,
    25.77176166491));
#3161 = CARTESIAN_POINT('',(10.250904976151,-15.77787040465,
    25.679921938644));
#3162 = CARTESIAN_POINT('',(10.397487983408,-15.75084689553,
    25.607673313913));
#3163 = CARTESIAN_POINT('',(10.549388396691,-15.73005477222,
    25.554720945459));
#3164 = CARTESIAN_POINT('',(10.704737051113,-15.71652209946,
    25.520909440188));
#3165 = CARTESIAN_POINT('',(10.901836092297,-15.70918290355,
    25.502676352912));
#3166 = CARTESIAN_POINT('',(10.941930279177,-15.70819248169,
    25.500228244239));
#3167 = CARTESIAN_POINT('',(10.982076192647,-15.70770746798,
    25.499033022753));
#3168 = CARTESIAN_POINT('',(11.022238401183,-15.70773087762,
    25.499090717106));
#3169 = CARTESIAN_POINT('',(11.06238150301,-15.70826261488,
    25.500401325595));
#3170 = CARTESIAN_POINT('',(11.102470126104,-15.70929947305,
    25.502964816162));
#3171 = CARTESIAN_POINT('',(11.269683686858,-15.71571925079,
    25.518918764509));
#3172 = CARTESIAN_POINT('',(11.395814327164,-15.72564235377,
    25.543712472632));
#3173 = CARTESIAN_POINT('',(11.519899850251,-15.74038321408,
    25.581114837661));
#3174 = CARTESIAN_POINT('',(11.640920199502,-15.75944982117,
    25.631176747823));
#3175 = CARTESIAN_POINT('',(11.757724692474,-15.78207490346,
    25.69400686038));
#3176 = CARTESIAN_POINT('',(11.86895584974,-15.80722503706,
    25.769718545121));
#3177 = CARTESIAN_POINT('',(11.997698558727,-15.83989976923,
    25.879440601274));
#3178 = CARTESIAN_POINT('',(12.022026159234,-15.84624821553,
    25.901252847127));
#3179 = CARTESIAN_POINT('',(12.045929965644,-15.85265183005,
    25.923803424862));
#3180 = CARTESIAN_POINT('',(12.069386966876,-15.85909285405,
    25.947094049916));
#3181 = CARTESIAN_POINT('',(12.092372597305,-15.865552622,
    25.971125769503));
#3182 = CARTESIAN_POINT('',(12.114860736763,-15.87201156161,
    25.995898962606));
#3183 = CARTESIAN_POINT('',(12.16516569699,-15.88675659724,
    26.054338213702));
#3184 = CARTESIAN_POINT('',(12.192638683348,-15.89503014916,
    26.088503611428));
#3185 = CARTESIAN_POINT('',(12.219176696429,-15.90322416762,
    26.12390251478));
#3186 = CARTESIAN_POINT('',(12.244711614533,-15.91129082752,
    26.160525089595));
#3187 = CARTESIAN_POINT('',(12.269173039739,-15.91918056859,
    26.198358521805));
#3188 = CARTESIAN_POINT('',(12.292488170213,-15.92684250333,
    26.23738685333));
#3189 = CARTESIAN_POINT('',(12.36362488133,-15.95061212017,
    26.366835674026));
#3190 = CARTESIAN_POINT('',(12.406966771907,-15.96572794439,
    26.462452677457));
#3191 = CARTESIAN_POINT('',(12.443204681001,-15.97882769702,
    26.563570426829));
#3192 = CARTESIAN_POINT('',(12.471260189506,-15.98922251131,
    26.66912318238));
#3193 = CARTESIAN_POINT('',(12.490354881472,-15.9963831103,
    26.777908603527));
#3194 = CARTESIAN_POINT('',(12.5,-16.,26.888640986206));
#3195 = CARTESIAN_POINT('',(12.5,-16.,27.));
#3196 = PCURVE('',#1382,#3197);
#3197 = DEFINITIONAL_REPRESENTATION('',(#3198),#3303);
#3198 = B_SPLINE_CURVE_WITH_KNOTS('',7,(#3199,#3200,#3201,#3202,#3203,
    #3204,#3205,#3206,#3207,#3208,#3209,#3210,#3211,#3212,#3213,#3214,
    #3215,#3216,#3217,#3218,#3219,#3220,#3221,#3222,#3223,#3224,#3225,
    #3226,#3227,#3228,#3229,#3230,#3231,#3232,#3233,#3234,#3235,#3236,
    #3237,#3238,#3239,#3240,#3241,#3242,#3243,#3244,#3245,#3246,#3247,
    #3248,#3249,#3250,#3251,#3252,#3253,#3254,#3255,#3256,#3257,#3258,
    #3259,#3260,#3261,#3262,#3263,#3264,#3265,#3266,#3267,#3268,#3269,
    #3270,#3271,#3272,#3273,#3274,#3275,#3276,#3277,#3278,#3279,#3280,
    #3281,#3282,#3283,#3284,#3285,#3286,#3287,#3288,#3289,#3290,#3291,
    #3292,#3293,#3294,#3295,#3296,#3297,#3298,#3299,#3300,#3301,#3302),
  .UNSPECIFIED.,.T.,.F.,(8,6,6,6,6,6,6,6,6,6,6,6,6,6,6,6,6,8),(0.,
    7.210760810306E-02,0.10485609733,0.129968042632,0.233240475812,
    0.267665466643,0.371619717005,0.42869282775,0.47107736582,
    0.529953449413,0.571933065504,0.604777731302,0.734045683733,
    0.76696665652,0.871670632375,0.896564910408,0.928689580684,1.),
  .UNSPECIFIED.);
#3199 = CARTESIAN_POINT('',(4.712388980385,10.5));
#3200 = CARTESIAN_POINT('',(4.684266610791,10.5));
#3201 = CARTESIAN_POINT('',(4.656307306304,10.490158062958));
#3202 = CARTESIAN_POINT('',(4.628813555003,10.470679841785));
#3203 = CARTESIAN_POINT('',(4.602079780163,10.442072758091));
#3204 = CARTESIAN_POINT('',(4.576391760628,10.405142386692));
#3205 = CARTESIAN_POINT('',(4.552017686571,10.361003353407));
#3206 = CARTESIAN_POINT('',(4.518823783816,10.288442726915));
#3207 = CARTESIAN_POINT('',(4.508744270977,10.26452369903));
#3208 = CARTESIAN_POINT('',(4.498957731414,10.239426788255));
#3209 = CARTESIAN_POINT('',(4.4894691413,10.213228289225));
#3210 = CARTESIAN_POINT('',(4.480283009804,10.186001802496));
#3211 = CARTESIAN_POINT('',(4.471403355225,10.157818371579));
#3212 = CARTESIAN_POINT('',(4.456262349363,10.106454042433));
#3213 = CARTESIAN_POINT('',(4.449872309475,10.083635772239));
#3214 = CARTESIAN_POINT('',(4.443664403932,10.060319716582));
#3215 = CARTESIAN_POINT('',(4.437639359545,10.03653221343));
#3216 = CARTESIAN_POINT('',(4.431797787463,10.012298031543));
#3217 = CARTESIAN_POINT('',(4.426140183171,9.987640370469));
#3218 = CARTESIAN_POINT('',(4.398158254716,9.859524066953));
#3219 = CARTESIAN_POINT('',(4.378746065365,9.74957267263));
#3220 = CARTESIAN_POINT('',(4.362486179663,9.634283015122));
#3221 = CARTESIAN_POINT('',(4.349428291242,9.514945435226));
#3222 = CARTESIAN_POINT('',(4.33961286365,9.392658520924));
#3223 = CARTESIAN_POINT('',(4.333072281302,9.26839930785));
#3224 = CARTESIAN_POINT('',(4.328757551581,9.10131845205));
#3225 = CARTESIAN_POINT('',(4.328046511408,9.059449066971));
#3226 = CARTESIAN_POINT('',(4.327703825756,9.01752153516));
#3227 = CARTESIAN_POINT('',(4.327729832612,8.975576149916));
#3228 = CARTESIAN_POINT('',(4.328124515583,8.933653243732));
#3229 = CARTESIAN_POINT('',(4.328887503895,8.891793188298));
#3230 = CARTESIAN_POINT('',(4.333432086385,8.723942063267));
#3231 = CARTESIAN_POINT('',(4.340193407215,8.598958415661));
#3232 = CARTESIAN_POINT('',(4.350270888713,8.476022290454));
#3233 = CARTESIAN_POINT('',(4.363631248678,8.356129515313));
#3234 = CARTESIAN_POINT('',(4.380233384411,8.240403756012));
#3235 = CARTESIAN_POINT('',(4.40002705183,8.130169815003));
#3236 = CARTESIAN_POINT('',(4.435544341587,7.970406168344));
#3237 = CARTESIAN_POINT('',(4.449092083463,7.915855128863));
#3238 = CARTESIAN_POINT('',(4.463590268783,7.863669294661));
#3239 = CARTESIAN_POINT('',(4.479026456988,7.814167666679));
#3240 = CARTESIAN_POINT('',(4.495384879514,7.767699155432));
#3241 = CARTESIAN_POINT('',(4.512646687317,7.724644523412));
#3242 = CARTESIAN_POINT('',(4.544264220173,7.656287548173));
#3243 = CARTESIAN_POINT('',(4.558231990487,7.629252316127));
#3244 = CARTESIAN_POINT('',(4.572658298219,7.604545631163));
#3245 = CARTESIAN_POINT('',(4.587505382122,7.582378967977));
#3246 = CARTESIAN_POINT('',(4.602733158557,7.562943354887));
#3247 = CARTESIAN_POINT('',(4.618299449223,7.546410452562));
#3248 = CARTESIAN_POINT('',(4.656192286004,7.514213070826));
#3249 = CARTESIAN_POINT('',(4.678775558697,7.501403733802));
#3250 = CARTESIAN_POINT('',(4.70169104028,7.494983581678));
#3251 = CARTESIAN_POINT('',(4.724714177172,7.495184397839));
#3252 = CARTESIAN_POINT('',(4.747618530812,7.502001601163));
#3253 = CARTESIAN_POINT('',(4.770179498388,7.515193952229));
#3254 = CARTESIAN_POINT('',(4.807863417446,7.547876938049));
#3255 = CARTESIAN_POINT('',(4.823255978029,7.564467683321));
#3256 = CARTESIAN_POINT('',(4.838313388427,7.583894980841));
#3257 = CARTESIAN_POINT('',(4.852995087648,7.605991183537));
#3258 = CARTESIAN_POINT('',(4.867262534944,7.630570381667));
#3259 = CARTESIAN_POINT('',(4.881079425363,7.657427378637));
#3260 = CARTESIAN_POINT('',(4.904843178598,7.708955165894));
#3261 = CARTESIAN_POINT('',(4.91498550658,7.73284631687));
#3262 = CARTESIAN_POINT('',(4.924833303898,7.757929914077));
#3263 = CARTESIAN_POINT('',(4.93438144071,7.784128575635));
#3264 = CARTESIAN_POINT('',(4.943625266962,7.811367601749));
#3265 = CARTESIAN_POINT('',(4.952560636642,7.839574833013));
#3266 = CARTESIAN_POINT('',(4.99512295117,7.983232781091));
#3267 = CARTESIAN_POINT('',(5.02428098177,8.111880779182));
#3268 = CARTESIAN_POINT('',(5.048543893498,8.250904976151));
#3269 = CARTESIAN_POINT('',(5.067823867945,8.397487983408));
#3270 = CARTESIAN_POINT('',(5.082045444943,8.549388396691));
#3271 = CARTESIAN_POINT('',(5.091150213044,8.704737051113));
#3272 = CARTESIAN_POINT('',(5.096063900994,8.901836092297));
#3273 = CARTESIAN_POINT('',(5.096724116983,8.941930279177));
#3274 = CARTESIAN_POINT('',(5.097046586402,8.982076192647));
#3275 = CARTESIAN_POINT('',(5.097031020777,9.022238401183));
#3276 = CARTESIAN_POINT('',(5.096677429441,9.06238150301));
#3277 = CARTESIAN_POINT('',(5.095986119528,9.102470126104));
#3278 = CARTESIAN_POINT('',(5.091686831695,9.269683686858));
#3279 = CARTESIAN_POINT('',(5.085010435859,9.395814327164));
#3280 = CARTESIAN_POINT('',(5.074959960061,9.519899850251));
#3281 = CARTESIAN_POINT('',(5.061569232671,9.640920199502));
#3282 = CARTESIAN_POINT('',(5.044880404845,9.757724692474));
#3283 = CARTESIAN_POINT('',(5.024945283688,9.86895584974));
#3284 = CARTESIAN_POINT('',(4.996324303917,9.997698558727));
#3285 = CARTESIAN_POINT('',(4.990645075673,10.022026159234));
#3286 = CARTESIAN_POINT('',(4.984784743374,10.045929965644));
#3287 = CARTESIAN_POINT('',(4.978743807214,10.069386966876));
#3288 = CARTESIAN_POINT('',(4.97252289206,10.092372597305));
#3289 = CARTESIAN_POINT('',(4.966122747456,10.114860736763));
#3290 = CARTESIAN_POINT('',(4.951055062365,10.16516569699));
#3291 = CARTESIAN_POINT('',(4.942267240019,10.192638683348));
#3292 = CARTESIAN_POINT('',(4.933184279129,10.219176696429));
#3293 = CARTESIAN_POINT('',(4.923810170094,10.244711614533));
#3294 = CARTESIAN_POINT('',(4.914149372617,10.269173039739));
#3295 = CARTESIAN_POINT('',(4.904206793153,10.292488170213));
#3296 = CARTESIAN_POINT('',(4.871303533564,10.36362488133));
#3297 = CARTESIAN_POINT('',(4.847109837344,10.406966771907));
#3298 = CARTESIAN_POINT('',(4.821635679177,10.443204681001));
#3299 = CARTESIAN_POINT('',(4.795143322052,10.471260189506));
#3300 = CARTESIAN_POINT('',(4.767911869939,10.490354881472));
#3301 = CARTESIAN_POINT('',(4.740228733833,10.5));
#3302 = CARTESIAN_POINT('',(4.712388980385,10.5));
#3303 = ( GEOMETRIC_REPRESENTATION_CONTEXT(2) 
PARAMETRIC_REPRESENTATION_CONTEXT() REPRESENTATION_CONTEXT('2D SPACE',''
  ) );
#3304 = PCURVE('',#3305,#3310);
#3305 = CYLINDRICAL_SURFACE('',#3306,1.5);
#3306 = AXIS2_PLACEMENT_3D('',#3307,#3308,#3309);
#3307 = CARTESIAN_POINT('',(11.,2.,27.));
#3308 = DIRECTION('',(0.,-1.,0.));
#3309 = DIRECTION('',(1.,0.,0.));
#3310 = DEFINITIONAL_REPRESENTATION('',(#3311),#3416);
#3311 = B_SPLINE_CURVE_WITH_KNOTS('',7,(#3312,#3313,#3314,#3315,#3316,
    #3317,#3318,#3319,#3320,#3321,#3322,#3323,#3324,#3325,#3326,#3327,
    #3328,#3329,#3330,#3331,#3332,#3333,#3334,#3335,#3336,#3337,#3338,
    #3339,#3340,#3341,#3342,#3343,#3344,#3345,#3346,#3347,#3348,#3349,
    #3350,#3351,#3352,#3353,#3354,#3355,#3356,#3357,#3358,#3359,#3360,
    #3361,#3362,#3363,#3364,#3365,#3366,#3367,#3368,#3369,#3370,#3371,
    #3372,#3373,#3374,#3375,#3376,#3377,#3378,#3379,#3380,#3381,#3382,
    #3383,#3384,#3385,#3386,#3387,#3388,#3389,#3390,#3391,#3392,#3393,
    #3394,#3395,#3396,#3397,#3398,#3399,#3400,#3401,#3402,#3403,#3404,
    #3405,#3406,#3407,#3408,#3409,#3410,#3411,#3412,#3413,#3414,#3415),
  .UNSPECIFIED.,.F.,.F.,(8,6,6,6,6,6,6,6,6,6,6,6,6,6,6,6,6,8),(0.,
    7.210760810306E-02,0.10485609733,0.129968042632,0.233240475812,
    0.267665466643,0.371619717005,0.42869282775,0.47107736582,
    0.529953449413,0.571933065504,0.604777731302,0.734045683733,
    0.76696665652,0.871670632375,0.896564910408,0.928689580684,1.),
  .UNSPECIFIED.);
#3312 = CARTESIAN_POINT('',(0.,18.));
#3313 = CARTESIAN_POINT('',(7.499298558415E-02,18.));
#3314 = CARTESIAN_POINT('',(0.149550893282,17.996309304468));
#3315 = CARTESIAN_POINT('',(0.22346042625,17.98900487904));
#3316 = CARTESIAN_POINT('',(0.296494224697,17.978408416594));
#3317 = CARTESIAN_POINT('',(0.368387567393,17.965068721387));
#3318 = CARTESIAN_POINT('',(0.438802378003,17.949698335881));
#3319 = CARTESIAN_POINT('',(0.538377761242,17.925509924034));
#3320 = CARTESIAN_POINT('',(0.56917182601,17.917671811777));
#3321 = CARTESIAN_POINT('',(0.599672919875,17.90960461066));
#3322 = CARTESIAN_POINT('',(0.629891913582,17.901361793137));
#3323 = CARTESIAN_POINT('',(0.659838581142,17.892995337932));
#3324 = CARTESIAN_POINT('',(0.689521821682,17.884555301001));
#3325 = CARTESIAN_POINT('',(0.741515680252,17.869597618881));
#3326 = CARTESIAN_POINT('',(0.763934849303,17.863089651649));
#3327 = CARTESIAN_POINT('',(0.78621373118,17.856586221213));
#3328 = CARTESIAN_POINT('',(0.808358768279,17.850107136084));
#3329 = CARTESIAN_POINT('',(0.830376502665,17.843671276875));
#3330 = CARTESIAN_POINT('',(0.852273576079,17.837296596299));
#3331 = CARTESIAN_POINT('',(0.963639566866,17.805105967781));
#3332 = CARTESIAN_POINT('',(1.051382024943,17.78050953384));
#3333 = CARTESIAN_POINT('',(1.137682574416,17.758418283808));
#3334 = CARTESIAN_POINT('',(1.222888623987,17.739810050178));
#3335 = CARTESIAN_POINT('',(1.307328772049,17.725411798584));
#3336 = CARTESIAN_POINT('',(1.391335469938,17.715690914467));
#3337 = CARTESIAN_POINT('',(1.503232994129,17.709248334619));
#3338 = CARTESIAN_POINT('',(1.531186373631,17.708181598359));
#3339 = CARTESIAN_POINT('',(1.55912708447,17.707666027688));
#3340 = CARTESIAN_POINT('',(1.58706395102,17.70770514943));
#3341 = CARTESIAN_POINT('',(1.61500577326,17.708298790049));
#3342 = CARTESIAN_POINT('',(1.642961326773,17.709443075644));
#3343 = CARTESIAN_POINT('',(1.755425536506,17.716225795992));
#3344 = CARTESIAN_POINT('',(1.840004593744,17.72626659592));
#3345 = CARTESIAN_POINT('',(1.925035383256,17.741027581949));
#3346 = CARTESIAN_POINT('',(2.010859442207,17.760022194163));
#3347 = CARTESIAN_POINT('',(2.097814316705,17.782498335916));
#3348 = CARTESIAN_POINT('',(2.186257366346,17.807446942215));
#3349 = CARTESIAN_POINT('',(2.326200123188,17.84799474804));
#3350 = CARTESIAN_POINT('',(2.376429157759,17.862752457663));
#3351 = CARTESIAN_POINT('',(2.427344452729,17.877688627373));
#3352 = CARTESIAN_POINT('',(2.479003285107,17.892568861855));
#3353 = CARTESIAN_POINT('',(2.531467327567,17.907136647696));
#3354 = CARTESIAN_POINT('',(2.584807063401,17.921117786));
#3355 = CARTESIAN_POINT('',(2.679430687986,17.943958582049));
#3356 = CARTESIAN_POINT('',(2.720306604418,17.953215752965));
#3357 = CARTESIAN_POINT('',(2.761688236915,17.961857998651));
#3358 = CARTESIAN_POINT('',(2.803539536422,17.969751753267));
#3359 = CARTESIAN_POINT('',(2.845832246797,17.976772450332));
#3360 = CARTESIAN_POINT('',(2.888544032928,17.982808748812));
#3361 = CARTESIAN_POINT('',(2.991544005051,17.99465389892));
#3362 = CARTESIAN_POINT('',(3.052158623363,17.999454999852));
#3363 = CARTESIAN_POINT('',(3.113181204859,18.001892819649));
#3364 = CARTESIAN_POINT('',(3.174331209831,18.001816586531));
#3365 = CARTESIAN_POINT('',(3.235340688736,17.999229333305));
#3366 = CARTESIAN_POINT('',(3.295928034629,17.994287692854));
#3367 = CARTESIAN_POINT('',(3.398441075785,17.982273387373));
#3368 = CARTESIAN_POINT('',(3.440713768869,17.976221508988));
#3369 = CARTESIAN_POINT('',(3.482572498825,17.969210817378));
#3370 = CARTESIAN_POINT('',(3.523996118172,17.961350080607));
#3371 = CARTESIAN_POINT('',(3.56495778035,17.952760524377));
#3372 = CARTESIAN_POINT('',(3.605423190585,17.943571819003));
#3373 = CARTESIAN_POINT('',(3.676586521262,17.926365013061));
#3374 = CARTESIAN_POINT('',(3.707516428314,17.918521775861));
#3375 = CARTESIAN_POINT('',(3.738150779667,17.910443559406));
#3376 = CARTESIAN_POINT('',(3.768500432684,17.902184532532));
#3377 = CARTESIAN_POINT('',(3.798575120869,17.893797383835));
#3378 = CARTESIAN_POINT('',(3.828383674377,17.885332877225));
#3379 = CARTESIAN_POINT('',(3.974237484468,17.843411347944));
#3380 = CARTESIAN_POINT('',(4.086726171992,17.809482420114));
#3381 = CARTESIAN_POINT('',(4.196331019192,17.777870404656));
#3382 = CARTESIAN_POINT('',(4.303778442138,17.750846895535));
#3383 = CARTESIAN_POINT('',(4.409767414761,17.730054772228));
#3384 = CARTESIAN_POINT('',(4.514969095359,17.716522099467));
#3385 = CARTESIAN_POINT('',(4.646929489261,17.709182903555));
#3386 = CARTESIAN_POINT('',(4.673695712954,17.708192481691));
#3387 = CARTESIAN_POINT('',(4.700450628574,17.707707467981));
#3388 = CARTESIAN_POINT('',(4.72720193969,17.707730877628));
#3389 = CARTESIAN_POINT('',(4.753957374494,17.708262614884));
#3390 = CARTESIAN_POINT('',(4.780724685804,17.709299473058));
#3391 = CARTESIAN_POINT('',(4.892706635476,17.715719250795));
#3392 = CARTESIAN_POINT('',(4.977983855097,17.725642353772));
#3393 = CARTESIAN_POINT('',(5.063710695092,17.740383214083));
#3394 = CARTESIAN_POINT('',(5.150236365541,17.759449821179));
#3395 = CARTESIAN_POINT('',(5.237905763124,17.782074903468));
#3396 = CARTESIAN_POINT('',(5.327084158059,17.807225037064));
#3397 = CARTESIAN_POINT('',(5.439854553551,17.839899769235));
#3398 = CARTESIAN_POINT('',(5.46163055999,17.846248215538));
#3399 = CARTESIAN_POINT('',(5.483527335787,17.852651830056));
#3400 = CARTESIAN_POINT('',(5.505551371636,17.859092854051));
#3401 = CARTESIAN_POINT('',(5.527709038762,17.865552622004));
#3402 = CARTESIAN_POINT('',(5.550006588919,17.872011561613));
#3403 = CARTESIAN_POINT('',(5.601412317489,17.886756597241));
#3404 = CARTESIAN_POINT('',(5.630623302387,17.895030149163));
#3405 = CARTESIAN_POINT('',(5.660090576172,17.903224167624));
#3406 = CARTESIAN_POINT('',(5.689822259178,17.911290827528));
#3407 = CARTESIAN_POINT('',(5.719827319724,17.919180568595));
#3408 = CARTESIAN_POINT('',(5.75011576885,17.926842503331));
#3409 = CARTESIAN_POINT('',(5.848587262409,17.950612120178));
#3410 = CARTESIAN_POINT('',(5.918368026933,17.96572794439));
#3411 = CARTESIAN_POINT('',(5.989593241378,17.978827697022));
#3412 = CARTESIAN_POINT('',(6.061932137579,17.989222511318));
#3413 = CARTESIAN_POINT('',(6.135124495057,17.9963831103));
#3414 = CARTESIAN_POINT('',(6.208945964651,18.));
#3415 = CARTESIAN_POINT('',(6.28318530718,18.));
#3416 = ( GEOMETRIC_REPRESENTATION_CONTEXT(2) 
PARAMETRIC_REPRESENTATION_CONTEXT() REPRESENTATION_CONTEXT('2D SPACE',''
  ) );
#3417 = ADVANCED_FACE('',(#3418),#1654,.F.);
#3418 = FACE_BOUND('',#3419,.F.);
#3419 = EDGE_LOOP('',(#3420,#3443,#3444,#3465));
#3420 = ORIENTED_EDGE('',*,*,#3421,.T.);
#3421 = EDGE_CURVE('',#3422,#1200,#3424,.T.);
#3422 = VERTEX_POINT('',#3423);
#3423 = CARTESIAN_POINT('',(-8.,-19.,27.));
#3424 = SURFACE_CURVE('',#3425,(#3429,#3436),.PCURVE_S1.);
#3425 = LINE('',#3426,#3427);
#3426 = CARTESIAN_POINT('',(-8.,-19.,27.));
#3427 = VECTOR('',#3428,1.);
#3428 = DIRECTION('',(0.,-1.,0.));
#3429 = PCURVE('',#1654,#3430);
#3430 = DEFINITIONAL_REPRESENTATION('',(#3431),#3435);
#3431 = LINE('',#3432,#3433);
#3432 = CARTESIAN_POINT('',(6.28318530718,-0.));
#3433 = VECTOR('',#3434,1.);
#3434 = DIRECTION('',(0.,1.));
#3435 = ( GEOMETRIC_REPRESENTATION_CONTEXT(2) 
PARAMETRIC_REPRESENTATION_CONTEXT() REPRESENTATION_CONTEXT('2D SPACE',''
  ) );
#3436 = PCURVE('',#1878,#3437);
#3437 = DEFINITIONAL_REPRESENTATION('',(#3438),#3442);
#3438 = LINE('',#3439,#3440);
#3439 = CARTESIAN_POINT('',(0.,-0.));
#3440 = VECTOR('',#3441,1.);
#3441 = DIRECTION('',(0.,1.));
#3442 = ( GEOMETRIC_REPRESENTATION_CONTEXT(2) 
PARAMETRIC_REPRESENTATION_CONTEXT() REPRESENTATION_CONTEXT('2D SPACE',''
  ) );
#3443 = ORIENTED_EDGE('',*,*,#1586,.F.);
#3444 = ORIENTED_EDGE('',*,*,#3445,.F.);
#3445 = EDGE_CURVE('',#3446,#1036,#3448,.T.);
#3446 = VERTEX_POINT('',#3447);
#3447 = CARTESIAN_POINT('',(-14.,-19.,27.));
#3448 = SURFACE_CURVE('',#3449,(#3453,#3459),.PCURVE_S1.);
#3449 = LINE('',#3450,#3451);
#3450 = CARTESIAN_POINT('',(-14.,-19.,27.));
#3451 = VECTOR('',#3452,1.);
#3452 = DIRECTION('',(0.,-1.,0.));
#3453 = PCURVE('',#1654,#3454);
#3454 = DEFINITIONAL_REPRESENTATION('',(#3455),#3458);
#3455 = B_SPLINE_CURVE_WITH_KNOTS('',1,(#3456,#3457),.UNSPECIFIED.,.F.,
  .F.,(2,2),(-5.999999999062E-07,3.0000006),.PIECEWISE_BEZIER_KNOTS.);
#3456 = CARTESIAN_POINT('',(3.14159265359,-5.999999999062E-07));
#3457 = CARTESIAN_POINT('',(3.14159265359,3.0000006));
#3458 = ( GEOMETRIC_REPRESENTATION_CONTEXT(2) 
PARAMETRIC_REPRESENTATION_CONTEXT() REPRESENTATION_CONTEXT('2D SPACE',''
  ) );
#3459 = PCURVE('',#1878,#3460);
#3460 = DEFINITIONAL_REPRESENTATION('',(#3461),#3464);
#3461 = B_SPLINE_CURVE_WITH_KNOTS('',1,(#3462,#3463),.UNSPECIFIED.,.F.,
  .F.,(2,2),(-5.999999999062E-07,3.0000006),.PIECEWISE_BEZIER_KNOTS.);
#3462 = CARTESIAN_POINT('',(3.14159265359,-5.999999999062E-07));
#3463 = CARTESIAN_POINT('',(3.14159265359,3.0000006));
#3464 = ( GEOMETRIC_REPRESENTATION_CONTEXT(2) 
PARAMETRIC_REPRESENTATION_CONTEXT() REPRESENTATION_CONTEXT('2D SPACE',''
  ) );
#3465 = ORIENTED_EDGE('',*,*,#3466,.T.);
#3466 = EDGE_CURVE('',#3446,#3422,#3467,.T.);
#3467 = SURFACE_CURVE('',#3468,(#3473,#3480),.PCURVE_S1.);
#3468 = CIRCLE('',#3469,3.);
#3469 = AXIS2_PLACEMENT_3D('',#3470,#3471,#3472);
#3470 = CARTESIAN_POINT('',(-11.,-19.,27.));
#3471 = DIRECTION('',(0.,-1.,0.));
#3472 = DIRECTION('',(1.,0.,0.));
#3473 = PCURVE('',#1654,#3474);
#3474 = DEFINITIONAL_REPRESENTATION('',(#3475),#3479);
#3475 = LINE('',#3476,#3477);
#3476 = CARTESIAN_POINT('',(0.,0.));
#3477 = VECTOR('',#3478,1.);
#3478 = DIRECTION('',(1.,0.));
#3479 = ( GEOMETRIC_REPRESENTATION_CONTEXT(2) 
PARAMETRIC_REPRESENTATION_CONTEXT() REPRESENTATION_CONTEXT('2D SPACE',''
  ) );
#3480 = PCURVE('',#3481,#3486);
#3481 = PLANE('',#3482);
#3482 = AXIS2_PLACEMENT_3D('',#3483,#3484,#3485);
#3483 = CARTESIAN_POINT('',(-11.,-19.,27.));
#3484 = DIRECTION('',(0.,-1.,0.));
#3485 = DIRECTION('',(1.,0.,0.));
#3486 = DEFINITIONAL_REPRESENTATION('',(#3487),#3491);
#3487 = CIRCLE('',#3488,3.);
#3488 = AXIS2_PLACEMENT_2D('',#3489,#3490);
#3489 = CARTESIAN_POINT('',(0.,0.));
#3490 = DIRECTION('',(1.,0.));
#3491 = ( GEOMETRIC_REPRESENTATION_CONTEXT(2) 
PARAMETRIC_REPRESENTATION_CONTEXT() REPRESENTATION_CONTEXT('2D SPACE',''
  ) );
#3492 = ADVANCED_FACE('',(#3493),#1767,.F.);
#3493 = FACE_BOUND('',#3494,.F.);
#3494 = EDGE_LOOP('',(#3495,#3518,#3519,#3540));
#3495 = ORIENTED_EDGE('',*,*,#3496,.T.);
#3496 = EDGE_CURVE('',#3497,#1447,#3499,.T.);
#3497 = VERTEX_POINT('',#3498);
#3498 = CARTESIAN_POINT('',(14.,-19.,27.));
#3499 = SURFACE_CURVE('',#3500,(#3504,#3511),.PCURVE_S1.);
#3500 = LINE('',#3501,#3502);
#3501 = CARTESIAN_POINT('',(14.,-19.,27.));
#3502 = VECTOR('',#3503,1.);
#3503 = DIRECTION('',(0.,-1.,0.));
#3504 = PCURVE('',#1767,#3505);
#3505 = DEFINITIONAL_REPRESENTATION('',(#3506),#3510);
#3506 = LINE('',#3507,#3508);
#3507 = CARTESIAN_POINT('',(6.28318530718,-0.));
#3508 = VECTOR('',#3509,1.);
#3509 = DIRECTION('',(0.,1.));
#3510 = ( GEOMETRIC_REPRESENTATION_CONTEXT(2) 
PARAMETRIC_REPRESENTATION_CONTEXT() REPRESENTATION_CONTEXT('2D SPACE',''
  ) );
#3511 = PCURVE('',#2684,#3512);
#3512 = DEFINITIONAL_REPRESENTATION('',(#3513),#3517);
#3513 = LINE('',#3514,#3515);
#3514 = CARTESIAN_POINT('',(0.,-0.));
#3515 = VECTOR('',#3516,1.);
#3516 = DIRECTION('',(0.,1.));
#3517 = ( GEOMETRIC_REPRESENTATION_CONTEXT(2) 
PARAMETRIC_REPRESENTATION_CONTEXT() REPRESENTATION_CONTEXT('2D SPACE',''
  ) );
#3518 = ORIENTED_EDGE('',*,*,#1699,.F.);
#3519 = ORIENTED_EDGE('',*,*,#3520,.F.);
#3520 = EDGE_CURVE('',#3521,#1283,#3523,.T.);
#3521 = VERTEX_POINT('',#3522);
#3522 = CARTESIAN_POINT('',(8.,-19.,27.));
#3523 = SURFACE_CURVE('',#3524,(#3528,#3534),.PCURVE_S1.);
#3524 = LINE('',#3525,#3526);
#3525 = CARTESIAN_POINT('',(8.,-19.,27.));
#3526 = VECTOR('',#3527,1.);
#3527 = DIRECTION('',(0.,-1.,0.));
#3528 = PCURVE('',#1767,#3529);
#3529 = DEFINITIONAL_REPRESENTATION('',(#3530),#3533);
#3530 = B_SPLINE_CURVE_WITH_KNOTS('',1,(#3531,#3532),.UNSPECIFIED.,.F.,
  .F.,(2,2),(-5.999999999062E-07,3.0000006),.PIECEWISE_BEZIER_KNOTS.);
#3531 = CARTESIAN_POINT('',(3.14159265359,-5.999999999062E-07));
#3532 = CARTESIAN_POINT('',(3.14159265359,3.0000006));
#3533 = ( GEOMETRIC_REPRESENTATION_CONTEXT(2) 
PARAMETRIC_REPRESENTATION_CONTEXT() REPRESENTATION_CONTEXT('2D SPACE',''
  ) );
#3534 = PCURVE('',#2684,#3535);
#3535 = DEFINITIONAL_REPRESENTATION('',(#3536),#3539);
#3536 = B_SPLINE_CURVE_WITH_KNOTS('',1,(#3537,#3538),.UNSPECIFIED.,.F.,
  .F.,(2,2),(-5.999999999062E-07,3.0000006),.PIECEWISE_BEZIER_KNOTS.);
#3537 = CARTESIAN_POINT('',(3.14159265359,-5.999999999062E-07));
#3538 = CARTESIAN_POINT('',(3.14159265359,3.0000006));
#3539 = ( GEOMETRIC_REPRESENTATION_CONTEXT(2) 
PARAMETRIC_REPRESENTATION_CONTEXT() REPRESENTATION_CONTEXT('2D SPACE',''
  ) );
#3540 = ORIENTED_EDGE('',*,*,#3541,.T.);
#3541 = EDGE_CURVE('',#3521,#3497,#3542,.T.);
#3542 = SURFACE_CURVE('',#3543,(#3548,#3555),.PCURVE_S1.);
#3543 = CIRCLE('',#3544,3.);
#3544 = AXIS2_PLACEMENT_3D('',#3545,#3546,#3547);
#3545 = CARTESIAN_POINT('',(11.,-19.,27.));
#3546 = DIRECTION('',(0.,-1.,0.));
#3547 = DIRECTION('',(1.,0.,0.));
#3548 = PCURVE('',#1767,#3549);
#3549 = DEFINITIONAL_REPRESENTATION('',(#3550),#3554);
#3550 = LINE('',#3551,#3552);
#3551 = CARTESIAN_POINT('',(0.,0.));
#3552 = VECTOR('',#3553,1.);
#3553 = DIRECTION('',(1.,0.));
#3554 = ( GEOMETRIC_REPRESENTATION_CONTEXT(2) 
PARAMETRIC_REPRESENTATION_CONTEXT() REPRESENTATION_CONTEXT('2D SPACE',''
  ) );
#3555 = PCURVE('',#3556,#3561);
#3556 = PLANE('',#3557);
#3557 = AXIS2_PLACEMENT_3D('',#3558,#3559,#3560);
#3558 = CARTESIAN_POINT('',(11.,-19.,27.));
#3559 = DIRECTION('',(0.,-1.,0.));
#3560 = DIRECTION('',(1.,0.,0.));
#3561 = DEFINITIONAL_REPRESENTATION('',(#3562),#3566);
#3562 = CIRCLE('',#3563,3.);
#3563 = AXIS2_PLACEMENT_2D('',#3564,#3565);
#3564 = CARTESIAN_POINT('',(0.,0.));
#3565 = DIRECTION('',(1.,0.));
#3566 = ( GEOMETRIC_REPRESENTATION_CONTEXT(2) 
PARAMETRIC_REPRESENTATION_CONTEXT() REPRESENTATION_CONTEXT('2D SPACE',''
  ) );
#3567 = ADVANCED_FACE('',(#3568),#1878,.F.);
#3568 = FACE_BOUND('',#3569,.F.);
#3569 = EDGE_LOOP('',(#3570,#3571,#3572,#3594));
#3570 = ORIENTED_EDGE('',*,*,#1810,.F.);
#3571 = ORIENTED_EDGE('',*,*,#3421,.F.);
#3572 = ORIENTED_EDGE('',*,*,#3573,.T.);
#3573 = EDGE_CURVE('',#3422,#3446,#3574,.T.);
#3574 = SURFACE_CURVE('',#3575,(#3580,#3587),.PCURVE_S1.);
#3575 = CIRCLE('',#3576,3.);
#3576 = AXIS2_PLACEMENT_3D('',#3577,#3578,#3579);
#3577 = CARTESIAN_POINT('',(-11.,-19.,27.));
#3578 = DIRECTION('',(0.,-1.,0.));
#3579 = DIRECTION('',(1.,0.,0.));
#3580 = PCURVE('',#1878,#3581);
#3581 = DEFINITIONAL_REPRESENTATION('',(#3582),#3586);
#3582 = LINE('',#3583,#3584);
#3583 = CARTESIAN_POINT('',(0.,0.));
#3584 = VECTOR('',#3585,1.);
#3585 = DIRECTION('',(1.,0.));
#3586 = ( GEOMETRIC_REPRESENTATION_CONTEXT(2) 
PARAMETRIC_REPRESENTATION_CONTEXT() REPRESENTATION_CONTEXT('2D SPACE',''
  ) );
#3587 = PCURVE('',#3481,#3588);
#3588 = DEFINITIONAL_REPRESENTATION('',(#3589),#3593);
#3589 = CIRCLE('',#3590,3.);
#3590 = AXIS2_PLACEMENT_2D('',#3591,#3592);
#3591 = CARTESIAN_POINT('',(0.,0.));
#3592 = DIRECTION('',(1.,0.));
#3593 = ( GEOMETRIC_REPRESENTATION_CONTEXT(2) 
PARAMETRIC_REPRESENTATION_CONTEXT() REPRESENTATION_CONTEXT('2D SPACE',''
  ) );
#3594 = ORIENTED_EDGE('',*,*,#3445,.T.);
#3595 = ADVANCED_FACE('',(#3596),#2166,.F.);
#3596 = FACE_BOUND('',#3597,.F.);
#3597 = EDGE_LOOP('',(#3598,#3599,#3622,#3649));
#3598 = ORIENTED_EDGE('',*,*,#1948,.F.);
#3599 = ORIENTED_EDGE('',*,*,#3600,.F.);
#3600 = EDGE_CURVE('',#3601,#1949,#3603,.T.);
#3601 = VERTEX_POINT('',#3602);
#3602 = CARTESIAN_POINT('',(-9.5,2.,27.));
#3603 = SEAM_CURVE('',#3604,(#3608,#3615),.PCURVE_S1.);
#3604 = LINE('',#3605,#3606);
#3605 = CARTESIAN_POINT('',(-9.5,2.,27.));
#3606 = VECTOR('',#3607,1.);
#3607 = DIRECTION('',(0.,-1.,0.));
#3608 = PCURVE('',#2166,#3609);
#3609 = DEFINITIONAL_REPRESENTATION('',(#3610),#3614);
#3610 = LINE('',#3611,#3612);
#3611 = CARTESIAN_POINT('',(6.28318530718,-0.));
#3612 = VECTOR('',#3613,1.);
#3613 = DIRECTION('',(0.,1.));
#3614 = ( GEOMETRIC_REPRESENTATION_CONTEXT(2) 
PARAMETRIC_REPRESENTATION_CONTEXT() REPRESENTATION_CONTEXT('2D SPACE',''
  ) );
#3615 = PCURVE('',#2166,#3616);
#3616 = DEFINITIONAL_REPRESENTATION('',(#3617),#3621);
#3617 = LINE('',#3618,#3619);
#3618 = CARTESIAN_POINT('',(0.,-0.));
#3619 = VECTOR('',#3620,1.);
#3620 = DIRECTION('',(0.,1.));
#3621 = ( GEOMETRIC_REPRESENTATION_CONTEXT(2) 
PARAMETRIC_REPRESENTATION_CONTEXT() REPRESENTATION_CONTEXT('2D SPACE',''
  ) );
#3622 = ORIENTED_EDGE('',*,*,#3623,.T.);
#3623 = EDGE_CURVE('',#3601,#3601,#3624,.T.);
#3624 = SURFACE_CURVE('',#3625,(#3630,#3637),.PCURVE_S1.);
#3625 = CIRCLE('',#3626,1.5);
#3626 = AXIS2_PLACEMENT_3D('',#3627,#3628,#3629);
#3627 = CARTESIAN_POINT('',(-11.,2.,27.));
#3628 = DIRECTION('',(0.,-1.,0.));
#3629 = DIRECTION('',(1.,0.,0.));
#3630 = PCURVE('',#2166,#3631);
#3631 = DEFINITIONAL_REPRESENTATION('',(#3632),#3636);
#3632 = LINE('',#3633,#3634);
#3633 = CARTESIAN_POINT('',(0.,0.));
#3634 = VECTOR('',#3635,1.);
#3635 = DIRECTION('',(1.,0.));
#3636 = ( GEOMETRIC_REPRESENTATION_CONTEXT(2) 
PARAMETRIC_REPRESENTATION_CONTEXT() REPRESENTATION_CONTEXT('2D SPACE',''
  ) );
#3637 = PCURVE('',#3638,#3643);
#3638 = PLANE('',#3639);
#3639 = AXIS2_PLACEMENT_3D('',#3640,#3641,#3642);
#3640 = CARTESIAN_POINT('',(-11.,2.,27.));
#3641 = DIRECTION('',(0.,-1.,0.));
#3642 = DIRECTION('',(1.,0.,0.));
#3643 = DEFINITIONAL_REPRESENTATION('',(#3644),#3648);
#3644 = CIRCLE('',#3645,1.5);
#3645 = AXIS2_PLACEMENT_2D('',#3646,#3647);
#3646 = CARTESIAN_POINT('',(0.,0.));
#3647 = DIRECTION('',(1.,0.));
#3648 = ( GEOMETRIC_REPRESENTATION_CONTEXT(2) 
PARAMETRIC_REPRESENTATION_CONTEXT() REPRESENTATION_CONTEXT('2D SPACE',''
  ) );
#3649 = ORIENTED_EDGE('',*,*,#3600,.T.);
#3650 = ADVANCED_FACE('',(#3651),#2499,.F.);
#3651 = FACE_BOUND('',#3652,.F.);
#3652 = EDGE_LOOP('',(#3653,#3677,#3698,#3699));
#3653 = ORIENTED_EDGE('',*,*,#3654,.F.);
#3654 = EDGE_CURVE('',#3655,#3655,#3657,.T.);
#3655 = VERTEX_POINT('',#3656);
#3656 = CARTESIAN_POINT('',(-9.5,-19.,27.));
#3657 = SURFACE_CURVE('',#3658,(#3663,#3670),.PCURVE_S1.);
#3658 = CIRCLE('',#3659,1.5);
#3659 = AXIS2_PLACEMENT_3D('',#3660,#3661,#3662);
#3660 = CARTESIAN_POINT('',(-11.,-19.,27.));
#3661 = DIRECTION('',(0.,-1.,0.));
#3662 = DIRECTION('',(1.,0.,0.));
#3663 = PCURVE('',#2499,#3664);
#3664 = DEFINITIONAL_REPRESENTATION('',(#3665),#3669);
#3665 = LINE('',#3666,#3667);
#3666 = CARTESIAN_POINT('',(0.,21.));
#3667 = VECTOR('',#3668,1.);
#3668 = DIRECTION('',(1.,0.));
#3669 = ( GEOMETRIC_REPRESENTATION_CONTEXT(2) 
PARAMETRIC_REPRESENTATION_CONTEXT() REPRESENTATION_CONTEXT('2D SPACE',''
  ) );
#3670 = PCURVE('',#3481,#3671);
#3671 = DEFINITIONAL_REPRESENTATION('',(#3672),#3676);
#3672 = CIRCLE('',#3673,1.5);
#3673 = AXIS2_PLACEMENT_2D('',#3674,#3675);
#3674 = CARTESIAN_POINT('',(0.,0.));
#3675 = DIRECTION('',(1.,0.));
#3676 = ( GEOMETRIC_REPRESENTATION_CONTEXT(2) 
PARAMETRIC_REPRESENTATION_CONTEXT() REPRESENTATION_CONTEXT('2D SPACE',''
  ) );
#3677 = ORIENTED_EDGE('',*,*,#3678,.F.);
#3678 = EDGE_CURVE('',#2282,#3655,#3679,.T.);
#3679 = SEAM_CURVE('',#3680,(#3684,#3691),.PCURVE_S1.);
#3680 = LINE('',#3681,#3682);
#3681 = CARTESIAN_POINT('',(-9.5,2.,27.));
#3682 = VECTOR('',#3683,1.);
#3683 = DIRECTION('',(0.,-1.,0.));
#3684 = PCURVE('',#2499,#3685);
#3685 = DEFINITIONAL_REPRESENTATION('',(#3686),#3690);
#3686 = LINE('',#3687,#3688);
#3687 = CARTESIAN_POINT('',(6.28318530718,-0.));
#3688 = VECTOR('',#3689,1.);
#3689 = DIRECTION('',(0.,1.));
#3690 = ( GEOMETRIC_REPRESENTATION_CONTEXT(2) 
PARAMETRIC_REPRESENTATION_CONTEXT() REPRESENTATION_CONTEXT('2D SPACE',''
  ) );
#3691 = PCURVE('',#2499,#3692);
#3692 = DEFINITIONAL_REPRESENTATION('',(#3693),#3697);
#3693 = LINE('',#3694,#3695);
#3694 = CARTESIAN_POINT('',(0.,-0.));
#3695 = VECTOR('',#3696,1.);
#3696 = DIRECTION('',(0.,1.));
#3697 = ( GEOMETRIC_REPRESENTATION_CONTEXT(2) 
PARAMETRIC_REPRESENTATION_CONTEXT() REPRESENTATION_CONTEXT('2D SPACE',''
  ) );
#3698 = ORIENTED_EDGE('',*,*,#2281,.T.);
#3699 = ORIENTED_EDGE('',*,*,#3678,.T.);
#3700 = ADVANCED_FACE('',(#3701),#2684,.F.);
#3701 = FACE_BOUND('',#3702,.F.);
#3702 = EDGE_LOOP('',(#3703,#3704,#3705,#3727));
#3703 = ORIENTED_EDGE('',*,*,#2616,.F.);
#3704 = ORIENTED_EDGE('',*,*,#3496,.F.);
#3705 = ORIENTED_EDGE('',*,*,#3706,.T.);
#3706 = EDGE_CURVE('',#3497,#3521,#3707,.T.);
#3707 = SURFACE_CURVE('',#3708,(#3713,#3720),.PCURVE_S1.);
#3708 = CIRCLE('',#3709,3.);
#3709 = AXIS2_PLACEMENT_3D('',#3710,#3711,#3712);
#3710 = CARTESIAN_POINT('',(11.,-19.,27.));
#3711 = DIRECTION('',(0.,-1.,0.));
#3712 = DIRECTION('',(1.,0.,0.));
#3713 = PCURVE('',#2684,#3714);
#3714 = DEFINITIONAL_REPRESENTATION('',(#3715),#3719);
#3715 = LINE('',#3716,#3717);
#3716 = CARTESIAN_POINT('',(0.,0.));
#3717 = VECTOR('',#3718,1.);
#3718 = DIRECTION('',(1.,0.));
#3719 = ( GEOMETRIC_REPRESENTATION_CONTEXT(2) 
PARAMETRIC_REPRESENTATION_CONTEXT() REPRESENTATION_CONTEXT('2D SPACE',''
  ) );
#3720 = PCURVE('',#3556,#3721);
#3721 = DEFINITIONAL_REPRESENTATION('',(#3722),#3726);
#3722 = CIRCLE('',#3723,3.);
#3723 = AXIS2_PLACEMENT_2D('',#3724,#3725);
#3724 = CARTESIAN_POINT('',(0.,0.));
#3725 = DIRECTION('',(1.,0.));
#3726 = ( GEOMETRIC_REPRESENTATION_CONTEXT(2) 
PARAMETRIC_REPRESENTATION_CONTEXT() REPRESENTATION_CONTEXT('2D SPACE',''
  ) );
#3727 = ORIENTED_EDGE('',*,*,#3520,.T.);
#3728 = ADVANCED_FACE('',(#3729),#2972,.F.);
#3729 = FACE_BOUND('',#3730,.F.);
#3730 = EDGE_LOOP('',(#3731,#3732,#3755,#3782));
#3731 = ORIENTED_EDGE('',*,*,#2754,.F.);
#3732 = ORIENTED_EDGE('',*,*,#3733,.F.);
#3733 = EDGE_CURVE('',#3734,#2755,#3736,.T.);
#3734 = VERTEX_POINT('',#3735);
#3735 = CARTESIAN_POINT('',(12.5,2.,27.));
#3736 = SEAM_CURVE('',#3737,(#3741,#3748),.PCURVE_S1.);
#3737 = LINE('',#3738,#3739);
#3738 = CARTESIAN_POINT('',(12.5,2.,27.));
#3739 = VECTOR('',#3740,1.);
#3740 = DIRECTION('',(0.,-1.,0.));
#3741 = PCURVE('',#2972,#3742);
#3742 = DEFINITIONAL_REPRESENTATION('',(#3743),#3747);
#3743 = LINE('',#3744,#3745);
#3744 = CARTESIAN_POINT('',(6.28318530718,-0.));
#3745 = VECTOR('',#3746,1.);
#3746 = DIRECTION('',(0.,1.));
#3747 = ( GEOMETRIC_REPRESENTATION_CONTEXT(2) 
PARAMETRIC_REPRESENTATION_CONTEXT() REPRESENTATION_CONTEXT('2D SPACE',''
  ) );
#3748 = PCURVE('',#2972,#3749);
#3749 = DEFINITIONAL_REPRESENTATION('',(#3750),#3754);
#3750 = LINE('',#3751,#3752);
#3751 = CARTESIAN_POINT('',(0.,-0.));
#3752 = VECTOR('',#3753,1.);
#3753 = DIRECTION('',(0.,1.));
#3754 = ( GEOMETRIC_REPRESENTATION_CONTEXT(2) 
PARAMETRIC_REPRESENTATION_CONTEXT() REPRESENTATION_CONTEXT('2D SPACE',''
  ) );
#3755 = ORIENTED_EDGE('',*,*,#3756,.T.);
#3756 = EDGE_CURVE('',#3734,#3734,#3757,.T.);
#3757 = SURFACE_CURVE('',#3758,(#3763,#3770),.PCURVE_S1.);
#3758 = CIRCLE('',#3759,1.5);
#3759 = AXIS2_PLACEMENT_3D('',#3760,#3761,#3762);
#3760 = CARTESIAN_POINT('',(11.,2.,27.));
#3761 = DIRECTION('',(0.,-1.,0.));
#3762 = DIRECTION('',(1.,0.,0.));
#3763 = PCURVE('',#2972,#3764);
#3764 = DEFINITIONAL_REPRESENTATION('',(#3765),#3769);
#3765 = LINE('',#3766,#3767);
#3766 = CARTESIAN_POINT('',(0.,0.));
#3767 = VECTOR('',#3768,1.);
#3768 = DIRECTION('',(1.,0.));
#3769 = ( GEOMETRIC_REPRESENTATION_CONTEXT(2) 
PARAMETRIC_REPRESENTATION_CONTEXT() REPRESENTATION_CONTEXT('2D SPACE',''
  ) );
#3770 = PCURVE('',#3771,#3776);
#3771 = PLANE('',#3772);
#3772 = AXIS2_PLACEMENT_3D('',#3773,#3774,#3775);
#3773 = CARTESIAN_POINT('',(11.,2.,27.));
#3774 = DIRECTION('',(0.,-1.,0.));
#3775 = DIRECTION('',(1.,0.,0.));
#3776 = DEFINITIONAL_REPRESENTATION('',(#3777),#3781);
#3777 = CIRCLE('',#3778,1.5);
#3778 = AXIS2_PLACEMENT_2D('',#3779,#3780);
#3779 = CARTESIAN_POINT('',(0.,0.));
#3780 = DIRECTION('',(1.,0.));
#3781 = ( GEOMETRIC_REPRESENTATION_CONTEXT(2) 
PARAMETRIC_REPRESENTATION_CONTEXT() REPRESENTATION_CONTEXT('2D SPACE',''
  ) );
#3782 = ORIENTED_EDGE('',*,*,#3733,.T.);
#3783 = ADVANCED_FACE('',(#3784),#3305,.F.);
#3784 = FACE_BOUND('',#3785,.F.);
#3785 = EDGE_LOOP('',(#3786,#3810,#3831,#3832));
#3786 = ORIENTED_EDGE('',*,*,#3787,.F.);
#3787 = EDGE_CURVE('',#3788,#3788,#3790,.T.);
#3788 = VERTEX_POINT('',#3789);
#3789 = CARTESIAN_POINT('',(12.5,-19.,27.));
#3790 = SURFACE_CURVE('',#3791,(#3796,#3803),.PCURVE_S1.);
#3791 = CIRCLE('',#3792,1.5);
#3792 = AXIS2_PLACEMENT_3D('',#3793,#3794,#3795);
#3793 = CARTESIAN_POINT('',(11.,-19.,27.));
#3794 = DIRECTION('',(0.,-1.,0.));
#3795 = DIRECTION('',(1.,0.,0.));
#3796 = PCURVE('',#3305,#3797);
#3797 = DEFINITIONAL_REPRESENTATION('',(#3798),#3802);
#3798 = LINE('',#3799,#3800);
#3799 = CARTESIAN_POINT('',(0.,21.));
#3800 = VECTOR('',#3801,1.);
#3801 = DIRECTION('',(1.,0.));
#3802 = ( GEOMETRIC_REPRESENTATION_CONTEXT(2) 
PARAMETRIC_REPRESENTATION_CONTEXT() REPRESENTATION_CONTEXT('2D SPACE',''
  ) );
#3803 = PCURVE('',#3556,#3804);
#3804 = DEFINITIONAL_REPRESENTATION('',(#3805),#3809);
#3805 = CIRCLE('',#3806,1.5);
#3806 = AXIS2_PLACEMENT_2D('',#3807,#3808);
#3807 = CARTESIAN_POINT('',(0.,0.));
#3808 = DIRECTION('',(1.,0.));
#3809 = ( GEOMETRIC_REPRESENTATION_CONTEXT(2) 
PARAMETRIC_REPRESENTATION_CONTEXT() REPRESENTATION_CONTEXT('2D SPACE',''
  ) );
#3810 = ORIENTED_EDGE('',*,*,#3811,.F.);
#3811 = EDGE_CURVE('',#3088,#3788,#3812,.T.);
#3812 = SEAM_CURVE('',#3813,(#3817,#3824),.PCURVE_S1.);
#3813 = LINE('',#3814,#3815);
#3814 = CARTESIAN_POINT('',(12.5,2.,27.));
#3815 = VECTOR('',#3816,1.);
#3816 = DIRECTION('',(0.,-1.,0.));
#3817 = PCURVE('',#3305,#3818);
#3818 = DEFINITIONAL_REPRESENTATION('',(#3819),#3823);
#3819 = LINE('',#3820,#3821);
#3820 = CARTESIAN_POINT('',(6.28318530718,-0.));
#3821 = VECTOR('',#3822,1.);
#3822 = DIRECTION('',(0.,1.));
#3823 = ( GEOMETRIC_REPRESENTATION_CONTEXT(2) 
PARAMETRIC_REPRESENTATION_CONTEXT() REPRESENTATION_CONTEXT('2D SPACE',''
  ) );
#3824 = PCURVE('',#3305,#3825);
#3825 = DEFINITIONAL_REPRESENTATION('',(#3826),#3830);
#3826 = LINE('',#3827,#3828);
#3827 = CARTESIAN_POINT('',(0.,-0.));
#3828 = VECTOR('',#3829,1.);
#3829 = DIRECTION('',(0.,1.));
#3830 = ( GEOMETRIC_REPRESENTATION_CONTEXT(2) 
PARAMETRIC_REPRESENTATION_CONTEXT() REPRESENTATION_CONTEXT('2D SPACE',''
  ) );
#3831 = ORIENTED_EDGE('',*,*,#3087,.T.);
#3832 = ORIENTED_EDGE('',*,*,#3811,.T.);
#3833 = ADVANCED_FACE('',(#3834,#3838),#3481,.T.);
#3834 = FACE_BOUND('',#3835,.T.);
#3835 = EDGE_LOOP('',(#3836,#3837));
#3836 = ORIENTED_EDGE('',*,*,#3573,.T.);
#3837 = ORIENTED_EDGE('',*,*,#3466,.T.);
#3838 = FACE_BOUND('',#3839,.T.);
#3839 = EDGE_LOOP('',(#3840));
#3840 = ORIENTED_EDGE('',*,*,#3654,.F.);
#3841 = ADVANCED_FACE('',(#3842,#3846),#3556,.T.);
#3842 = FACE_BOUND('',#3843,.T.);
#3843 = EDGE_LOOP('',(#3844,#3845));
#3844 = ORIENTED_EDGE('',*,*,#3706,.T.);
#3845 = ORIENTED_EDGE('',*,*,#3541,.T.);
#3846 = FACE_BOUND('',#3847,.T.);
#3847 = EDGE_LOOP('',(#3848));
#3848 = ORIENTED_EDGE('',*,*,#3787,.F.);
#3849 = ADVANCED_FACE('',(#3850),#3638,.T.);
#3850 = FACE_BOUND('',#3851,.F.);
#3851 = EDGE_LOOP('',(#3852));
#3852 = ORIENTED_EDGE('',*,*,#3623,.F.);
#3853 = ADVANCED_FACE('',(#3854),#3771,.T.);
#3854 = FACE_BOUND('',#3855,.F.);
#3855 = EDGE_LOOP('',(#3856));
#3856 = ORIENTED_EDGE('',*,*,#3756,.F.);
#3857 = ( GEOMETRIC_REPRESENTATION_CONTEXT(3) 
GLOBAL_UNCERTAINTY_ASSIGNED_CONTEXT((#3861)) 
GLOBAL_UNIT_ASSIGNED_CONTEXT((#3858,#3859,#3860)) REPRESENTATION_CONTEXT
('Context #1','3D Context with UNIT and UNCERTAINTY') );
#3858 = ( LENGTH_UNIT() NAMED_UNIT(*) SI_UNIT(.MILLI.,.METRE.) );
#3859 = ( NAMED_UNIT(*) PLANE_ANGLE_UNIT() SI_UNIT($,.RADIAN.) );
#3860 = ( NAMED_UNIT(*) SI_UNIT($,.STERADIAN.) SOLID_ANGLE_UNIT() );
#3861 = UNCERTAINTY_MEASURE_WITH_UNIT(LENGTH_MEASURE(1.E-07),#3858,
  'distance_accuracy_value','confusion accuracy');
#3862 = PRODUCT_RELATED_PRODUCT_CATEGORY('part',$,(#7));
ENDSEC;
END-ISO-10303-21;
