ISO-10303-21;
HEADER;
FILE_DESCRIPTION(('Open CASCADE Model'),'2;1');
FILE_NAME('Open CASCADE Shape Model','2026-09-29T16:04:24',('Author'),(
    'Open CASCADE'),'Open CASCADE STEP processor 8.0','build123d',
  'Unknown');
FILE_SCHEMA(('AUTOMOTIVE_DESIGN { 1 0 10303 214 1 1 1 1 }'));
ENDSEC;
DATA;
#1 = APPLICATION_PROTOCOL_DEFINITION('international standard',
  'automotive_design',2000,#2);
#2 = APPLICATION_CONTEXT(
  'core data for automotive mechanical design processes');
#3 = SHAPE_DEFINITION_REPRESENTATION(#4,#10);
#4 = PRODUCT_DEFINITION_SHAPE('','',#5);
#5 = PRODUCT_DEFINITION('design','',#6,#9);
#6 = PRODUCT_DEFINITION_FORMATION('','',#7);
#7 = PRODUCT('COMPOUND','COMPOUND','',(#8));
#8 = PRODUCT_CONTEXT('',#2,'mechanical');
#9 = PRODUCT_DEFINITION_CONTEXT('part definition',#2,'design');
#10 = ADVANCED_BREP_SHAPE_REPRESENTATION('',(#11,#15),#3487);
#11 = AXIS2_PLACEMENT_3D('',#12,#13,#14);
#12 = CARTESIAN_POINT('',(0.,0.,0.));
#13 = DIRECTION('',(0.,0.,1.));
#14 = DIRECTION('',(1.,0.,-0.));
#15 = MANIFOLD_SOLID_BREP('',#16);
#16 = CLOSED_SHELL('',(#17,#137,#223,#309,#577,#952,#979,#1006,#1033,
    #1060,#1067,#1126,#1185,#1244,#1303,#1384,#1433,#1487,#1536,#1590,
    #1639,#1693,#1720,#1755,#1790,#1825,#1860,#2226,#2253,#2280,#2307,
    #2334,#2565,#3472,#3477,#3482));
#17 = ADVANCED_FACE('',(#18),#32,.T.);
#18 = FACE_BOUND('',#19,.T.);
#19 = EDGE_LOOP('',(#20,#55,#83,#111));
#20 = ORIENTED_EDGE('',*,*,#21,.T.);
#21 = EDGE_CURVE('',#22,#24,#26,.T.);
#22 = VERTEX_POINT('',#23);
#23 = CARTESIAN_POINT('',(-22.5,-13.5,0.));
#24 = VERTEX_POINT('',#25);
#25 = CARTESIAN_POINT('',(-22.5,-13.5,6.));
#26 = SURFACE_CURVE('',#27,(#31,#43),.PCURVE_S1.);
#27 = LINE('',#28,#29);
#28 = CARTESIAN_POINT('',(-22.5,-13.5,0.));
#29 = VECTOR('',#30,1.);
#30 = DIRECTION('',(0.,0.,1.));
#31 = PCURVE('',#32,#37);
#32 = PLANE('',#33);
#33 = AXIS2_PLACEMENT_3D('',#34,#35,#36);
#34 = CARTESIAN_POINT('',(-22.5,-13.5,0.));
#35 = DIRECTION('',(-1.,0.,0.));
#36 = DIRECTION('',(0.,1.,0.));
#37 = DEFINITIONAL_REPRESENTATION('',(#38),#42);
#38 = LINE('',#39,#40);
#39 = CARTESIAN_POINT('',(0.,0.));
#40 = VECTOR('',#41,1.);
#41 = DIRECTION('',(0.,-1.));
#42 = ( GEOMETRIC_REPRESENTATION_CONTEXT(2) 
PARAMETRIC_REPRESENTATION_CONTEXT() REPRESENTATION_CONTEXT('2D SPACE',''
  ) );
#43 = PCURVE('',#44,#49);
#44 = CYLINDRICAL_SURFACE('',#45,4.);
#45 = AXIS2_PLACEMENT_3D('',#46,#47,#48);
#46 = CARTESIAN_POINT('',(-18.5,-13.5,0.));
#47 = DIRECTION('',(0.,0.,-1.));
#48 = DIRECTION('',(-1.,0.,0.));
#49 = DEFINITIONAL_REPRESENTATION('',(#50),#54);
#50 = LINE('',#51,#52);
#51 = CARTESIAN_POINT('',(6.28318530718,0.));
#52 = VECTOR('',#53,1.);
#53 = DIRECTION('',(0.,-1.));
#54 = ( GEOMETRIC_REPRESENTATION_CONTEXT(2) 
PARAMETRIC_REPRESENTATION_CONTEXT() REPRESENTATION_CONTEXT('2D SPACE',''
  ) );
#55 = ORIENTED_EDGE('',*,*,#56,.T.);
#56 = EDGE_CURVE('',#24,#57,#59,.T.);
#57 = VERTEX_POINT('',#58);
#58 = CARTESIAN_POINT('',(-22.5,13.5,6.));
#59 = SURFACE_CURVE('',#60,(#64,#71),.PCURVE_S1.);
#60 = LINE('',#61,#62);
#61 = CARTESIAN_POINT('',(-22.5,0.,6.));
#62 = VECTOR('',#63,1.);
#63 = DIRECTION('',(0.,1.,0.));
#64 = PCURVE('',#32,#65);
#65 = DEFINITIONAL_REPRESENTATION('',(#66),#70);
#66 = LINE('',#67,#68);
#67 = CARTESIAN_POINT('',(13.5,-6.));
#68 = VECTOR('',#69,1.);
#69 = DIRECTION('',(1.,0.));
#70 = ( GEOMETRIC_REPRESENTATION_CONTEXT(2) 
PARAMETRIC_REPRESENTATION_CONTEXT() REPRESENTATION_CONTEXT('2D SPACE',''
  ) );
#71 = PCURVE('',#72,#77);
#72 = PLANE('',#73);
#73 = AXIS2_PLACEMENT_3D('',#74,#75,#76);
#74 = CARTESIAN_POINT('',(1.534080963139E-15,6.973095286997E-17,6.));
#75 = DIRECTION('',(0.,0.,1.));
#76 = DIRECTION('',(1.,0.,-0.));
#77 = DEFINITIONAL_REPRESENTATION('',(#78),#82);
#78 = LINE('',#79,#80);
#79 = CARTESIAN_POINT('',(-22.5,-6.973095286997E-17));
#80 = VECTOR('',#81,1.);
#81 = DIRECTION('',(0.,1.));
#82 = ( GEOMETRIC_REPRESENTATION_CONTEXT(2) 
PARAMETRIC_REPRESENTATION_CONTEXT() REPRESENTATION_CONTEXT('2D SPACE',''
  ) );
#83 = ORIENTED_EDGE('',*,*,#84,.F.);
#84 = EDGE_CURVE('',#85,#57,#87,.T.);
#85 = VERTEX_POINT('',#86);
#86 = CARTESIAN_POINT('',(-22.5,13.5,0.));
#87 = SURFACE_CURVE('',#88,(#92,#99),.PCURVE_S1.);
#88 = LINE('',#89,#90);
#89 = CARTESIAN_POINT('',(-22.5,13.5,0.));
#90 = VECTOR('',#91,1.);
#91 = DIRECTION('',(0.,0.,1.));
#92 = PCURVE('',#32,#93);
#93 = DEFINITIONAL_REPRESENTATION('',(#94),#98);
#94 = LINE('',#95,#96);
#95 = CARTESIAN_POINT('',(27.,0.));
#96 = VECTOR('',#97,1.);
#97 = DIRECTION('',(0.,-1.));
#98 = ( GEOMETRIC_REPRESENTATION_CONTEXT(2) 
PARAMETRIC_REPRESENTATION_CONTEXT() REPRESENTATION_CONTEXT('2D SPACE',''
  ) );
#99 = PCURVE('',#100,#105);
#100 = CYLINDRICAL_SURFACE('',#101,4.);
#101 = AXIS2_PLACEMENT_3D('',#102,#103,#104);
#102 = CARTESIAN_POINT('',(-18.5,13.5,0.));
#103 = DIRECTION('',(0.,0.,-1.));
#104 = DIRECTION('',(-1.,0.,0.));
#105 = DEFINITIONAL_REPRESENTATION('',(#106),#110);
#106 = LINE('',#107,#108);
#107 = CARTESIAN_POINT('',(0.,0.));
#108 = VECTOR('',#109,1.);
#109 = DIRECTION('',(0.,-1.));
#110 = ( GEOMETRIC_REPRESENTATION_CONTEXT(2) 
PARAMETRIC_REPRESENTATION_CONTEXT() REPRESENTATION_CONTEXT('2D SPACE',''
  ) );
#111 = ORIENTED_EDGE('',*,*,#112,.F.);
#112 = EDGE_CURVE('',#22,#85,#113,.T.);
#113 = SURFACE_CURVE('',#114,(#118,#125),.PCURVE_S1.);
#114 = LINE('',#115,#116);
#115 = CARTESIAN_POINT('',(-22.5,0.,0.));
#116 = VECTOR('',#117,1.);
#117 = DIRECTION('',(0.,1.,0.));
#118 = PCURVE('',#32,#119);
#119 = DEFINITIONAL_REPRESENTATION('',(#120),#124);
#120 = LINE('',#121,#122);
#121 = CARTESIAN_POINT('',(13.5,0.));
#122 = VECTOR('',#123,1.);
#123 = DIRECTION('',(1.,0.));
#124 = ( GEOMETRIC_REPRESENTATION_CONTEXT(2) 
PARAMETRIC_REPRESENTATION_CONTEXT() REPRESENTATION_CONTEXT('2D SPACE',''
  ) );
#125 = PCURVE('',#126,#131);
#126 = PLANE('',#127);
#127 = AXIS2_PLACEMENT_3D('',#128,#129,#130);
#128 = CARTESIAN_POINT('',(1.534080963139E-15,6.973095286997E-17,0.));
#129 = DIRECTION('',(0.,0.,1.));
#130 = DIRECTION('',(1.,0.,-0.));
#131 = DEFINITIONAL_REPRESENTATION('',(#132),#136);
#132 = LINE('',#133,#134);
#133 = CARTESIAN_POINT('',(-22.5,-6.973095286997E-17));
#134 = VECTOR('',#135,1.);
#135 = DIRECTION('',(0.,1.));
#136 = ( GEOMETRIC_REPRESENTATION_CONTEXT(2) 
PARAMETRIC_REPRESENTATION_CONTEXT() REPRESENTATION_CONTEXT('2D SPACE',''
  ) );
#137 = ADVANCED_FACE('',(#138),#44,.T.);
#138 = FACE_BOUND('',#139,.T.);
#139 = EDGE_LOOP('',(#140,#170,#196,#197));
#140 = ORIENTED_EDGE('',*,*,#141,.T.);
#141 = EDGE_CURVE('',#142,#144,#146,.T.);
#142 = VERTEX_POINT('',#143);
#143 = CARTESIAN_POINT('',(-18.5,-17.5,0.));
#144 = VERTEX_POINT('',#145);
#145 = CARTESIAN_POINT('',(-18.5,-17.5,6.));
#146 = SURFACE_CURVE('',#147,(#151,#158),.PCURVE_S1.);
#147 = LINE('',#148,#149);
#148 = CARTESIAN_POINT('',(-18.5,-17.5,0.));
#149 = VECTOR('',#150,1.);
#150 = DIRECTION('',(0.,0.,1.));
#151 = PCURVE('',#44,#152);
#152 = DEFINITIONAL_REPRESENTATION('',(#153),#157);
#153 = LINE('',#154,#155);
#154 = CARTESIAN_POINT('',(4.712388980385,0.));
#155 = VECTOR('',#156,1.);
#156 = DIRECTION('',(0.,-1.));
#157 = ( GEOMETRIC_REPRESENTATION_CONTEXT(2) 
PARAMETRIC_REPRESENTATION_CONTEXT() REPRESENTATION_CONTEXT('2D SPACE',''
  ) );
#158 = PCURVE('',#159,#164);
#159 = PLANE('',#160);
#160 = AXIS2_PLACEMENT_3D('',#161,#162,#163);
#161 = CARTESIAN_POINT('',(-18.5,-17.5,0.));
#162 = DIRECTION('',(0.,1.,0.));
#163 = DIRECTION('',(1.,0.,0.));
#164 = DEFINITIONAL_REPRESENTATION('',(#165),#169);
#165 = LINE('',#166,#167);
#166 = CARTESIAN_POINT('',(0.,0.));
#167 = VECTOR('',#168,1.);
#168 = DIRECTION('',(0.,-1.));
#169 = ( GEOMETRIC_REPRESENTATION_CONTEXT(2) 
PARAMETRIC_REPRESENTATION_CONTEXT() REPRESENTATION_CONTEXT('2D SPACE',''
  ) );
#170 = ORIENTED_EDGE('',*,*,#171,.T.);
#171 = EDGE_CURVE('',#144,#24,#172,.T.);
#172 = SURFACE_CURVE('',#173,(#178,#185),.PCURVE_S1.);
#173 = CIRCLE('',#174,4.);
#174 = AXIS2_PLACEMENT_3D('',#175,#176,#177);
#175 = CARTESIAN_POINT('',(-18.5,-13.5,6.));
#176 = DIRECTION('',(0.,0.,-1.));
#177 = DIRECTION('',(-1.,0.,0.));
#178 = PCURVE('',#44,#179);
#179 = DEFINITIONAL_REPRESENTATION('',(#180),#184);
#180 = LINE('',#181,#182);
#181 = CARTESIAN_POINT('',(0.,-6.));
#182 = VECTOR('',#183,1.);
#183 = DIRECTION('',(1.,0.));
#184 = ( GEOMETRIC_REPRESENTATION_CONTEXT(2) 
PARAMETRIC_REPRESENTATION_CONTEXT() REPRESENTATION_CONTEXT('2D SPACE',''
  ) );
#185 = PCURVE('',#72,#186);
#186 = DEFINITIONAL_REPRESENTATION('',(#187),#195);
#187 = ( BOUNDED_CURVE() B_SPLINE_CURVE(2,(#188,#189,#190,#191,#192,#193
,#194),.UNSPECIFIED.,.T.,.F.) B_SPLINE_CURVE_WITH_KNOTS((1,2,2,2,2,1),(
    -2.094395102393,0.,2.094395102393,4.188790204786,6.28318530718,
8.377580409573),.UNSPECIFIED.) CURVE() GEOMETRIC_REPRESENTATION_ITEM() 
RATIONAL_B_SPLINE_CURVE((1.,0.5,1.,0.5,1.,0.5,1.)) REPRESENTATION_ITEM(
  '') );
#188 = CARTESIAN_POINT('',(-22.5,-13.5));
#189 = CARTESIAN_POINT('',(-22.5,-6.571796769724));
#190 = CARTESIAN_POINT('',(-16.5,-10.03589838486));
#191 = CARTESIAN_POINT('',(-10.5,-13.5));
#192 = CARTESIAN_POINT('',(-16.5,-16.96410161513));
#193 = CARTESIAN_POINT('',(-22.5,-20.42820323027));
#194 = CARTESIAN_POINT('',(-22.5,-13.5));
#195 = ( GEOMETRIC_REPRESENTATION_CONTEXT(2) 
PARAMETRIC_REPRESENTATION_CONTEXT() REPRESENTATION_CONTEXT('2D SPACE',''
  ) );
#196 = ORIENTED_EDGE('',*,*,#21,.F.);
#197 = ORIENTED_EDGE('',*,*,#198,.F.);
#198 = EDGE_CURVE('',#142,#22,#199,.T.);
#199 = SURFACE_CURVE('',#200,(#205,#212),.PCURVE_S1.);
#200 = CIRCLE('',#201,4.);
#201 = AXIS2_PLACEMENT_3D('',#202,#203,#204);
#202 = CARTESIAN_POINT('',(-18.5,-13.5,0.));
#203 = DIRECTION('',(0.,0.,-1.));
#204 = DIRECTION('',(-1.,0.,0.));
#205 = PCURVE('',#44,#206);
#206 = DEFINITIONAL_REPRESENTATION('',(#207),#211);
#207 = LINE('',#208,#209);
#208 = CARTESIAN_POINT('',(0.,0.));
#209 = VECTOR('',#210,1.);
#210 = DIRECTION('',(1.,0.));
#211 = ( GEOMETRIC_REPRESENTATION_CONTEXT(2) 
PARAMETRIC_REPRESENTATION_CONTEXT() REPRESENTATION_CONTEXT('2D SPACE',''
  ) );
#212 = PCURVE('',#126,#213);
#213 = DEFINITIONAL_REPRESENTATION('',(#214),#222);
#214 = ( BOUNDED_CURVE() B_SPLINE_CURVE(2,(#215,#216,#217,#218,#219,#220
,#221),.UNSPECIFIED.,.T.,.F.) B_SPLINE_CURVE_WITH_KNOTS((1,2,2,2,2,1),(
    -2.094395102393,0.,2.094395102393,4.188790204786,6.28318530718,
8.377580409573),.UNSPECIFIED.) CURVE() GEOMETRIC_REPRESENTATION_ITEM() 
RATIONAL_B_SPLINE_CURVE((1.,0.5,1.,0.5,1.,0.5,1.)) REPRESENTATION_ITEM(
  '') );
#215 = CARTESIAN_POINT('',(-22.5,-13.5));
#216 = CARTESIAN_POINT('',(-22.5,-6.571796769724));
#217 = CARTESIAN_POINT('',(-16.5,-10.03589838486));
#218 = CARTESIAN_POINT('',(-10.5,-13.5));
#219 = CARTESIAN_POINT('',(-16.5,-16.96410161513));
#220 = CARTESIAN_POINT('',(-22.5,-20.42820323027));
#221 = CARTESIAN_POINT('',(-22.5,-13.5));
#222 = ( GEOMETRIC_REPRESENTATION_CONTEXT(2) 
PARAMETRIC_REPRESENTATION_CONTEXT() REPRESENTATION_CONTEXT('2D SPACE',''
  ) );
#223 = ADVANCED_FACE('',(#224),#100,.T.);
#224 = FACE_BOUND('',#225,.T.);
#225 = EDGE_LOOP('',(#226,#227,#255,#283));
#226 = ORIENTED_EDGE('',*,*,#84,.T.);
#227 = ORIENTED_EDGE('',*,*,#228,.T.);
#228 = EDGE_CURVE('',#57,#229,#231,.T.);
#229 = VERTEX_POINT('',#230);
#230 = CARTESIAN_POINT('',(-18.5,17.5,6.));
#231 = SURFACE_CURVE('',#232,(#237,#244),.PCURVE_S1.);
#232 = CIRCLE('',#233,4.);
#233 = AXIS2_PLACEMENT_3D('',#234,#235,#236);
#234 = CARTESIAN_POINT('',(-18.5,13.5,6.));
#235 = DIRECTION('',(0.,0.,-1.));
#236 = DIRECTION('',(-1.,0.,0.));
#237 = PCURVE('',#100,#238);
#238 = DEFINITIONAL_REPRESENTATION('',(#239),#243);
#239 = LINE('',#240,#241);
#240 = CARTESIAN_POINT('',(0.,-6.));
#241 = VECTOR('',#242,1.);
#242 = DIRECTION('',(1.,0.));
#243 = ( GEOMETRIC_REPRESENTATION_CONTEXT(2) 
PARAMETRIC_REPRESENTATION_CONTEXT() REPRESENTATION_CONTEXT('2D SPACE',''
  ) );
#244 = PCURVE('',#72,#245);
#245 = DEFINITIONAL_REPRESENTATION('',(#246),#254);
#246 = ( BOUNDED_CURVE() B_SPLINE_CURVE(2,(#247,#248,#249,#250,#251,#252
,#253),.UNSPECIFIED.,.T.,.F.) B_SPLINE_CURVE_WITH_KNOTS((1,2,2,2,2,1),(
    -2.094395102393,0.,2.094395102393,4.188790204786,6.28318530718,
8.377580409573),.UNSPECIFIED.) CURVE() GEOMETRIC_REPRESENTATION_ITEM() 
RATIONAL_B_SPLINE_CURVE((1.,0.5,1.,0.5,1.,0.5,1.)) REPRESENTATION_ITEM(
  '') );
#247 = CARTESIAN_POINT('',(-22.5,13.5));
#248 = CARTESIAN_POINT('',(-22.5,20.428203230276));
#249 = CARTESIAN_POINT('',(-16.5,16.964101615138));
#250 = CARTESIAN_POINT('',(-10.5,13.5));
#251 = CARTESIAN_POINT('',(-16.5,10.035898384862));
#252 = CARTESIAN_POINT('',(-22.5,6.571796769724));
#253 = CARTESIAN_POINT('',(-22.5,13.5));
#254 = ( GEOMETRIC_REPRESENTATION_CONTEXT(2) 
PARAMETRIC_REPRESENTATION_CONTEXT() REPRESENTATION_CONTEXT('2D SPACE',''
  ) );
#255 = ORIENTED_EDGE('',*,*,#256,.F.);
#256 = EDGE_CURVE('',#257,#229,#259,.T.);
#257 = VERTEX_POINT('',#258);
#258 = CARTESIAN_POINT('',(-18.5,17.5,0.));
#259 = SURFACE_CURVE('',#260,(#264,#271),.PCURVE_S1.);
#260 = LINE('',#261,#262);
#261 = CARTESIAN_POINT('',(-18.5,17.5,0.));
#262 = VECTOR('',#263,1.);
#263 = DIRECTION('',(0.,0.,1.));
#264 = PCURVE('',#100,#265);
#265 = DEFINITIONAL_REPRESENTATION('',(#266),#270);
#266 = LINE('',#267,#268);
#267 = CARTESIAN_POINT('',(1.570796326795,0.));
#268 = VECTOR('',#269,1.);
#269 = DIRECTION('',(0.,-1.));
#270 = ( GEOMETRIC_REPRESENTATION_CONTEXT(2) 
PARAMETRIC_REPRESENTATION_CONTEXT() REPRESENTATION_CONTEXT('2D SPACE',''
  ) );
#271 = PCURVE('',#272,#277);
#272 = PLANE('',#273);
#273 = AXIS2_PLACEMENT_3D('',#274,#275,#276);
#274 = CARTESIAN_POINT('',(-18.5,17.5,0.));
#275 = DIRECTION('',(0.,1.,0.));
#276 = DIRECTION('',(1.,0.,0.));
#277 = DEFINITIONAL_REPRESENTATION('',(#278),#282);
#278 = LINE('',#279,#280);
#279 = CARTESIAN_POINT('',(0.,0.));
#280 = VECTOR('',#281,1.);
#281 = DIRECTION('',(0.,-1.));
#282 = ( GEOMETRIC_REPRESENTATION_CONTEXT(2) 
PARAMETRIC_REPRESENTATION_CONTEXT() REPRESENTATION_CONTEXT('2D SPACE',''
  ) );
#283 = ORIENTED_EDGE('',*,*,#284,.F.);
#284 = EDGE_CURVE('',#85,#257,#285,.T.);
#285 = SURFACE_CURVE('',#286,(#291,#298),.PCURVE_S1.);
#286 = CIRCLE('',#287,4.);
#287 = AXIS2_PLACEMENT_3D('',#288,#289,#290);
#288 = CARTESIAN_POINT('',(-18.5,13.5,0.));
#289 = DIRECTION('',(0.,0.,-1.));
#290 = DIRECTION('',(-1.,0.,0.));
#291 = PCURVE('',#100,#292);
#292 = DEFINITIONAL_REPRESENTATION('',(#293),#297);
#293 = LINE('',#294,#295);
#294 = CARTESIAN_POINT('',(0.,0.));
#295 = VECTOR('',#296,1.);
#296 = DIRECTION('',(1.,0.));
#297 = ( GEOMETRIC_REPRESENTATION_CONTEXT(2) 
PARAMETRIC_REPRESENTATION_CONTEXT() REPRESENTATION_CONTEXT('2D SPACE',''
  ) );
#298 = PCURVE('',#126,#299);
#299 = DEFINITIONAL_REPRESENTATION('',(#300),#308);
#300 = ( BOUNDED_CURVE() B_SPLINE_CURVE(2,(#301,#302,#303,#304,#305,#306
,#307),.UNSPECIFIED.,.T.,.F.) B_SPLINE_CURVE_WITH_KNOTS((1,2,2,2,2,1),(
    -2.094395102393,0.,2.094395102393,4.188790204786,6.28318530718,
8.377580409573),.UNSPECIFIED.) CURVE() GEOMETRIC_REPRESENTATION_ITEM() 
RATIONAL_B_SPLINE_CURVE((1.,0.5,1.,0.5,1.,0.5,1.)) REPRESENTATION_ITEM(
  '') );
#301 = CARTESIAN_POINT('',(-22.5,13.5));
#302 = CARTESIAN_POINT('',(-22.5,20.428203230276));
#303 = CARTESIAN_POINT('',(-16.5,16.964101615138));
#304 = CARTESIAN_POINT('',(-10.5,13.5));
#305 = CARTESIAN_POINT('',(-16.5,10.035898384862));
#306 = CARTESIAN_POINT('',(-22.5,6.571796769724));
#307 = CARTESIAN_POINT('',(-22.5,13.5));
#308 = ( GEOMETRIC_REPRESENTATION_CONTEXT(2) 
PARAMETRIC_REPRESENTATION_CONTEXT() REPRESENTATION_CONTEXT('2D SPACE',''
  ) );
#309 = ADVANCED_FACE('',(#310,#453,#484,#515,#546),#126,.F.);
#310 = FACE_BOUND('',#311,.F.);
#311 = EDGE_LOOP('',(#312,#313,#314,#337,#370,#398,#431,#452));
#312 = ORIENTED_EDGE('',*,*,#112,.F.);
#313 = ORIENTED_EDGE('',*,*,#198,.F.);
#314 = ORIENTED_EDGE('',*,*,#315,.T.);
#315 = EDGE_CURVE('',#142,#316,#318,.T.);
#316 = VERTEX_POINT('',#317);
#317 = CARTESIAN_POINT('',(18.5,-17.5,0.));
#318 = SURFACE_CURVE('',#319,(#323,#330),.PCURVE_S1.);
#319 = LINE('',#320,#321);
#320 = CARTESIAN_POINT('',(0.,-17.5,0.));
#321 = VECTOR('',#322,1.);
#322 = DIRECTION('',(1.,0.,0.));
#323 = PCURVE('',#126,#324);
#324 = DEFINITIONAL_REPRESENTATION('',(#325),#329);
#325 = LINE('',#326,#327);
#326 = CARTESIAN_POINT('',(-1.534080963139E-15,-17.5));
#327 = VECTOR('',#328,1.);
#328 = DIRECTION('',(1.,0.));
#329 = ( GEOMETRIC_REPRESENTATION_CONTEXT(2) 
PARAMETRIC_REPRESENTATION_CONTEXT() REPRESENTATION_CONTEXT('2D SPACE',''
  ) );
#330 = PCURVE('',#159,#331);
#331 = DEFINITIONAL_REPRESENTATION('',(#332),#336);
#332 = LINE('',#333,#334);
#333 = CARTESIAN_POINT('',(18.5,0.));
#334 = VECTOR('',#335,1.);
#335 = DIRECTION('',(1.,0.));
#336 = ( GEOMETRIC_REPRESENTATION_CONTEXT(2) 
PARAMETRIC_REPRESENTATION_CONTEXT() REPRESENTATION_CONTEXT('2D SPACE',''
  ) );
#337 = ORIENTED_EDGE('',*,*,#338,.F.);
#338 = EDGE_CURVE('',#339,#316,#341,.T.);
#339 = VERTEX_POINT('',#340);
#340 = CARTESIAN_POINT('',(22.5,-13.5,0.));
#341 = SURFACE_CURVE('',#342,(#347,#358),.PCURVE_S1.);
#342 = CIRCLE('',#343,4.);
#343 = AXIS2_PLACEMENT_3D('',#344,#345,#346);
#344 = CARTESIAN_POINT('',(18.5,-13.5,0.));
#345 = DIRECTION('',(0.,0.,-1.));
#346 = DIRECTION('',(-1.,0.,0.));
#347 = PCURVE('',#126,#348);
#348 = DEFINITIONAL_REPRESENTATION('',(#349),#357);
#349 = ( BOUNDED_CURVE() B_SPLINE_CURVE(2,(#350,#351,#352,#353,#354,#355
,#356),.UNSPECIFIED.,.T.,.F.) B_SPLINE_CURVE_WITH_KNOTS((1,2,2,2,2,1),(
    -2.094395102393,0.,2.094395102393,4.188790204786,6.28318530718,
8.377580409573),.UNSPECIFIED.) CURVE() GEOMETRIC_REPRESENTATION_ITEM() 
RATIONAL_B_SPLINE_CURVE((1.,0.5,1.,0.5,1.,0.5,1.)) REPRESENTATION_ITEM(
  '') );
#350 = CARTESIAN_POINT('',(14.5,-13.5));
#351 = CARTESIAN_POINT('',(14.5,-6.571796769724));
#352 = CARTESIAN_POINT('',(20.5,-10.03589838486));
#353 = CARTESIAN_POINT('',(26.5,-13.5));
#354 = CARTESIAN_POINT('',(20.5,-16.96410161513));
#355 = CARTESIAN_POINT('',(14.5,-20.42820323027));
#356 = CARTESIAN_POINT('',(14.5,-13.5));
#357 = ( GEOMETRIC_REPRESENTATION_CONTEXT(2) 
PARAMETRIC_REPRESENTATION_CONTEXT() REPRESENTATION_CONTEXT('2D SPACE',''
  ) );
#358 = PCURVE('',#359,#364);
#359 = CYLINDRICAL_SURFACE('',#360,4.);
#360 = AXIS2_PLACEMENT_3D('',#361,#362,#363);
#361 = CARTESIAN_POINT('',(18.5,-13.5,0.));
#362 = DIRECTION('',(0.,0.,-1.));
#363 = DIRECTION('',(-1.,0.,0.));
#364 = DEFINITIONAL_REPRESENTATION('',(#365),#369);
#365 = LINE('',#366,#367);
#366 = CARTESIAN_POINT('',(0.,0.));
#367 = VECTOR('',#368,1.);
#368 = DIRECTION('',(1.,0.));
#369 = ( GEOMETRIC_REPRESENTATION_CONTEXT(2) 
PARAMETRIC_REPRESENTATION_CONTEXT() REPRESENTATION_CONTEXT('2D SPACE',''
  ) );
#370 = ORIENTED_EDGE('',*,*,#371,.T.);
#371 = EDGE_CURVE('',#339,#372,#374,.T.);
#372 = VERTEX_POINT('',#373);
#373 = CARTESIAN_POINT('',(22.5,13.5,0.));
#374 = SURFACE_CURVE('',#375,(#379,#386),.PCURVE_S1.);
#375 = LINE('',#376,#377);
#376 = CARTESIAN_POINT('',(22.5,0.,0.));
#377 = VECTOR('',#378,1.);
#378 = DIRECTION('',(0.,1.,0.));
#379 = PCURVE('',#126,#380);
#380 = DEFINITIONAL_REPRESENTATION('',(#381),#385);
#381 = LINE('',#382,#383);
#382 = CARTESIAN_POINT('',(22.5,-6.973095286997E-17));
#383 = VECTOR('',#384,1.);
#384 = DIRECTION('',(0.,1.));
#385 = ( GEOMETRIC_REPRESENTATION_CONTEXT(2) 
PARAMETRIC_REPRESENTATION_CONTEXT() REPRESENTATION_CONTEXT('2D SPACE',''
  ) );
#386 = PCURVE('',#387,#392);
#387 = PLANE('',#388);
#388 = AXIS2_PLACEMENT_3D('',#389,#390,#391);
#389 = CARTESIAN_POINT('',(22.5,-13.5,0.));
#390 = DIRECTION('',(-1.,0.,0.));
#391 = DIRECTION('',(0.,1.,0.));
#392 = DEFINITIONAL_REPRESENTATION('',(#393),#397);
#393 = LINE('',#394,#395);
#394 = CARTESIAN_POINT('',(13.5,0.));
#395 = VECTOR('',#396,1.);
#396 = DIRECTION('',(1.,0.));
#397 = ( GEOMETRIC_REPRESENTATION_CONTEXT(2) 
PARAMETRIC_REPRESENTATION_CONTEXT() REPRESENTATION_CONTEXT('2D SPACE',''
  ) );
#398 = ORIENTED_EDGE('',*,*,#399,.F.);
#399 = EDGE_CURVE('',#400,#372,#402,.T.);
#400 = VERTEX_POINT('',#401);
#401 = CARTESIAN_POINT('',(18.5,17.5,0.));
#402 = SURFACE_CURVE('',#403,(#408,#419),.PCURVE_S1.);
#403 = CIRCLE('',#404,4.);
#404 = AXIS2_PLACEMENT_3D('',#405,#406,#407);
#405 = CARTESIAN_POINT('',(18.5,13.5,0.));
#406 = DIRECTION('',(0.,0.,-1.));
#407 = DIRECTION('',(-1.,0.,0.));
#408 = PCURVE('',#126,#409);
#409 = DEFINITIONAL_REPRESENTATION('',(#410),#418);
#410 = ( BOUNDED_CURVE() B_SPLINE_CURVE(2,(#411,#412,#413,#414,#415,#416
,#417),.UNSPECIFIED.,.T.,.F.) B_SPLINE_CURVE_WITH_KNOTS((1,2,2,2,2,1),(
    -2.094395102393,0.,2.094395102393,4.188790204786,6.28318530718,
8.377580409573),.UNSPECIFIED.) CURVE() GEOMETRIC_REPRESENTATION_ITEM() 
RATIONAL_B_SPLINE_CURVE((1.,0.5,1.,0.5,1.,0.5,1.)) REPRESENTATION_ITEM(
  '') );
#411 = CARTESIAN_POINT('',(14.5,13.5));
#412 = CARTESIAN_POINT('',(14.5,20.428203230276));
#413 = CARTESIAN_POINT('',(20.5,16.964101615138));
#414 = CARTESIAN_POINT('',(26.5,13.5));
#415 = CARTESIAN_POINT('',(20.5,10.035898384862));
#416 = CARTESIAN_POINT('',(14.5,6.571796769724));
#417 = CARTESIAN_POINT('',(14.5,13.5));
#418 = ( GEOMETRIC_REPRESENTATION_CONTEXT(2) 
PARAMETRIC_REPRESENTATION_CONTEXT() REPRESENTATION_CONTEXT('2D SPACE',''
  ) );
#419 = PCURVE('',#420,#425);
#420 = CYLINDRICAL_SURFACE('',#421,4.);
#421 = AXIS2_PLACEMENT_3D('',#422,#423,#424);
#422 = CARTESIAN_POINT('',(18.5,13.5,0.));
#423 = DIRECTION('',(0.,0.,-1.));
#424 = DIRECTION('',(-1.,0.,0.));
#425 = DEFINITIONAL_REPRESENTATION('',(#426),#430);
#426 = LINE('',#427,#428);
#427 = CARTESIAN_POINT('',(0.,0.));
#428 = VECTOR('',#429,1.);
#429 = DIRECTION('',(1.,0.));
#430 = ( GEOMETRIC_REPRESENTATION_CONTEXT(2) 
PARAMETRIC_REPRESENTATION_CONTEXT() REPRESENTATION_CONTEXT('2D SPACE',''
  ) );
#431 = ORIENTED_EDGE('',*,*,#432,.F.);
#432 = EDGE_CURVE('',#257,#400,#433,.T.);
#433 = SURFACE_CURVE('',#434,(#438,#445),.PCURVE_S1.);
#434 = LINE('',#435,#436);
#435 = CARTESIAN_POINT('',(0.,17.5,0.));
#436 = VECTOR('',#437,1.);
#437 = DIRECTION('',(1.,0.,0.));
#438 = PCURVE('',#126,#439);
#439 = DEFINITIONAL_REPRESENTATION('',(#440),#444);
#440 = LINE('',#441,#442);
#441 = CARTESIAN_POINT('',(-1.534080963139E-15,17.5));
#442 = VECTOR('',#443,1.);
#443 = DIRECTION('',(1.,0.));
#444 = ( GEOMETRIC_REPRESENTATION_CONTEXT(2) 
PARAMETRIC_REPRESENTATION_CONTEXT() REPRESENTATION_CONTEXT('2D SPACE',''
  ) );
#445 = PCURVE('',#272,#446);
#446 = DEFINITIONAL_REPRESENTATION('',(#447),#451);
#447 = LINE('',#448,#449);
#448 = CARTESIAN_POINT('',(18.5,0.));
#449 = VECTOR('',#450,1.);
#450 = DIRECTION('',(1.,0.));
#451 = ( GEOMETRIC_REPRESENTATION_CONTEXT(2) 
PARAMETRIC_REPRESENTATION_CONTEXT() REPRESENTATION_CONTEXT('2D SPACE',''
  ) );
#452 = ORIENTED_EDGE('',*,*,#284,.F.);
#453 = FACE_BOUND('',#454,.F.);
#454 = EDGE_LOOP('',(#455));
#455 = ORIENTED_EDGE('',*,*,#456,.F.);
#456 = EDGE_CURVE('',#457,#457,#459,.T.);
#457 = VERTEX_POINT('',#458);
#458 = CARTESIAN_POINT('',(-14.5,-11.,0.));
#459 = SURFACE_CURVE('',#460,(#465,#472),.PCURVE_S1.);
#460 = CIRCLE('',#461,1.5);
#461 = AXIS2_PLACEMENT_3D('',#462,#463,#464);
#462 = CARTESIAN_POINT('',(-16.,-11.,0.));
#463 = DIRECTION('',(0.,0.,1.));
#464 = DIRECTION('',(1.,0.,-0.));
#465 = PCURVE('',#126,#466);
#466 = DEFINITIONAL_REPRESENTATION('',(#467),#471);
#467 = CIRCLE('',#468,1.5);
#468 = AXIS2_PLACEMENT_2D('',#469,#470);
#469 = CARTESIAN_POINT('',(-16.,-11.));
#470 = DIRECTION('',(1.,0.));
#471 = ( GEOMETRIC_REPRESENTATION_CONTEXT(2) 
PARAMETRIC_REPRESENTATION_CONTEXT() REPRESENTATION_CONTEXT('2D SPACE',''
  ) );
#472 = PCURVE('',#473,#478);
#473 = CYLINDRICAL_SURFACE('',#474,1.5);
#474 = AXIS2_PLACEMENT_3D('',#475,#476,#477);
#475 = CARTESIAN_POINT('',(-16.,-11.,0.));
#476 = DIRECTION('',(-0.,-0.,-1.));
#477 = DIRECTION('',(1.,0.,-0.));
#478 = DEFINITIONAL_REPRESENTATION('',(#479),#483);
#479 = LINE('',#480,#481);
#480 = CARTESIAN_POINT('',(-0.,0.));
#481 = VECTOR('',#482,1.);
#482 = DIRECTION('',(-1.,0.));
#483 = ( GEOMETRIC_REPRESENTATION_CONTEXT(2) 
PARAMETRIC_REPRESENTATION_CONTEXT() REPRESENTATION_CONTEXT('2D SPACE',''
  ) );
#484 = FACE_BOUND('',#485,.F.);
#485 = EDGE_LOOP('',(#486));
#486 = ORIENTED_EDGE('',*,*,#487,.F.);
#487 = EDGE_CURVE('',#488,#488,#490,.T.);
#488 = VERTEX_POINT('',#489);
#489 = CARTESIAN_POINT('',(17.5,-11.,0.));
#490 = SURFACE_CURVE('',#491,(#496,#503),.PCURVE_S1.);
#491 = CIRCLE('',#492,1.5);
#492 = AXIS2_PLACEMENT_3D('',#493,#494,#495);
#493 = CARTESIAN_POINT('',(16.,-11.,0.));
#494 = DIRECTION('',(0.,0.,1.));
#495 = DIRECTION('',(1.,0.,-0.));
#496 = PCURVE('',#126,#497);
#497 = DEFINITIONAL_REPRESENTATION('',(#498),#502);
#498 = CIRCLE('',#499,1.5);
#499 = AXIS2_PLACEMENT_2D('',#500,#501);
#500 = CARTESIAN_POINT('',(16.,-11.));
#501 = DIRECTION('',(1.,0.));
#502 = ( GEOMETRIC_REPRESENTATION_CONTEXT(2) 
PARAMETRIC_REPRESENTATION_CONTEXT() REPRESENTATION_CONTEXT('2D SPACE',''
  ) );
#503 = PCURVE('',#504,#509);
#504 = CYLINDRICAL_SURFACE('',#505,1.5);
#505 = AXIS2_PLACEMENT_3D('',#506,#507,#508);
#506 = CARTESIAN_POINT('',(16.,-11.,0.));
#507 = DIRECTION('',(-0.,-0.,-1.));
#508 = DIRECTION('',(1.,0.,-0.));
#509 = DEFINITIONAL_REPRESENTATION('',(#510),#514);
#510 = LINE('',#511,#512);
#511 = CARTESIAN_POINT('',(-0.,0.));
#512 = VECTOR('',#513,1.);
#513 = DIRECTION('',(-1.,0.));
#514 = ( GEOMETRIC_REPRESENTATION_CONTEXT(2) 
PARAMETRIC_REPRESENTATION_CONTEXT() REPRESENTATION_CONTEXT('2D SPACE',''
  ) );
#515 = FACE_BOUND('',#516,.F.);
#516 = EDGE_LOOP('',(#517));
#517 = ORIENTED_EDGE('',*,*,#518,.F.);
#518 = EDGE_CURVE('',#519,#519,#521,.T.);
#519 = VERTEX_POINT('',#520);
#520 = CARTESIAN_POINT('',(-14.5,11.,0.));
#521 = SURFACE_CURVE('',#522,(#527,#534),.PCURVE_S1.);
#522 = CIRCLE('',#523,1.5);
#523 = AXIS2_PLACEMENT_3D('',#524,#525,#526);
#524 = CARTESIAN_POINT('',(-16.,11.,0.));
#525 = DIRECTION('',(0.,0.,1.));
#526 = DIRECTION('',(1.,0.,-0.));
#527 = PCURVE('',#126,#528);
#528 = DEFINITIONAL_REPRESENTATION('',(#529),#533);
#529 = CIRCLE('',#530,1.5);
#530 = AXIS2_PLACEMENT_2D('',#531,#532);
#531 = CARTESIAN_POINT('',(-16.,11.));
#532 = DIRECTION('',(1.,0.));
#533 = ( GEOMETRIC_REPRESENTATION_CONTEXT(2) 
PARAMETRIC_REPRESENTATION_CONTEXT() REPRESENTATION_CONTEXT('2D SPACE',''
  ) );
#534 = PCURVE('',#535,#540);
#535 = CYLINDRICAL_SURFACE('',#536,1.5);
#536 = AXIS2_PLACEMENT_3D('',#537,#538,#539);
#537 = CARTESIAN_POINT('',(-16.,11.,0.));
#538 = DIRECTION('',(-0.,-0.,-1.));
#539 = DIRECTION('',(1.,0.,-0.));
#540 = DEFINITIONAL_REPRESENTATION('',(#541),#545);
#541 = LINE('',#542,#543);
#542 = CARTESIAN_POINT('',(-0.,0.));
#543 = VECTOR('',#544,1.);
#544 = DIRECTION('',(-1.,0.));
#545 = ( GEOMETRIC_REPRESENTATION_CONTEXT(2) 
PARAMETRIC_REPRESENTATION_CONTEXT() REPRESENTATION_CONTEXT('2D SPACE',''
  ) );
#546 = FACE_BOUND('',#547,.F.);
#547 = EDGE_LOOP('',(#548));
#548 = ORIENTED_EDGE('',*,*,#549,.F.);
#549 = EDGE_CURVE('',#550,#550,#552,.T.);
#550 = VERTEX_POINT('',#551);
#551 = CARTESIAN_POINT('',(17.5,11.,0.));
#552 = SURFACE_CURVE('',#553,(#558,#565),.PCURVE_S1.);
#553 = CIRCLE('',#554,1.5);
#554 = AXIS2_PLACEMENT_3D('',#555,#556,#557);
#555 = CARTESIAN_POINT('',(16.,11.,0.));
#556 = DIRECTION('',(0.,0.,1.));
#557 = DIRECTION('',(1.,0.,-0.));
#558 = PCURVE('',#126,#559);
#559 = DEFINITIONAL_REPRESENTATION('',(#560),#564);
#560 = CIRCLE('',#561,1.5);
#561 = AXIS2_PLACEMENT_2D('',#562,#563);
#562 = CARTESIAN_POINT('',(16.,11.));
#563 = DIRECTION('',(1.,0.));
#564 = ( GEOMETRIC_REPRESENTATION_CONTEXT(2) 
PARAMETRIC_REPRESENTATION_CONTEXT() REPRESENTATION_CONTEXT('2D SPACE',''
  ) );
#565 = PCURVE('',#566,#571);
#566 = CYLINDRICAL_SURFACE('',#567,1.5);
#567 = AXIS2_PLACEMENT_3D('',#568,#569,#570);
#568 = CARTESIAN_POINT('',(16.,11.,0.));
#569 = DIRECTION('',(-0.,-0.,-1.));
#570 = DIRECTION('',(1.,0.,-0.));
#571 = DEFINITIONAL_REPRESENTATION('',(#572),#576);
#572 = LINE('',#573,#574);
#573 = CARTESIAN_POINT('',(-0.,0.));
#574 = VECTOR('',#575,1.);
#575 = DIRECTION('',(-1.,0.));
#576 = ( GEOMETRIC_REPRESENTATION_CONTEXT(2) 
PARAMETRIC_REPRESENTATION_CONTEXT() REPRESENTATION_CONTEXT('2D SPACE',''
  ) );
#577 = ADVANCED_FACE('',(#578,#706),#72,.T.);
#578 = FACE_BOUND('',#579,.T.);
#579 = EDGE_LOOP('',(#580,#581,#582,#605,#633,#656,#684,#705));
#580 = ORIENTED_EDGE('',*,*,#56,.F.);
#581 = ORIENTED_EDGE('',*,*,#171,.F.);
#582 = ORIENTED_EDGE('',*,*,#583,.T.);
#583 = EDGE_CURVE('',#144,#584,#586,.T.);
#584 = VERTEX_POINT('',#585);
#585 = CARTESIAN_POINT('',(18.5,-17.5,6.));
#586 = SURFACE_CURVE('',#587,(#591,#598),.PCURVE_S1.);
#587 = LINE('',#588,#589);
#588 = CARTESIAN_POINT('',(0.,-17.5,6.));
#589 = VECTOR('',#590,1.);
#590 = DIRECTION('',(1.,0.,0.));
#591 = PCURVE('',#72,#592);
#592 = DEFINITIONAL_REPRESENTATION('',(#593),#597);
#593 = LINE('',#594,#595);
#594 = CARTESIAN_POINT('',(-1.534080963139E-15,-17.5));
#595 = VECTOR('',#596,1.);
#596 = DIRECTION('',(1.,0.));
#597 = ( GEOMETRIC_REPRESENTATION_CONTEXT(2) 
PARAMETRIC_REPRESENTATION_CONTEXT() REPRESENTATION_CONTEXT('2D SPACE',''
  ) );
#598 = PCURVE('',#159,#599);
#599 = DEFINITIONAL_REPRESENTATION('',(#600),#604);
#600 = LINE('',#601,#602);
#601 = CARTESIAN_POINT('',(18.5,-6.));
#602 = VECTOR('',#603,1.);
#603 = DIRECTION('',(1.,0.));
#604 = ( GEOMETRIC_REPRESENTATION_CONTEXT(2) 
PARAMETRIC_REPRESENTATION_CONTEXT() REPRESENTATION_CONTEXT('2D SPACE',''
  ) );
#605 = ORIENTED_EDGE('',*,*,#606,.F.);
#606 = EDGE_CURVE('',#607,#584,#609,.T.);
#607 = VERTEX_POINT('',#608);
#608 = CARTESIAN_POINT('',(22.5,-13.5,6.));
#609 = SURFACE_CURVE('',#610,(#615,#626),.PCURVE_S1.);
#610 = CIRCLE('',#611,4.);
#611 = AXIS2_PLACEMENT_3D('',#612,#613,#614);
#612 = CARTESIAN_POINT('',(18.5,-13.5,6.));
#613 = DIRECTION('',(0.,0.,-1.));
#614 = DIRECTION('',(-1.,0.,0.));
#615 = PCURVE('',#72,#616);
#616 = DEFINITIONAL_REPRESENTATION('',(#617),#625);
#617 = ( BOUNDED_CURVE() B_SPLINE_CURVE(2,(#618,#619,#620,#621,#622,#623
,#624),.UNSPECIFIED.,.T.,.F.) B_SPLINE_CURVE_WITH_KNOTS((1,2,2,2,2,1),(
    -2.094395102393,0.,2.094395102393,4.188790204786,6.28318530718,
8.377580409573),.UNSPECIFIED.) CURVE() GEOMETRIC_REPRESENTATION_ITEM() 
RATIONAL_B_SPLINE_CURVE((1.,0.5,1.,0.5,1.,0.5,1.)) REPRESENTATION_ITEM(
  '') );
#618 = CARTESIAN_POINT('',(14.5,-13.5));
#619 = CARTESIAN_POINT('',(14.5,-6.571796769724));
#620 = CARTESIAN_POINT('',(20.5,-10.03589838486));
#621 = CARTESIAN_POINT('',(26.5,-13.5));
#622 = CARTESIAN_POINT('',(20.5,-16.96410161513));
#623 = CARTESIAN_POINT('',(14.5,-20.42820323027));
#624 = CARTESIAN_POINT('',(14.5,-13.5));
#625 = ( GEOMETRIC_REPRESENTATION_CONTEXT(2) 
PARAMETRIC_REPRESENTATION_CONTEXT() REPRESENTATION_CONTEXT('2D SPACE',''
  ) );
#626 = PCURVE('',#359,#627);
#627 = DEFINITIONAL_REPRESENTATION('',(#628),#632);
#628 = LINE('',#629,#630);
#629 = CARTESIAN_POINT('',(0.,-6.));
#630 = VECTOR('',#631,1.);
#631 = DIRECTION('',(1.,0.));
#632 = ( GEOMETRIC_REPRESENTATION_CONTEXT(2) 
PARAMETRIC_REPRESENTATION_CONTEXT() REPRESENTATION_CONTEXT('2D SPACE',''
  ) );
#633 = ORIENTED_EDGE('',*,*,#634,.T.);
#634 = EDGE_CURVE('',#607,#635,#637,.T.);
#635 = VERTEX_POINT('',#636);
#636 = CARTESIAN_POINT('',(22.5,13.5,6.));
#637 = SURFACE_CURVE('',#638,(#642,#649),.PCURVE_S1.);
#638 = LINE('',#639,#640);
#639 = CARTESIAN_POINT('',(22.5,0.,6.));
#640 = VECTOR('',#641,1.);
#641 = DIRECTION('',(0.,1.,0.));
#642 = PCURVE('',#72,#643);
#643 = DEFINITIONAL_REPRESENTATION('',(#644),#648);
#644 = LINE('',#645,#646);
#645 = CARTESIAN_POINT('',(22.5,-6.973095286997E-17));
#646 = VECTOR('',#647,1.);
#647 = DIRECTION('',(0.,1.));
#648 = ( GEOMETRIC_REPRESENTATION_CONTEXT(2) 
PARAMETRIC_REPRESENTATION_CONTEXT() REPRESENTATION_CONTEXT('2D SPACE',''
  ) );
#649 = PCURVE('',#387,#650);
#650 = DEFINITIONAL_REPRESENTATION('',(#651),#655);
#651 = LINE('',#652,#653);
#652 = CARTESIAN_POINT('',(13.5,-6.));
#653 = VECTOR('',#654,1.);
#654 = DIRECTION('',(1.,0.));
#655 = ( GEOMETRIC_REPRESENTATION_CONTEXT(2) 
PARAMETRIC_REPRESENTATION_CONTEXT() REPRESENTATION_CONTEXT('2D SPACE',''
  ) );
#656 = ORIENTED_EDGE('',*,*,#657,.F.);
#657 = EDGE_CURVE('',#658,#635,#660,.T.);
#658 = VERTEX_POINT('',#659);
#659 = CARTESIAN_POINT('',(18.5,17.5,6.));
#660 = SURFACE_CURVE('',#661,(#666,#677),.PCURVE_S1.);
#661 = CIRCLE('',#662,4.);
#662 = AXIS2_PLACEMENT_3D('',#663,#664,#665);
#663 = CARTESIAN_POINT('',(18.5,13.5,6.));
#664 = DIRECTION('',(0.,0.,-1.));
#665 = DIRECTION('',(-1.,0.,0.));
#666 = PCURVE('',#72,#667);
#667 = DEFINITIONAL_REPRESENTATION('',(#668),#676);
#668 = ( BOUNDED_CURVE() B_SPLINE_CURVE(2,(#669,#670,#671,#672,#673,#674
,#675),.UNSPECIFIED.,.T.,.F.) B_SPLINE_CURVE_WITH_KNOTS((1,2,2,2,2,1),(
    -2.094395102393,0.,2.094395102393,4.188790204786,6.28318530718,
8.377580409573),.UNSPECIFIED.) CURVE() GEOMETRIC_REPRESENTATION_ITEM() 
RATIONAL_B_SPLINE_CURVE((1.,0.5,1.,0.5,1.,0.5,1.)) REPRESENTATION_ITEM(
  '') );
#669 = CARTESIAN_POINT('',(14.5,13.5));
#670 = CARTESIAN_POINT('',(14.5,20.428203230276));
#671 = CARTESIAN_POINT('',(20.5,16.964101615138));
#672 = CARTESIAN_POINT('',(26.5,13.5));
#673 = CARTESIAN_POINT('',(20.5,10.035898384862));
#674 = CARTESIAN_POINT('',(14.5,6.571796769724));
#675 = CARTESIAN_POINT('',(14.5,13.5));
#676 = ( GEOMETRIC_REPRESENTATION_CONTEXT(2) 
PARAMETRIC_REPRESENTATION_CONTEXT() REPRESENTATION_CONTEXT('2D SPACE',''
  ) );
#677 = PCURVE('',#420,#678);
#678 = DEFINITIONAL_REPRESENTATION('',(#679),#683);
#679 = LINE('',#680,#681);
#680 = CARTESIAN_POINT('',(0.,-6.));
#681 = VECTOR('',#682,1.);
#682 = DIRECTION('',(1.,0.));
#683 = ( GEOMETRIC_REPRESENTATION_CONTEXT(2) 
PARAMETRIC_REPRESENTATION_CONTEXT() REPRESENTATION_CONTEXT('2D SPACE',''
  ) );
#684 = ORIENTED_EDGE('',*,*,#685,.F.);
#685 = EDGE_CURVE('',#229,#658,#686,.T.);
#686 = SURFACE_CURVE('',#687,(#691,#698),.PCURVE_S1.);
#687 = LINE('',#688,#689);
#688 = CARTESIAN_POINT('',(0.,17.5,6.));
#689 = VECTOR('',#690,1.);
#690 = DIRECTION('',(1.,0.,0.));
#691 = PCURVE('',#72,#692);
#692 = DEFINITIONAL_REPRESENTATION('',(#693),#697);
#693 = LINE('',#694,#695);
#694 = CARTESIAN_POINT('',(-1.534080963139E-15,17.5));
#695 = VECTOR('',#696,1.);
#696 = DIRECTION('',(1.,0.));
#697 = ( GEOMETRIC_REPRESENTATION_CONTEXT(2) 
PARAMETRIC_REPRESENTATION_CONTEXT() REPRESENTATION_CONTEXT('2D SPACE',''
  ) );
#698 = PCURVE('',#272,#699);
#699 = DEFINITIONAL_REPRESENTATION('',(#700),#704);
#700 = LINE('',#701,#702);
#701 = CARTESIAN_POINT('',(18.5,-6.));
#702 = VECTOR('',#703,1.);
#703 = DIRECTION('',(1.,0.));
#704 = ( GEOMETRIC_REPRESENTATION_CONTEXT(2) 
PARAMETRIC_REPRESENTATION_CONTEXT() REPRESENTATION_CONTEXT('2D SPACE',''
  ) );
#705 = ORIENTED_EDGE('',*,*,#228,.F.);
#706 = FACE_BOUND('',#707,.T.);
#707 = EDGE_LOOP('',(#708,#743,#771,#804,#832,#865,#893,#926));
#708 = ORIENTED_EDGE('',*,*,#709,.T.);
#709 = EDGE_CURVE('',#710,#712,#714,.T.);
#710 = VERTEX_POINT('',#711);
#711 = CARTESIAN_POINT('',(-18.,-15.,6.));
#712 = VERTEX_POINT('',#713);
#713 = CARTESIAN_POINT('',(-20.,-13.,6.));
#714 = SURFACE_CURVE('',#715,(#720,#731),.PCURVE_S1.);
#715 = CIRCLE('',#716,2.);
#716 = AXIS2_PLACEMENT_3D('',#717,#718,#719);
#717 = CARTESIAN_POINT('',(-18.,-13.,6.));
#718 = DIRECTION('',(0.,0.,-1.));
#719 = DIRECTION('',(-1.,0.,0.));
#720 = PCURVE('',#72,#721);
#721 = DEFINITIONAL_REPRESENTATION('',(#722),#730);
#722 = ( BOUNDED_CURVE() B_SPLINE_CURVE(2,(#723,#724,#725,#726,#727,#728
,#729),.UNSPECIFIED.,.T.,.F.) B_SPLINE_CURVE_WITH_KNOTS((1,2,2,2,2,1),(
    -2.094395102393,0.,2.094395102393,4.188790204786,6.28318530718,
8.377580409573),.UNSPECIFIED.) CURVE() GEOMETRIC_REPRESENTATION_ITEM() 
RATIONAL_B_SPLINE_CURVE((1.,0.5,1.,0.5,1.,0.5,1.)) REPRESENTATION_ITEM(
  '') );
#723 = CARTESIAN_POINT('',(-20.,-13.));
#724 = CARTESIAN_POINT('',(-20.,-9.535898384862));
#725 = CARTESIAN_POINT('',(-17.,-11.26794919243));
#726 = CARTESIAN_POINT('',(-14.,-13.));
#727 = CARTESIAN_POINT('',(-17.,-14.73205080756));
#728 = CARTESIAN_POINT('',(-20.,-16.46410161513));
#729 = CARTESIAN_POINT('',(-20.,-13.));
#730 = ( GEOMETRIC_REPRESENTATION_CONTEXT(2) 
PARAMETRIC_REPRESENTATION_CONTEXT() REPRESENTATION_CONTEXT('2D SPACE',''
  ) );
#731 = PCURVE('',#732,#737);
#732 = CYLINDRICAL_SURFACE('',#733,2.);
#733 = AXIS2_PLACEMENT_3D('',#734,#735,#736);
#734 = CARTESIAN_POINT('',(-18.,-13.,6.));
#735 = DIRECTION('',(0.,0.,-1.));
#736 = DIRECTION('',(-1.,0.,0.));
#737 = DEFINITIONAL_REPRESENTATION('',(#738),#742);
#738 = LINE('',#739,#740);
#739 = CARTESIAN_POINT('',(0.,0.));
#740 = VECTOR('',#741,1.);
#741 = DIRECTION('',(1.,0.));
#742 = ( GEOMETRIC_REPRESENTATION_CONTEXT(2) 
PARAMETRIC_REPRESENTATION_CONTEXT() REPRESENTATION_CONTEXT('2D SPACE',''
  ) );
#743 = ORIENTED_EDGE('',*,*,#744,.T.);
#744 = EDGE_CURVE('',#712,#745,#747,.T.);
#745 = VERTEX_POINT('',#746);
#746 = CARTESIAN_POINT('',(-20.,13.,6.));
#747 = SURFACE_CURVE('',#748,(#752,#759),.PCURVE_S1.);
#748 = LINE('',#749,#750);
#749 = CARTESIAN_POINT('',(-20.,0.,6.));
#750 = VECTOR('',#751,1.);
#751 = DIRECTION('',(0.,1.,0.));
#752 = PCURVE('',#72,#753);
#753 = DEFINITIONAL_REPRESENTATION('',(#754),#758);
#754 = LINE('',#755,#756);
#755 = CARTESIAN_POINT('',(-20.,-6.973095286997E-17));
#756 = VECTOR('',#757,1.);
#757 = DIRECTION('',(0.,1.));
#758 = ( GEOMETRIC_REPRESENTATION_CONTEXT(2) 
PARAMETRIC_REPRESENTATION_CONTEXT() REPRESENTATION_CONTEXT('2D SPACE',''
  ) );
#759 = PCURVE('',#760,#765);
#760 = PLANE('',#761);
#761 = AXIS2_PLACEMENT_3D('',#762,#763,#764);
#762 = CARTESIAN_POINT('',(-20.,-13.,6.));
#763 = DIRECTION('',(-1.,0.,0.));
#764 = DIRECTION('',(0.,1.,0.));
#765 = DEFINITIONAL_REPRESENTATION('',(#766),#770);
#766 = LINE('',#767,#768);
#767 = CARTESIAN_POINT('',(13.,0.));
#768 = VECTOR('',#769,1.);
#769 = DIRECTION('',(1.,0.));
#770 = ( GEOMETRIC_REPRESENTATION_CONTEXT(2) 
PARAMETRIC_REPRESENTATION_CONTEXT() REPRESENTATION_CONTEXT('2D SPACE',''
  ) );
#771 = ORIENTED_EDGE('',*,*,#772,.T.);
#772 = EDGE_CURVE('',#745,#773,#775,.T.);
#773 = VERTEX_POINT('',#774);
#774 = CARTESIAN_POINT('',(-18.,15.,6.));
#775 = SURFACE_CURVE('',#776,(#781,#792),.PCURVE_S1.);
#776 = CIRCLE('',#777,2.);
#777 = AXIS2_PLACEMENT_3D('',#778,#779,#780);
#778 = CARTESIAN_POINT('',(-18.,13.,6.));
#779 = DIRECTION('',(0.,0.,-1.));
#780 = DIRECTION('',(-1.,0.,0.));
#781 = PCURVE('',#72,#782);
#782 = DEFINITIONAL_REPRESENTATION('',(#783),#791);
#783 = ( BOUNDED_CURVE() B_SPLINE_CURVE(2,(#784,#785,#786,#787,#788,#789
,#790),.UNSPECIFIED.,.T.,.F.) B_SPLINE_CURVE_WITH_KNOTS((1,2,2,2,2,1),(
    -2.094395102393,0.,2.094395102393,4.188790204786,6.28318530718,
8.377580409573),.UNSPECIFIED.) CURVE() GEOMETRIC_REPRESENTATION_ITEM() 
RATIONAL_B_SPLINE_CURVE((1.,0.5,1.,0.5,1.,0.5,1.)) REPRESENTATION_ITEM(
  '') );
#784 = CARTESIAN_POINT('',(-20.,13.));
#785 = CARTESIAN_POINT('',(-20.,16.464101615138));
#786 = CARTESIAN_POINT('',(-17.,14.732050807569));
#787 = CARTESIAN_POINT('',(-14.,13.));
#788 = CARTESIAN_POINT('',(-17.,11.267949192431));
#789 = CARTESIAN_POINT('',(-20.,9.535898384862));
#790 = CARTESIAN_POINT('',(-20.,13.));
#791 = ( GEOMETRIC_REPRESENTATION_CONTEXT(2) 
PARAMETRIC_REPRESENTATION_CONTEXT() REPRESENTATION_CONTEXT('2D SPACE',''
  ) );
#792 = PCURVE('',#793,#798);
#793 = CYLINDRICAL_SURFACE('',#794,2.);
#794 = AXIS2_PLACEMENT_3D('',#795,#796,#797);
#795 = CARTESIAN_POINT('',(-18.,13.,6.));
#796 = DIRECTION('',(0.,0.,-1.));
#797 = DIRECTION('',(-1.,0.,0.));
#798 = DEFINITIONAL_REPRESENTATION('',(#799),#803);
#799 = LINE('',#800,#801);
#800 = CARTESIAN_POINT('',(0.,0.));
#801 = VECTOR('',#802,1.);
#802 = DIRECTION('',(1.,0.));
#803 = ( GEOMETRIC_REPRESENTATION_CONTEXT(2) 
PARAMETRIC_REPRESENTATION_CONTEXT() REPRESENTATION_CONTEXT('2D SPACE',''
  ) );
#804 = ORIENTED_EDGE('',*,*,#805,.T.);
#805 = EDGE_CURVE('',#773,#806,#808,.T.);
#806 = VERTEX_POINT('',#807);
#807 = CARTESIAN_POINT('',(18.,15.,6.));
#808 = SURFACE_CURVE('',#809,(#813,#820),.PCURVE_S1.);
#809 = LINE('',#810,#811);
#810 = CARTESIAN_POINT('',(0.,15.,6.));
#811 = VECTOR('',#812,1.);
#812 = DIRECTION('',(1.,0.,0.));
#813 = PCURVE('',#72,#814);
#814 = DEFINITIONAL_REPRESENTATION('',(#815),#819);
#815 = LINE('',#816,#817);
#816 = CARTESIAN_POINT('',(-1.534080963139E-15,15.));
#817 = VECTOR('',#818,1.);
#818 = DIRECTION('',(1.,0.));
#819 = ( GEOMETRIC_REPRESENTATION_CONTEXT(2) 
PARAMETRIC_REPRESENTATION_CONTEXT() REPRESENTATION_CONTEXT('2D SPACE',''
  ) );
#820 = PCURVE('',#821,#826);
#821 = PLANE('',#822);
#822 = AXIS2_PLACEMENT_3D('',#823,#824,#825);
#823 = CARTESIAN_POINT('',(-18.,15.,6.));
#824 = DIRECTION('',(0.,1.,0.));
#825 = DIRECTION('',(1.,0.,0.));
#826 = DEFINITIONAL_REPRESENTATION('',(#827),#831);
#827 = LINE('',#828,#829);
#828 = CARTESIAN_POINT('',(18.,0.));
#829 = VECTOR('',#830,1.);
#830 = DIRECTION('',(1.,0.));
#831 = ( GEOMETRIC_REPRESENTATION_CONTEXT(2) 
PARAMETRIC_REPRESENTATION_CONTEXT() REPRESENTATION_CONTEXT('2D SPACE',''
  ) );
#832 = ORIENTED_EDGE('',*,*,#833,.T.);
#833 = EDGE_CURVE('',#806,#834,#836,.T.);
#834 = VERTEX_POINT('',#835);
#835 = CARTESIAN_POINT('',(20.,13.,6.));
#836 = SURFACE_CURVE('',#837,(#842,#853),.PCURVE_S1.);
#837 = CIRCLE('',#838,2.);
#838 = AXIS2_PLACEMENT_3D('',#839,#840,#841);
#839 = CARTESIAN_POINT('',(18.,13.,6.));
#840 = DIRECTION('',(0.,0.,-1.));
#841 = DIRECTION('',(-1.,0.,0.));
#842 = PCURVE('',#72,#843);
#843 = DEFINITIONAL_REPRESENTATION('',(#844),#852);
#844 = ( BOUNDED_CURVE() B_SPLINE_CURVE(2,(#845,#846,#847,#848,#849,#850
,#851),.UNSPECIFIED.,.T.,.F.) B_SPLINE_CURVE_WITH_KNOTS((1,2,2,2,2,1),(
    -2.094395102393,0.,2.094395102393,4.188790204786,6.28318530718,
8.377580409573),.UNSPECIFIED.) CURVE() GEOMETRIC_REPRESENTATION_ITEM() 
RATIONAL_B_SPLINE_CURVE((1.,0.5,1.,0.5,1.,0.5,1.)) REPRESENTATION_ITEM(
  '') );
#845 = CARTESIAN_POINT('',(16.,13.));
#846 = CARTESIAN_POINT('',(16.,16.464101615138));
#847 = CARTESIAN_POINT('',(19.,14.732050807569));
#848 = CARTESIAN_POINT('',(22.,13.));
#849 = CARTESIAN_POINT('',(19.,11.267949192431));
#850 = CARTESIAN_POINT('',(16.,9.535898384862));
#851 = CARTESIAN_POINT('',(16.,13.));
#852 = ( GEOMETRIC_REPRESENTATION_CONTEXT(2) 
PARAMETRIC_REPRESENTATION_CONTEXT() REPRESENTATION_CONTEXT('2D SPACE',''
  ) );
#853 = PCURVE('',#854,#859);
#854 = CYLINDRICAL_SURFACE('',#855,2.);
#855 = AXIS2_PLACEMENT_3D('',#856,#857,#858);
#856 = CARTESIAN_POINT('',(18.,13.,6.));
#857 = DIRECTION('',(0.,0.,-1.));
#858 = DIRECTION('',(-1.,0.,0.));
#859 = DEFINITIONAL_REPRESENTATION('',(#860),#864);
#860 = LINE('',#861,#862);
#861 = CARTESIAN_POINT('',(0.,0.));
#862 = VECTOR('',#863,1.);
#863 = DIRECTION('',(1.,0.));
#864 = ( GEOMETRIC_REPRESENTATION_CONTEXT(2) 
PARAMETRIC_REPRESENTATION_CONTEXT() REPRESENTATION_CONTEXT('2D SPACE',''
  ) );
#865 = ORIENTED_EDGE('',*,*,#866,.F.);
#866 = EDGE_CURVE('',#867,#834,#869,.T.);
#867 = VERTEX_POINT('',#868);
#868 = CARTESIAN_POINT('',(20.,-13.,6.));
#869 = SURFACE_CURVE('',#870,(#874,#881),.PCURVE_S1.);
#870 = LINE('',#871,#872);
#871 = CARTESIAN_POINT('',(20.,0.,6.));
#872 = VECTOR('',#873,1.);
#873 = DIRECTION('',(0.,1.,0.));
#874 = PCURVE('',#72,#875);
#875 = DEFINITIONAL_REPRESENTATION('',(#876),#880);
#876 = LINE('',#877,#878);
#877 = CARTESIAN_POINT('',(20.,-6.973095286997E-17));
#878 = VECTOR('',#879,1.);
#879 = DIRECTION('',(0.,1.));
#880 = ( GEOMETRIC_REPRESENTATION_CONTEXT(2) 
PARAMETRIC_REPRESENTATION_CONTEXT() REPRESENTATION_CONTEXT('2D SPACE',''
  ) );
#881 = PCURVE('',#882,#887);
#882 = PLANE('',#883);
#883 = AXIS2_PLACEMENT_3D('',#884,#885,#886);
#884 = CARTESIAN_POINT('',(20.,-13.,6.));
#885 = DIRECTION('',(-1.,0.,0.));
#886 = DIRECTION('',(0.,1.,0.));
#887 = DEFINITIONAL_REPRESENTATION('',(#888),#892);
#888 = LINE('',#889,#890);
#889 = CARTESIAN_POINT('',(13.,0.));
#890 = VECTOR('',#891,1.);
#891 = DIRECTION('',(1.,0.));
#892 = ( GEOMETRIC_REPRESENTATION_CONTEXT(2) 
PARAMETRIC_REPRESENTATION_CONTEXT() REPRESENTATION_CONTEXT('2D SPACE',''
  ) );
#893 = ORIENTED_EDGE('',*,*,#894,.T.);
#894 = EDGE_CURVE('',#867,#895,#897,.T.);
#895 = VERTEX_POINT('',#896);
#896 = CARTESIAN_POINT('',(18.,-15.,6.));
#897 = SURFACE_CURVE('',#898,(#903,#914),.PCURVE_S1.);
#898 = CIRCLE('',#899,2.);
#899 = AXIS2_PLACEMENT_3D('',#900,#901,#902);
#900 = CARTESIAN_POINT('',(18.,-13.,6.));
#901 = DIRECTION('',(0.,0.,-1.));
#902 = DIRECTION('',(-1.,0.,0.));
#903 = PCURVE('',#72,#904);
#904 = DEFINITIONAL_REPRESENTATION('',(#905),#913);
#905 = ( BOUNDED_CURVE() B_SPLINE_CURVE(2,(#906,#907,#908,#909,#910,#911
,#912),.UNSPECIFIED.,.T.,.F.) B_SPLINE_CURVE_WITH_KNOTS((1,2,2,2,2,1),(
    -2.094395102393,0.,2.094395102393,4.188790204786,6.28318530718,
8.377580409573),.UNSPECIFIED.) CURVE() GEOMETRIC_REPRESENTATION_ITEM() 
RATIONAL_B_SPLINE_CURVE((1.,0.5,1.,0.5,1.,0.5,1.)) REPRESENTATION_ITEM(
  '') );
#906 = CARTESIAN_POINT('',(16.,-13.));
#907 = CARTESIAN_POINT('',(16.,-9.535898384862));
#908 = CARTESIAN_POINT('',(19.,-11.26794919243));
#909 = CARTESIAN_POINT('',(22.,-13.));
#910 = CARTESIAN_POINT('',(19.,-14.73205080756));
#911 = CARTESIAN_POINT('',(16.,-16.46410161513));
#912 = CARTESIAN_POINT('',(16.,-13.));
#913 = ( GEOMETRIC_REPRESENTATION_CONTEXT(2) 
PARAMETRIC_REPRESENTATION_CONTEXT() REPRESENTATION_CONTEXT('2D SPACE',''
  ) );
#914 = PCURVE('',#915,#920);
#915 = CYLINDRICAL_SURFACE('',#916,2.);
#916 = AXIS2_PLACEMENT_3D('',#917,#918,#919);
#917 = CARTESIAN_POINT('',(18.,-13.,6.));
#918 = DIRECTION('',(0.,0.,-1.));
#919 = DIRECTION('',(-1.,0.,0.));
#920 = DEFINITIONAL_REPRESENTATION('',(#921),#925);
#921 = LINE('',#922,#923);
#922 = CARTESIAN_POINT('',(0.,0.));
#923 = VECTOR('',#924,1.);
#924 = DIRECTION('',(1.,0.));
#925 = ( GEOMETRIC_REPRESENTATION_CONTEXT(2) 
PARAMETRIC_REPRESENTATION_CONTEXT() REPRESENTATION_CONTEXT('2D SPACE',''
  ) );
#926 = ORIENTED_EDGE('',*,*,#927,.F.);
#927 = EDGE_CURVE('',#710,#895,#928,.T.);
#928 = SURFACE_CURVE('',#929,(#933,#940),.PCURVE_S1.);
#929 = LINE('',#930,#931);
#930 = CARTESIAN_POINT('',(0.,-15.,6.));
#931 = VECTOR('',#932,1.);
#932 = DIRECTION('',(1.,0.,0.));
#933 = PCURVE('',#72,#934);
#934 = DEFINITIONAL_REPRESENTATION('',(#935),#939);
#935 = LINE('',#936,#937);
#936 = CARTESIAN_POINT('',(-1.534080963139E-15,-15.));
#937 = VECTOR('',#938,1.);
#938 = DIRECTION('',(1.,0.));
#939 = ( GEOMETRIC_REPRESENTATION_CONTEXT(2) 
PARAMETRIC_REPRESENTATION_CONTEXT() REPRESENTATION_CONTEXT('2D SPACE',''
  ) );
#940 = PCURVE('',#941,#946);
#941 = PLANE('',#942);
#942 = AXIS2_PLACEMENT_3D('',#943,#944,#945);
#943 = CARTESIAN_POINT('',(-18.,-15.,6.));
#944 = DIRECTION('',(0.,1.,0.));
#945 = DIRECTION('',(1.,0.,0.));
#946 = DEFINITIONAL_REPRESENTATION('',(#947),#951);
#947 = LINE('',#948,#949);
#948 = CARTESIAN_POINT('',(18.,0.));
#949 = VECTOR('',#950,1.);
#950 = DIRECTION('',(1.,0.));
#951 = ( GEOMETRIC_REPRESENTATION_CONTEXT(2) 
PARAMETRIC_REPRESENTATION_CONTEXT() REPRESENTATION_CONTEXT('2D SPACE',''
  ) );
#952 = ADVANCED_FACE('',(#953),#159,.F.);
#953 = FACE_BOUND('',#954,.F.);
#954 = EDGE_LOOP('',(#955,#956,#957,#978));
#955 = ORIENTED_EDGE('',*,*,#141,.T.);
#956 = ORIENTED_EDGE('',*,*,#583,.T.);
#957 = ORIENTED_EDGE('',*,*,#958,.F.);
#958 = EDGE_CURVE('',#316,#584,#959,.T.);
#959 = SURFACE_CURVE('',#960,(#964,#971),.PCURVE_S1.);
#960 = LINE('',#961,#962);
#961 = CARTESIAN_POINT('',(18.5,-17.5,0.));
#962 = VECTOR('',#963,1.);
#963 = DIRECTION('',(0.,0.,1.));
#964 = PCURVE('',#159,#965);
#965 = DEFINITIONAL_REPRESENTATION('',(#966),#970);
#966 = LINE('',#967,#968);
#967 = CARTESIAN_POINT('',(37.,0.));
#968 = VECTOR('',#969,1.);
#969 = DIRECTION('',(0.,-1.));
#970 = ( GEOMETRIC_REPRESENTATION_CONTEXT(2) 
PARAMETRIC_REPRESENTATION_CONTEXT() REPRESENTATION_CONTEXT('2D SPACE',''
  ) );
#971 = PCURVE('',#359,#972);
#972 = DEFINITIONAL_REPRESENTATION('',(#973),#977);
#973 = LINE('',#974,#975);
#974 = CARTESIAN_POINT('',(4.712388980385,0.));
#975 = VECTOR('',#976,1.);
#976 = DIRECTION('',(0.,-1.));
#977 = ( GEOMETRIC_REPRESENTATION_CONTEXT(2) 
PARAMETRIC_REPRESENTATION_CONTEXT() REPRESENTATION_CONTEXT('2D SPACE',''
  ) );
#978 = ORIENTED_EDGE('',*,*,#315,.F.);
#979 = ADVANCED_FACE('',(#980),#272,.T.);
#980 = FACE_BOUND('',#981,.T.);
#981 = EDGE_LOOP('',(#982,#983,#984,#1005));
#982 = ORIENTED_EDGE('',*,*,#256,.T.);
#983 = ORIENTED_EDGE('',*,*,#685,.T.);
#984 = ORIENTED_EDGE('',*,*,#985,.F.);
#985 = EDGE_CURVE('',#400,#658,#986,.T.);
#986 = SURFACE_CURVE('',#987,(#991,#998),.PCURVE_S1.);
#987 = LINE('',#988,#989);
#988 = CARTESIAN_POINT('',(18.5,17.5,0.));
#989 = VECTOR('',#990,1.);
#990 = DIRECTION('',(0.,0.,1.));
#991 = PCURVE('',#272,#992);
#992 = DEFINITIONAL_REPRESENTATION('',(#993),#997);
#993 = LINE('',#994,#995);
#994 = CARTESIAN_POINT('',(37.,0.));
#995 = VECTOR('',#996,1.);
#996 = DIRECTION('',(0.,-1.));
#997 = ( GEOMETRIC_REPRESENTATION_CONTEXT(2) 
PARAMETRIC_REPRESENTATION_CONTEXT() REPRESENTATION_CONTEXT('2D SPACE',''
  ) );
#998 = PCURVE('',#420,#999);
#999 = DEFINITIONAL_REPRESENTATION('',(#1000),#1004);
#1000 = LINE('',#1001,#1002);
#1001 = CARTESIAN_POINT('',(1.570796326795,0.));
#1002 = VECTOR('',#1003,1.);
#1003 = DIRECTION('',(0.,-1.));
#1004 = ( GEOMETRIC_REPRESENTATION_CONTEXT(2) 
PARAMETRIC_REPRESENTATION_CONTEXT() REPRESENTATION_CONTEXT('2D SPACE',''
  ) );
#1005 = ORIENTED_EDGE('',*,*,#432,.F.);
#1006 = ADVANCED_FACE('',(#1007),#359,.T.);
#1007 = FACE_BOUND('',#1008,.T.);
#1008 = EDGE_LOOP('',(#1009,#1030,#1031,#1032));
#1009 = ORIENTED_EDGE('',*,*,#1010,.T.);
#1010 = EDGE_CURVE('',#339,#607,#1011,.T.);
#1011 = SURFACE_CURVE('',#1012,(#1016,#1023),.PCURVE_S1.);
#1012 = LINE('',#1013,#1014);
#1013 = CARTESIAN_POINT('',(22.5,-13.5,0.));
#1014 = VECTOR('',#1015,1.);
#1015 = DIRECTION('',(0.,0.,1.));
#1016 = PCURVE('',#359,#1017);
#1017 = DEFINITIONAL_REPRESENTATION('',(#1018),#1022);
#1018 = LINE('',#1019,#1020);
#1019 = CARTESIAN_POINT('',(3.14159265359,0.));
#1020 = VECTOR('',#1021,1.);
#1021 = DIRECTION('',(0.,-1.));
#1022 = ( GEOMETRIC_REPRESENTATION_CONTEXT(2) 
PARAMETRIC_REPRESENTATION_CONTEXT() REPRESENTATION_CONTEXT('2D SPACE',''
  ) );
#1023 = PCURVE('',#387,#1024);
#1024 = DEFINITIONAL_REPRESENTATION('',(#1025),#1029);
#1025 = LINE('',#1026,#1027);
#1026 = CARTESIAN_POINT('',(0.,0.));
#1027 = VECTOR('',#1028,1.);
#1028 = DIRECTION('',(0.,-1.));
#1029 = ( GEOMETRIC_REPRESENTATION_CONTEXT(2) 
PARAMETRIC_REPRESENTATION_CONTEXT() REPRESENTATION_CONTEXT('2D SPACE',''
  ) );
#1030 = ORIENTED_EDGE('',*,*,#606,.T.);
#1031 = ORIENTED_EDGE('',*,*,#958,.F.);
#1032 = ORIENTED_EDGE('',*,*,#338,.F.);
#1033 = ADVANCED_FACE('',(#1034),#420,.T.);
#1034 = FACE_BOUND('',#1035,.T.);
#1035 = EDGE_LOOP('',(#1036,#1037,#1038,#1059));
#1036 = ORIENTED_EDGE('',*,*,#985,.T.);
#1037 = ORIENTED_EDGE('',*,*,#657,.T.);
#1038 = ORIENTED_EDGE('',*,*,#1039,.F.);
#1039 = EDGE_CURVE('',#372,#635,#1040,.T.);
#1040 = SURFACE_CURVE('',#1041,(#1045,#1052),.PCURVE_S1.);
#1041 = LINE('',#1042,#1043);
#1042 = CARTESIAN_POINT('',(22.5,13.5,0.));
#1043 = VECTOR('',#1044,1.);
#1044 = DIRECTION('',(0.,0.,1.));
#1045 = PCURVE('',#420,#1046);
#1046 = DEFINITIONAL_REPRESENTATION('',(#1047),#1051);
#1047 = LINE('',#1048,#1049);
#1048 = CARTESIAN_POINT('',(3.14159265359,0.));
#1049 = VECTOR('',#1050,1.);
#1050 = DIRECTION('',(0.,-1.));
#1051 = ( GEOMETRIC_REPRESENTATION_CONTEXT(2) 
PARAMETRIC_REPRESENTATION_CONTEXT() REPRESENTATION_CONTEXT('2D SPACE',''
  ) );
#1052 = PCURVE('',#387,#1053);
#1053 = DEFINITIONAL_REPRESENTATION('',(#1054),#1058);
#1054 = LINE('',#1055,#1056);
#1055 = CARTESIAN_POINT('',(27.,0.));
#1056 = VECTOR('',#1057,1.);
#1057 = DIRECTION('',(0.,-1.));
#1058 = ( GEOMETRIC_REPRESENTATION_CONTEXT(2) 
PARAMETRIC_REPRESENTATION_CONTEXT() REPRESENTATION_CONTEXT('2D SPACE',''
  ) );
#1059 = ORIENTED_EDGE('',*,*,#399,.F.);
#1060 = ADVANCED_FACE('',(#1061),#387,.F.);
#1061 = FACE_BOUND('',#1062,.F.);
#1062 = EDGE_LOOP('',(#1063,#1064,#1065,#1066));
#1063 = ORIENTED_EDGE('',*,*,#1010,.T.);
#1064 = ORIENTED_EDGE('',*,*,#634,.T.);
#1065 = ORIENTED_EDGE('',*,*,#1039,.F.);
#1066 = ORIENTED_EDGE('',*,*,#371,.F.);
#1067 = ADVANCED_FACE('',(#1068),#473,.F.);
#1068 = FACE_BOUND('',#1069,.T.);
#1069 = EDGE_LOOP('',(#1070,#1071,#1094,#1125));
#1070 = ORIENTED_EDGE('',*,*,#456,.F.);
#1071 = ORIENTED_EDGE('',*,*,#1072,.T.);
#1072 = EDGE_CURVE('',#457,#1073,#1075,.T.);
#1073 = VERTEX_POINT('',#1074);
#1074 = CARTESIAN_POINT('',(-14.5,-11.,6.));
#1075 = SEAM_CURVE('',#1076,(#1080,#1087),.PCURVE_S1.);
#1076 = LINE('',#1077,#1078);
#1077 = CARTESIAN_POINT('',(-14.5,-11.,0.));
#1078 = VECTOR('',#1079,1.);
#1079 = DIRECTION('',(0.,0.,1.));
#1080 = PCURVE('',#473,#1081);
#1081 = DEFINITIONAL_REPRESENTATION('',(#1082),#1086);
#1082 = LINE('',#1083,#1084);
#1083 = CARTESIAN_POINT('',(-6.28318530718,0.));
#1084 = VECTOR('',#1085,1.);
#1085 = DIRECTION('',(-0.,-1.));
#1086 = ( GEOMETRIC_REPRESENTATION_CONTEXT(2) 
PARAMETRIC_REPRESENTATION_CONTEXT() REPRESENTATION_CONTEXT('2D SPACE',''
  ) );
#1087 = PCURVE('',#473,#1088);
#1088 = DEFINITIONAL_REPRESENTATION('',(#1089),#1093);
#1089 = LINE('',#1090,#1091);
#1090 = CARTESIAN_POINT('',(-0.,0.));
#1091 = VECTOR('',#1092,1.);
#1092 = DIRECTION('',(-0.,-1.));
#1093 = ( GEOMETRIC_REPRESENTATION_CONTEXT(2) 
PARAMETRIC_REPRESENTATION_CONTEXT() REPRESENTATION_CONTEXT('2D SPACE',''
  ) );
#1094 = ORIENTED_EDGE('',*,*,#1095,.F.);
#1095 = EDGE_CURVE('',#1073,#1073,#1096,.T.);
#1096 = SURFACE_CURVE('',#1097,(#1102,#1109),.PCURVE_S1.);
#1097 = CIRCLE('',#1098,1.5);
#1098 = AXIS2_PLACEMENT_3D('',#1099,#1100,#1101);
#1099 = CARTESIAN_POINT('',(-16.,-11.,6.));
#1100 = DIRECTION('',(0.,-0.,-1.));
#1101 = DIRECTION('',(1.,0.,-0.));
#1102 = PCURVE('',#473,#1103);
#1103 = DEFINITIONAL_REPRESENTATION('',(#1104),#1108);
#1104 = LINE('',#1105,#1106);
#1105 = CARTESIAN_POINT('',(-6.28318530718,-6.));
#1106 = VECTOR('',#1107,1.);
#1107 = DIRECTION('',(1.,-0.));
#1108 = ( GEOMETRIC_REPRESENTATION_CONTEXT(2) 
PARAMETRIC_REPRESENTATION_CONTEXT() REPRESENTATION_CONTEXT('2D SPACE',''
  ) );
#1109 = PCURVE('',#1110,#1115);
#1110 = PLANE('',#1111);
#1111 = AXIS2_PLACEMENT_3D('',#1112,#1113,#1114);
#1112 = CARTESIAN_POINT('',(-16.,-11.,6.));
#1113 = DIRECTION('',(0.,0.,1.));
#1114 = DIRECTION('',(1.,0.,0.));
#1115 = DEFINITIONAL_REPRESENTATION('',(#1116),#1124);
#1116 = ( BOUNDED_CURVE() B_SPLINE_CURVE(2,(#1117,#1118,#1119,#1120,
#1121,#1122,#1123),.UNSPECIFIED.,.T.,.F.) B_SPLINE_CURVE_WITH_KNOTS((1,2
    ,2,2,2,1),(-2.094395102393,0.,2.094395102393,4.188790204786,
6.28318530718,8.377580409573),.UNSPECIFIED.) CURVE() 
GEOMETRIC_REPRESENTATION_ITEM() RATIONAL_B_SPLINE_CURVE((1.,0.5,1.,0.5,
1.,0.5,1.)) REPRESENTATION_ITEM('') );
#1117 = CARTESIAN_POINT('',(1.5,0.));
#1118 = CARTESIAN_POINT('',(1.5,-2.598076211353));
#1119 = CARTESIAN_POINT('',(-0.75,-1.299038105677));
#1120 = CARTESIAN_POINT('',(-3.,-3.673940397442E-16));
#1121 = CARTESIAN_POINT('',(-0.75,1.299038105677));
#1122 = CARTESIAN_POINT('',(1.5,2.598076211353));
#1123 = CARTESIAN_POINT('',(1.5,0.));
#1124 = ( GEOMETRIC_REPRESENTATION_CONTEXT(2) 
PARAMETRIC_REPRESENTATION_CONTEXT() REPRESENTATION_CONTEXT('2D SPACE',''
  ) );
#1125 = ORIENTED_EDGE('',*,*,#1072,.F.);
#1126 = ADVANCED_FACE('',(#1127),#504,.F.);
#1127 = FACE_BOUND('',#1128,.T.);
#1128 = EDGE_LOOP('',(#1129,#1130,#1153,#1184));
#1129 = ORIENTED_EDGE('',*,*,#487,.F.);
#1130 = ORIENTED_EDGE('',*,*,#1131,.T.);
#1131 = EDGE_CURVE('',#488,#1132,#1134,.T.);
#1132 = VERTEX_POINT('',#1133);
#1133 = CARTESIAN_POINT('',(17.5,-11.,6.));
#1134 = SEAM_CURVE('',#1135,(#1139,#1146),.PCURVE_S1.);
#1135 = LINE('',#1136,#1137);
#1136 = CARTESIAN_POINT('',(17.5,-11.,0.));
#1137 = VECTOR('',#1138,1.);
#1138 = DIRECTION('',(0.,0.,1.));
#1139 = PCURVE('',#504,#1140);
#1140 = DEFINITIONAL_REPRESENTATION('',(#1141),#1145);
#1141 = LINE('',#1142,#1143);
#1142 = CARTESIAN_POINT('',(-6.28318530718,0.));
#1143 = VECTOR('',#1144,1.);
#1144 = DIRECTION('',(-0.,-1.));
#1145 = ( GEOMETRIC_REPRESENTATION_CONTEXT(2) 
PARAMETRIC_REPRESENTATION_CONTEXT() REPRESENTATION_CONTEXT('2D SPACE',''
  ) );
#1146 = PCURVE('',#504,#1147);
#1147 = DEFINITIONAL_REPRESENTATION('',(#1148),#1152);
#1148 = LINE('',#1149,#1150);
#1149 = CARTESIAN_POINT('',(-0.,0.));
#1150 = VECTOR('',#1151,1.);
#1151 = DIRECTION('',(-0.,-1.));
#1152 = ( GEOMETRIC_REPRESENTATION_CONTEXT(2) 
PARAMETRIC_REPRESENTATION_CONTEXT() REPRESENTATION_CONTEXT('2D SPACE',''
  ) );
#1153 = ORIENTED_EDGE('',*,*,#1154,.F.);
#1154 = EDGE_CURVE('',#1132,#1132,#1155,.T.);
#1155 = SURFACE_CURVE('',#1156,(#1161,#1168),.PCURVE_S1.);
#1156 = CIRCLE('',#1157,1.5);
#1157 = AXIS2_PLACEMENT_3D('',#1158,#1159,#1160);
#1158 = CARTESIAN_POINT('',(16.,-11.,6.));
#1159 = DIRECTION('',(0.,-0.,-1.));
#1160 = DIRECTION('',(1.,0.,-0.));
#1161 = PCURVE('',#504,#1162);
#1162 = DEFINITIONAL_REPRESENTATION('',(#1163),#1167);
#1163 = LINE('',#1164,#1165);
#1164 = CARTESIAN_POINT('',(-6.28318530718,-6.));
#1165 = VECTOR('',#1166,1.);
#1166 = DIRECTION('',(1.,-0.));
#1167 = ( GEOMETRIC_REPRESENTATION_CONTEXT(2) 
PARAMETRIC_REPRESENTATION_CONTEXT() REPRESENTATION_CONTEXT('2D SPACE',''
  ) );
#1168 = PCURVE('',#1169,#1174);
#1169 = PLANE('',#1170);
#1170 = AXIS2_PLACEMENT_3D('',#1171,#1172,#1173);
#1171 = CARTESIAN_POINT('',(16.,-11.,6.));
#1172 = DIRECTION('',(0.,0.,1.));
#1173 = DIRECTION('',(1.,0.,0.));
#1174 = DEFINITIONAL_REPRESENTATION('',(#1175),#1183);
#1175 = ( BOUNDED_CURVE() B_SPLINE_CURVE(2,(#1176,#1177,#1178,#1179,
#1180,#1181,#1182),.UNSPECIFIED.,.T.,.F.) B_SPLINE_CURVE_WITH_KNOTS((1,2
    ,2,2,2,1),(-2.094395102393,0.,2.094395102393,4.188790204786,
6.28318530718,8.377580409573),.UNSPECIFIED.) CURVE() 
GEOMETRIC_REPRESENTATION_ITEM() RATIONAL_B_SPLINE_CURVE((1.,0.5,1.,0.5,
1.,0.5,1.)) REPRESENTATION_ITEM('') );
#1176 = CARTESIAN_POINT('',(1.5,0.));
#1177 = CARTESIAN_POINT('',(1.5,-2.598076211353));
#1178 = CARTESIAN_POINT('',(-0.75,-1.299038105677));
#1179 = CARTESIAN_POINT('',(-3.,-3.673940397442E-16));
#1180 = CARTESIAN_POINT('',(-0.75,1.299038105677));
#1181 = CARTESIAN_POINT('',(1.5,2.598076211353));
#1182 = CARTESIAN_POINT('',(1.5,0.));
#1183 = ( GEOMETRIC_REPRESENTATION_CONTEXT(2) 
PARAMETRIC_REPRESENTATION_CONTEXT() REPRESENTATION_CONTEXT('2D SPACE',''
  ) );
#1184 = ORIENTED_EDGE('',*,*,#1131,.F.);
#1185 = ADVANCED_FACE('',(#1186),#535,.F.);
#1186 = FACE_BOUND('',#1187,.T.);
#1187 = EDGE_LOOP('',(#1188,#1189,#1212,#1243));
#1188 = ORIENTED_EDGE('',*,*,#518,.F.);
#1189 = ORIENTED_EDGE('',*,*,#1190,.T.);
#1190 = EDGE_CURVE('',#519,#1191,#1193,.T.);
#1191 = VERTEX_POINT('',#1192);
#1192 = CARTESIAN_POINT('',(-14.5,11.,6.));
#1193 = SEAM_CURVE('',#1194,(#1198,#1205),.PCURVE_S1.);
#1194 = LINE('',#1195,#1196);
#1195 = CARTESIAN_POINT('',(-14.5,11.,0.));
#1196 = VECTOR('',#1197,1.);
#1197 = DIRECTION('',(0.,0.,1.));
#1198 = PCURVE('',#535,#1199);
#1199 = DEFINITIONAL_REPRESENTATION('',(#1200),#1204);
#1200 = LINE('',#1201,#1202);
#1201 = CARTESIAN_POINT('',(-6.28318530718,0.));
#1202 = VECTOR('',#1203,1.);
#1203 = DIRECTION('',(-0.,-1.));
#1204 = ( GEOMETRIC_REPRESENTATION_CONTEXT(2) 
PARAMETRIC_REPRESENTATION_CONTEXT() REPRESENTATION_CONTEXT('2D SPACE',''
  ) );
#1205 = PCURVE('',#535,#1206);
#1206 = DEFINITIONAL_REPRESENTATION('',(#1207),#1211);
#1207 = LINE('',#1208,#1209);
#1208 = CARTESIAN_POINT('',(-0.,0.));
#1209 = VECTOR('',#1210,1.);
#1210 = DIRECTION('',(-0.,-1.));
#1211 = ( GEOMETRIC_REPRESENTATION_CONTEXT(2) 
PARAMETRIC_REPRESENTATION_CONTEXT() REPRESENTATION_CONTEXT('2D SPACE',''
  ) );
#1212 = ORIENTED_EDGE('',*,*,#1213,.F.);
#1213 = EDGE_CURVE('',#1191,#1191,#1214,.T.);
#1214 = SURFACE_CURVE('',#1215,(#1220,#1227),.PCURVE_S1.);
#1215 = CIRCLE('',#1216,1.5);
#1216 = AXIS2_PLACEMENT_3D('',#1217,#1218,#1219);
#1217 = CARTESIAN_POINT('',(-16.,11.,6.));
#1218 = DIRECTION('',(0.,-0.,-1.));
#1219 = DIRECTION('',(1.,0.,-0.));
#1220 = PCURVE('',#535,#1221);
#1221 = DEFINITIONAL_REPRESENTATION('',(#1222),#1226);
#1222 = LINE('',#1223,#1224);
#1223 = CARTESIAN_POINT('',(-6.28318530718,-6.));
#1224 = VECTOR('',#1225,1.);
#1225 = DIRECTION('',(1.,-0.));
#1226 = ( GEOMETRIC_REPRESENTATION_CONTEXT(2) 
PARAMETRIC_REPRESENTATION_CONTEXT() REPRESENTATION_CONTEXT('2D SPACE',''
  ) );
#1227 = PCURVE('',#1228,#1233);
#1228 = PLANE('',#1229);
#1229 = AXIS2_PLACEMENT_3D('',#1230,#1231,#1232);
#1230 = CARTESIAN_POINT('',(-16.,11.,6.));
#1231 = DIRECTION('',(0.,0.,1.));
#1232 = DIRECTION('',(1.,0.,0.));
#1233 = DEFINITIONAL_REPRESENTATION('',(#1234),#1242);
#1234 = ( BOUNDED_CURVE() B_SPLINE_CURVE(2,(#1235,#1236,#1237,#1238,
#1239,#1240,#1241),.UNSPECIFIED.,.T.,.F.) B_SPLINE_CURVE_WITH_KNOTS((1,2
    ,2,2,2,1),(-2.094395102393,0.,2.094395102393,4.188790204786,
6.28318530718,8.377580409573),.UNSPECIFIED.) CURVE() 
GEOMETRIC_REPRESENTATION_ITEM() RATIONAL_B_SPLINE_CURVE((1.,0.5,1.,0.5,
1.,0.5,1.)) REPRESENTATION_ITEM('') );
#1235 = CARTESIAN_POINT('',(1.5,0.));
#1236 = CARTESIAN_POINT('',(1.5,-2.598076211353));
#1237 = CARTESIAN_POINT('',(-0.75,-1.299038105677));
#1238 = CARTESIAN_POINT('',(-3.,-3.673940397442E-16));
#1239 = CARTESIAN_POINT('',(-0.75,1.299038105677));
#1240 = CARTESIAN_POINT('',(1.5,2.598076211353));
#1241 = CARTESIAN_POINT('',(1.5,0.));
#1242 = ( GEOMETRIC_REPRESENTATION_CONTEXT(2) 
PARAMETRIC_REPRESENTATION_CONTEXT() REPRESENTATION_CONTEXT('2D SPACE',''
  ) );
#1243 = ORIENTED_EDGE('',*,*,#1190,.F.);
#1244 = ADVANCED_FACE('',(#1245),#566,.F.);
#1245 = FACE_BOUND('',#1246,.T.);
#1246 = EDGE_LOOP('',(#1247,#1248,#1271,#1302));
#1247 = ORIENTED_EDGE('',*,*,#549,.F.);
#1248 = ORIENTED_EDGE('',*,*,#1249,.T.);
#1249 = EDGE_CURVE('',#550,#1250,#1252,.T.);
#1250 = VERTEX_POINT('',#1251);
#1251 = CARTESIAN_POINT('',(17.5,11.,6.));
#1252 = SEAM_CURVE('',#1253,(#1257,#1264),.PCURVE_S1.);
#1253 = LINE('',#1254,#1255);
#1254 = CARTESIAN_POINT('',(17.5,11.,0.));
#1255 = VECTOR('',#1256,1.);
#1256 = DIRECTION('',(0.,0.,1.));
#1257 = PCURVE('',#566,#1258);
#1258 = DEFINITIONAL_REPRESENTATION('',(#1259),#1263);
#1259 = LINE('',#1260,#1261);
#1260 = CARTESIAN_POINT('',(-6.28318530718,0.));
#1261 = VECTOR('',#1262,1.);
#1262 = DIRECTION('',(-0.,-1.));
#1263 = ( GEOMETRIC_REPRESENTATION_CONTEXT(2) 
PARAMETRIC_REPRESENTATION_CONTEXT() REPRESENTATION_CONTEXT('2D SPACE',''
  ) );
#1264 = PCURVE('',#566,#1265);
#1265 = DEFINITIONAL_REPRESENTATION('',(#1266),#1270);
#1266 = LINE('',#1267,#1268);
#1267 = CARTESIAN_POINT('',(-0.,0.));
#1268 = VECTOR('',#1269,1.);
#1269 = DIRECTION('',(-0.,-1.));
#1270 = ( GEOMETRIC_REPRESENTATION_CONTEXT(2) 
PARAMETRIC_REPRESENTATION_CONTEXT() REPRESENTATION_CONTEXT('2D SPACE',''
  ) );
#1271 = ORIENTED_EDGE('',*,*,#1272,.F.);
#1272 = EDGE_CURVE('',#1250,#1250,#1273,.T.);
#1273 = SURFACE_CURVE('',#1274,(#1279,#1286),.PCURVE_S1.);
#1274 = CIRCLE('',#1275,1.5);
#1275 = AXIS2_PLACEMENT_3D('',#1276,#1277,#1278);
#1276 = CARTESIAN_POINT('',(16.,11.,6.));
#1277 = DIRECTION('',(0.,-0.,-1.));
#1278 = DIRECTION('',(1.,0.,-0.));
#1279 = PCURVE('',#566,#1280);
#1280 = DEFINITIONAL_REPRESENTATION('',(#1281),#1285);
#1281 = LINE('',#1282,#1283);
#1282 = CARTESIAN_POINT('',(-6.28318530718,-6.));
#1283 = VECTOR('',#1284,1.);
#1284 = DIRECTION('',(1.,-0.));
#1285 = ( GEOMETRIC_REPRESENTATION_CONTEXT(2) 
PARAMETRIC_REPRESENTATION_CONTEXT() REPRESENTATION_CONTEXT('2D SPACE',''
  ) );
#1286 = PCURVE('',#1287,#1292);
#1287 = PLANE('',#1288);
#1288 = AXIS2_PLACEMENT_3D('',#1289,#1290,#1291);
#1289 = CARTESIAN_POINT('',(16.,11.,6.));
#1290 = DIRECTION('',(0.,0.,1.));
#1291 = DIRECTION('',(1.,0.,0.));
#1292 = DEFINITIONAL_REPRESENTATION('',(#1293),#1301);
#1293 = ( BOUNDED_CURVE() B_SPLINE_CURVE(2,(#1294,#1295,#1296,#1297,
#1298,#1299,#1300),.UNSPECIFIED.,.T.,.F.) B_SPLINE_CURVE_WITH_KNOTS((1,2
    ,2,2,2,1),(-2.094395102393,0.,2.094395102393,4.188790204786,
6.28318530718,8.377580409573),.UNSPECIFIED.) CURVE() 
GEOMETRIC_REPRESENTATION_ITEM() RATIONAL_B_SPLINE_CURVE((1.,0.5,1.,0.5,
1.,0.5,1.)) REPRESENTATION_ITEM('') );
#1294 = CARTESIAN_POINT('',(1.5,0.));
#1295 = CARTESIAN_POINT('',(1.5,-2.598076211353));
#1296 = CARTESIAN_POINT('',(-0.75,-1.299038105677));
#1297 = CARTESIAN_POINT('',(-3.,-3.673940397442E-16));
#1298 = CARTESIAN_POINT('',(-0.75,1.299038105677));
#1299 = CARTESIAN_POINT('',(1.5,2.598076211353));
#1300 = CARTESIAN_POINT('',(1.5,0.));
#1301 = ( GEOMETRIC_REPRESENTATION_CONTEXT(2) 
PARAMETRIC_REPRESENTATION_CONTEXT() REPRESENTATION_CONTEXT('2D SPACE',''
  ) );
#1302 = ORIENTED_EDGE('',*,*,#1249,.F.);
#1303 = ADVANCED_FACE('',(#1304),#732,.T.);
#1304 = FACE_BOUND('',#1305,.T.);
#1305 = EDGE_LOOP('',(#1306,#1329,#1362,#1383));
#1306 = ORIENTED_EDGE('',*,*,#1307,.T.);
#1307 = EDGE_CURVE('',#710,#1308,#1310,.T.);
#1308 = VERTEX_POINT('',#1309);
#1309 = CARTESIAN_POINT('',(-18.,-15.,7.));
#1310 = SURFACE_CURVE('',#1311,(#1315,#1322),.PCURVE_S1.);
#1311 = LINE('',#1312,#1313);
#1312 = CARTESIAN_POINT('',(-18.,-15.,6.));
#1313 = VECTOR('',#1314,1.);
#1314 = DIRECTION('',(0.,0.,1.));
#1315 = PCURVE('',#732,#1316);
#1316 = DEFINITIONAL_REPRESENTATION('',(#1317),#1321);
#1317 = LINE('',#1318,#1319);
#1318 = CARTESIAN_POINT('',(4.712388980385,0.));
#1319 = VECTOR('',#1320,1.);
#1320 = DIRECTION('',(0.,-1.));
#1321 = ( GEOMETRIC_REPRESENTATION_CONTEXT(2) 
PARAMETRIC_REPRESENTATION_CONTEXT() REPRESENTATION_CONTEXT('2D SPACE',''
  ) );
#1322 = PCURVE('',#941,#1323);
#1323 = DEFINITIONAL_REPRESENTATION('',(#1324),#1328);
#1324 = LINE('',#1325,#1326);
#1325 = CARTESIAN_POINT('',(0.,0.));
#1326 = VECTOR('',#1327,1.);
#1327 = DIRECTION('',(0.,-1.));
#1328 = ( GEOMETRIC_REPRESENTATION_CONTEXT(2) 
PARAMETRIC_REPRESENTATION_CONTEXT() REPRESENTATION_CONTEXT('2D SPACE',''
  ) );
#1329 = ORIENTED_EDGE('',*,*,#1330,.T.);
#1330 = EDGE_CURVE('',#1308,#1331,#1333,.T.);
#1331 = VERTEX_POINT('',#1332);
#1332 = CARTESIAN_POINT('',(-20.,-13.,7.));
#1333 = SURFACE_CURVE('',#1334,(#1339,#1346),.PCURVE_S1.);
#1334 = CIRCLE('',#1335,2.);
#1335 = AXIS2_PLACEMENT_3D('',#1336,#1337,#1338);
#1336 = CARTESIAN_POINT('',(-18.,-13.,7.));
#1337 = DIRECTION('',(0.,0.,-1.));
#1338 = DIRECTION('',(-1.,0.,0.));
#1339 = PCURVE('',#732,#1340);
#1340 = DEFINITIONAL_REPRESENTATION('',(#1341),#1345);
#1341 = LINE('',#1342,#1343);
#1342 = CARTESIAN_POINT('',(0.,-1.));
#1343 = VECTOR('',#1344,1.);
#1344 = DIRECTION('',(1.,0.));
#1345 = ( GEOMETRIC_REPRESENTATION_CONTEXT(2) 
PARAMETRIC_REPRESENTATION_CONTEXT() REPRESENTATION_CONTEXT('2D SPACE',''
  ) );
#1346 = PCURVE('',#1347,#1352);
#1347 = PLANE('',#1348);
#1348 = AXIS2_PLACEMENT_3D('',#1349,#1350,#1351);
#1349 = CARTESIAN_POINT('',(9.505270420235E-16,7.81255103033E-17,7.));
#1350 = DIRECTION('',(0.,0.,1.));
#1351 = DIRECTION('',(1.,0.,0.));
#1352 = DEFINITIONAL_REPRESENTATION('',(#1353),#1361);
#1353 = ( BOUNDED_CURVE() B_SPLINE_CURVE(2,(#1354,#1355,#1356,#1357,
#1358,#1359,#1360),.UNSPECIFIED.,.T.,.F.) B_SPLINE_CURVE_WITH_KNOTS((1,2
    ,2,2,2,1),(-2.094395102393,0.,2.094395102393,4.188790204786,
6.28318530718,8.377580409573),.UNSPECIFIED.) CURVE() 
GEOMETRIC_REPRESENTATION_ITEM() RATIONAL_B_SPLINE_CURVE((1.,0.5,1.,0.5,
1.,0.5,1.)) REPRESENTATION_ITEM('') );
#1354 = CARTESIAN_POINT('',(-20.,-13.));
#1355 = CARTESIAN_POINT('',(-20.,-9.535898384862));
#1356 = CARTESIAN_POINT('',(-17.,-11.26794919243));
#1357 = CARTESIAN_POINT('',(-14.,-13.));
#1358 = CARTESIAN_POINT('',(-17.,-14.73205080756));
#1359 = CARTESIAN_POINT('',(-20.,-16.46410161513));
#1360 = CARTESIAN_POINT('',(-20.,-13.));
#1361 = ( GEOMETRIC_REPRESENTATION_CONTEXT(2) 
PARAMETRIC_REPRESENTATION_CONTEXT() REPRESENTATION_CONTEXT('2D SPACE',''
  ) );
#1362 = ORIENTED_EDGE('',*,*,#1363,.F.);
#1363 = EDGE_CURVE('',#712,#1331,#1364,.T.);
#1364 = SURFACE_CURVE('',#1365,(#1369,#1376),.PCURVE_S1.);
#1365 = LINE('',#1366,#1367);
#1366 = CARTESIAN_POINT('',(-20.,-13.,6.));
#1367 = VECTOR('',#1368,1.);
#1368 = DIRECTION('',(0.,0.,1.));
#1369 = PCURVE('',#732,#1370);
#1370 = DEFINITIONAL_REPRESENTATION('',(#1371),#1375);
#1371 = LINE('',#1372,#1373);
#1372 = CARTESIAN_POINT('',(6.28318530718,0.));
#1373 = VECTOR('',#1374,1.);
#1374 = DIRECTION('',(0.,-1.));
#1375 = ( GEOMETRIC_REPRESENTATION_CONTEXT(2) 
PARAMETRIC_REPRESENTATION_CONTEXT() REPRESENTATION_CONTEXT('2D SPACE',''
  ) );
#1376 = PCURVE('',#760,#1377);
#1377 = DEFINITIONAL_REPRESENTATION('',(#1378),#1382);
#1378 = LINE('',#1379,#1380);
#1379 = CARTESIAN_POINT('',(0.,0.));
#1380 = VECTOR('',#1381,1.);
#1381 = DIRECTION('',(0.,-1.));
#1382 = ( GEOMETRIC_REPRESENTATION_CONTEXT(2) 
PARAMETRIC_REPRESENTATION_CONTEXT() REPRESENTATION_CONTEXT('2D SPACE',''
  ) );
#1383 = ORIENTED_EDGE('',*,*,#709,.F.);
#1384 = ADVANCED_FACE('',(#1385),#941,.F.);
#1385 = FACE_BOUND('',#1386,.F.);
#1386 = EDGE_LOOP('',(#1387,#1388,#1411,#1432));
#1387 = ORIENTED_EDGE('',*,*,#1307,.T.);
#1388 = ORIENTED_EDGE('',*,*,#1389,.T.);
#1389 = EDGE_CURVE('',#1308,#1390,#1392,.T.);
#1390 = VERTEX_POINT('',#1391);
#1391 = CARTESIAN_POINT('',(18.,-15.,7.));
#1392 = SURFACE_CURVE('',#1393,(#1397,#1404),.PCURVE_S1.);
#1393 = LINE('',#1394,#1395);
#1394 = CARTESIAN_POINT('',(0.,-15.,7.));
#1395 = VECTOR('',#1396,1.);
#1396 = DIRECTION('',(1.,0.,0.));
#1397 = PCURVE('',#941,#1398);
#1398 = DEFINITIONAL_REPRESENTATION('',(#1399),#1403);
#1399 = LINE('',#1400,#1401);
#1400 = CARTESIAN_POINT('',(18.,-1.));
#1401 = VECTOR('',#1402,1.);
#1402 = DIRECTION('',(1.,0.));
#1403 = ( GEOMETRIC_REPRESENTATION_CONTEXT(2) 
PARAMETRIC_REPRESENTATION_CONTEXT() REPRESENTATION_CONTEXT('2D SPACE',''
  ) );
#1404 = PCURVE('',#1347,#1405);
#1405 = DEFINITIONAL_REPRESENTATION('',(#1406),#1410);
#1406 = LINE('',#1407,#1408);
#1407 = CARTESIAN_POINT('',(-9.505270420235E-16,-15.));
#1408 = VECTOR('',#1409,1.);
#1409 = DIRECTION('',(1.,0.));
#1410 = ( GEOMETRIC_REPRESENTATION_CONTEXT(2) 
PARAMETRIC_REPRESENTATION_CONTEXT() REPRESENTATION_CONTEXT('2D SPACE',''
  ) );
#1411 = ORIENTED_EDGE('',*,*,#1412,.F.);
#1412 = EDGE_CURVE('',#895,#1390,#1413,.T.);
#1413 = SURFACE_CURVE('',#1414,(#1418,#1425),.PCURVE_S1.);
#1414 = LINE('',#1415,#1416);
#1415 = CARTESIAN_POINT('',(18.,-15.,6.));
#1416 = VECTOR('',#1417,1.);
#1417 = DIRECTION('',(0.,0.,1.));
#1418 = PCURVE('',#941,#1419);
#1419 = DEFINITIONAL_REPRESENTATION('',(#1420),#1424);
#1420 = LINE('',#1421,#1422);
#1421 = CARTESIAN_POINT('',(36.,0.));
#1422 = VECTOR('',#1423,1.);
#1423 = DIRECTION('',(0.,-1.));
#1424 = ( GEOMETRIC_REPRESENTATION_CONTEXT(2) 
PARAMETRIC_REPRESENTATION_CONTEXT() REPRESENTATION_CONTEXT('2D SPACE',''
  ) );
#1425 = PCURVE('',#915,#1426);
#1426 = DEFINITIONAL_REPRESENTATION('',(#1427),#1431);
#1427 = LINE('',#1428,#1429);
#1428 = CARTESIAN_POINT('',(4.712388980385,0.));
#1429 = VECTOR('',#1430,1.);
#1430 = DIRECTION('',(0.,-1.));
#1431 = ( GEOMETRIC_REPRESENTATION_CONTEXT(2) 
PARAMETRIC_REPRESENTATION_CONTEXT() REPRESENTATION_CONTEXT('2D SPACE',''
  ) );
#1432 = ORIENTED_EDGE('',*,*,#927,.F.);
#1433 = ADVANCED_FACE('',(#1434),#915,.T.);
#1434 = FACE_BOUND('',#1435,.T.);
#1435 = EDGE_LOOP('',(#1436,#1459,#1485,#1486));
#1436 = ORIENTED_EDGE('',*,*,#1437,.T.);
#1437 = EDGE_CURVE('',#867,#1438,#1440,.T.);
#1438 = VERTEX_POINT('',#1439);
#1439 = CARTESIAN_POINT('',(20.,-13.,7.));
#1440 = SURFACE_CURVE('',#1441,(#1445,#1452),.PCURVE_S1.);
#1441 = LINE('',#1442,#1443);
#1442 = CARTESIAN_POINT('',(20.,-13.,6.));
#1443 = VECTOR('',#1444,1.);
#1444 = DIRECTION('',(0.,0.,1.));
#1445 = PCURVE('',#915,#1446);
#1446 = DEFINITIONAL_REPRESENTATION('',(#1447),#1451);
#1447 = LINE('',#1448,#1449);
#1448 = CARTESIAN_POINT('',(3.14159265359,0.));
#1449 = VECTOR('',#1450,1.);
#1450 = DIRECTION('',(0.,-1.));
#1451 = ( GEOMETRIC_REPRESENTATION_CONTEXT(2) 
PARAMETRIC_REPRESENTATION_CONTEXT() REPRESENTATION_CONTEXT('2D SPACE',''
  ) );
#1452 = PCURVE('',#882,#1453);
#1453 = DEFINITIONAL_REPRESENTATION('',(#1454),#1458);
#1454 = LINE('',#1455,#1456);
#1455 = CARTESIAN_POINT('',(0.,0.));
#1456 = VECTOR('',#1457,1.);
#1457 = DIRECTION('',(0.,-1.));
#1458 = ( GEOMETRIC_REPRESENTATION_CONTEXT(2) 
PARAMETRIC_REPRESENTATION_CONTEXT() REPRESENTATION_CONTEXT('2D SPACE',''
  ) );
#1459 = ORIENTED_EDGE('',*,*,#1460,.T.);
#1460 = EDGE_CURVE('',#1438,#1390,#1461,.T.);
#1461 = SURFACE_CURVE('',#1462,(#1467,#1474),.PCURVE_S1.);
#1462 = CIRCLE('',#1463,2.);
#1463 = AXIS2_PLACEMENT_3D('',#1464,#1465,#1466);
#1464 = CARTESIAN_POINT('',(18.,-13.,7.));
#1465 = DIRECTION('',(0.,0.,-1.));
#1466 = DIRECTION('',(-1.,0.,0.));
#1467 = PCURVE('',#915,#1468);
#1468 = DEFINITIONAL_REPRESENTATION('',(#1469),#1473);
#1469 = LINE('',#1470,#1471);
#1470 = CARTESIAN_POINT('',(0.,-1.));
#1471 = VECTOR('',#1472,1.);
#1472 = DIRECTION('',(1.,0.));
#1473 = ( GEOMETRIC_REPRESENTATION_CONTEXT(2) 
PARAMETRIC_REPRESENTATION_CONTEXT() REPRESENTATION_CONTEXT('2D SPACE',''
  ) );
#1474 = PCURVE('',#1347,#1475);
#1475 = DEFINITIONAL_REPRESENTATION('',(#1476),#1484);
#1476 = ( BOUNDED_CURVE() B_SPLINE_CURVE(2,(#1477,#1478,#1479,#1480,
#1481,#1482,#1483),.UNSPECIFIED.,.T.,.F.) B_SPLINE_CURVE_WITH_KNOTS((1,2
    ,2,2,2,1),(-2.094395102393,0.,2.094395102393,4.188790204786,
6.28318530718,8.377580409573),.UNSPECIFIED.) CURVE() 
GEOMETRIC_REPRESENTATION_ITEM() RATIONAL_B_SPLINE_CURVE((1.,0.5,1.,0.5,
1.,0.5,1.)) REPRESENTATION_ITEM('') );
#1477 = CARTESIAN_POINT('',(16.,-13.));
#1478 = CARTESIAN_POINT('',(16.,-9.535898384862));
#1479 = CARTESIAN_POINT('',(19.,-11.26794919243));
#1480 = CARTESIAN_POINT('',(22.,-13.));
#1481 = CARTESIAN_POINT('',(19.,-14.73205080756));
#1482 = CARTESIAN_POINT('',(16.,-16.46410161513));
#1483 = CARTESIAN_POINT('',(16.,-13.));
#1484 = ( GEOMETRIC_REPRESENTATION_CONTEXT(2) 
PARAMETRIC_REPRESENTATION_CONTEXT() REPRESENTATION_CONTEXT('2D SPACE',''
  ) );
#1485 = ORIENTED_EDGE('',*,*,#1412,.F.);
#1486 = ORIENTED_EDGE('',*,*,#894,.F.);
#1487 = ADVANCED_FACE('',(#1488),#882,.F.);
#1488 = FACE_BOUND('',#1489,.F.);
#1489 = EDGE_LOOP('',(#1490,#1491,#1514,#1535));
#1490 = ORIENTED_EDGE('',*,*,#1437,.T.);
#1491 = ORIENTED_EDGE('',*,*,#1492,.T.);
#1492 = EDGE_CURVE('',#1438,#1493,#1495,.T.);
#1493 = VERTEX_POINT('',#1494);
#1494 = CARTESIAN_POINT('',(20.,13.,7.));
#1495 = SURFACE_CURVE('',#1496,(#1500,#1507),.PCURVE_S1.);
#1496 = LINE('',#1497,#1498);
#1497 = CARTESIAN_POINT('',(20.,0.,7.));
#1498 = VECTOR('',#1499,1.);
#1499 = DIRECTION('',(0.,1.,0.));
#1500 = PCURVE('',#882,#1501);
#1501 = DEFINITIONAL_REPRESENTATION('',(#1502),#1506);
#1502 = LINE('',#1503,#1504);
#1503 = CARTESIAN_POINT('',(13.,-1.));
#1504 = VECTOR('',#1505,1.);
#1505 = DIRECTION('',(1.,0.));
#1506 = ( GEOMETRIC_REPRESENTATION_CONTEXT(2) 
PARAMETRIC_REPRESENTATION_CONTEXT() REPRESENTATION_CONTEXT('2D SPACE',''
  ) );
#1507 = PCURVE('',#1347,#1508);
#1508 = DEFINITIONAL_REPRESENTATION('',(#1509),#1513);
#1509 = LINE('',#1510,#1511);
#1510 = CARTESIAN_POINT('',(20.,-7.81255103033E-17));
#1511 = VECTOR('',#1512,1.);
#1512 = DIRECTION('',(0.,1.));
#1513 = ( GEOMETRIC_REPRESENTATION_CONTEXT(2) 
PARAMETRIC_REPRESENTATION_CONTEXT() REPRESENTATION_CONTEXT('2D SPACE',''
  ) );
#1514 = ORIENTED_EDGE('',*,*,#1515,.F.);
#1515 = EDGE_CURVE('',#834,#1493,#1516,.T.);
#1516 = SURFACE_CURVE('',#1517,(#1521,#1528),.PCURVE_S1.);
#1517 = LINE('',#1518,#1519);
#1518 = CARTESIAN_POINT('',(20.,13.,6.));
#1519 = VECTOR('',#1520,1.);
#1520 = DIRECTION('',(0.,0.,1.));
#1521 = PCURVE('',#882,#1522);
#1522 = DEFINITIONAL_REPRESENTATION('',(#1523),#1527);
#1523 = LINE('',#1524,#1525);
#1524 = CARTESIAN_POINT('',(26.,0.));
#1525 = VECTOR('',#1526,1.);
#1526 = DIRECTION('',(0.,-1.));
#1527 = ( GEOMETRIC_REPRESENTATION_CONTEXT(2) 
PARAMETRIC_REPRESENTATION_CONTEXT() REPRESENTATION_CONTEXT('2D SPACE',''
  ) );
#1528 = PCURVE('',#854,#1529);
#1529 = DEFINITIONAL_REPRESENTATION('',(#1530),#1534);
#1530 = LINE('',#1531,#1532);
#1531 = CARTESIAN_POINT('',(3.14159265359,0.));
#1532 = VECTOR('',#1533,1.);
#1533 = DIRECTION('',(0.,-1.));
#1534 = ( GEOMETRIC_REPRESENTATION_CONTEXT(2) 
PARAMETRIC_REPRESENTATION_CONTEXT() REPRESENTATION_CONTEXT('2D SPACE',''
  ) );
#1535 = ORIENTED_EDGE('',*,*,#866,.F.);
#1536 = ADVANCED_FACE('',(#1537),#854,.T.);
#1537 = FACE_BOUND('',#1538,.T.);
#1538 = EDGE_LOOP('',(#1539,#1562,#1588,#1589));
#1539 = ORIENTED_EDGE('',*,*,#1540,.T.);
#1540 = EDGE_CURVE('',#806,#1541,#1543,.T.);
#1541 = VERTEX_POINT('',#1542);
#1542 = CARTESIAN_POINT('',(18.,15.,7.));
#1543 = SURFACE_CURVE('',#1544,(#1548,#1555),.PCURVE_S1.);
#1544 = LINE('',#1545,#1546);
#1545 = CARTESIAN_POINT('',(18.,15.,6.));
#1546 = VECTOR('',#1547,1.);
#1547 = DIRECTION('',(0.,0.,1.));
#1548 = PCURVE('',#854,#1549);
#1549 = DEFINITIONAL_REPRESENTATION('',(#1550),#1554);
#1550 = LINE('',#1551,#1552);
#1551 = CARTESIAN_POINT('',(1.570796326795,0.));
#1552 = VECTOR('',#1553,1.);
#1553 = DIRECTION('',(0.,-1.));
#1554 = ( GEOMETRIC_REPRESENTATION_CONTEXT(2) 
PARAMETRIC_REPRESENTATION_CONTEXT() REPRESENTATION_CONTEXT('2D SPACE',''
  ) );
#1555 = PCURVE('',#821,#1556);
#1556 = DEFINITIONAL_REPRESENTATION('',(#1557),#1561);
#1557 = LINE('',#1558,#1559);
#1558 = CARTESIAN_POINT('',(36.,0.));
#1559 = VECTOR('',#1560,1.);
#1560 = DIRECTION('',(0.,-1.));
#1561 = ( GEOMETRIC_REPRESENTATION_CONTEXT(2) 
PARAMETRIC_REPRESENTATION_CONTEXT() REPRESENTATION_CONTEXT('2D SPACE',''
  ) );
#1562 = ORIENTED_EDGE('',*,*,#1563,.T.);
#1563 = EDGE_CURVE('',#1541,#1493,#1564,.T.);
#1564 = SURFACE_CURVE('',#1565,(#1570,#1577),.PCURVE_S1.);
#1565 = CIRCLE('',#1566,2.);
#1566 = AXIS2_PLACEMENT_3D('',#1567,#1568,#1569);
#1567 = CARTESIAN_POINT('',(18.,13.,7.));
#1568 = DIRECTION('',(0.,0.,-1.));
#1569 = DIRECTION('',(-1.,0.,0.));
#1570 = PCURVE('',#854,#1571);
#1571 = DEFINITIONAL_REPRESENTATION('',(#1572),#1576);
#1572 = LINE('',#1573,#1574);
#1573 = CARTESIAN_POINT('',(0.,-1.));
#1574 = VECTOR('',#1575,1.);
#1575 = DIRECTION('',(1.,0.));
#1576 = ( GEOMETRIC_REPRESENTATION_CONTEXT(2) 
PARAMETRIC_REPRESENTATION_CONTEXT() REPRESENTATION_CONTEXT('2D SPACE',''
  ) );
#1577 = PCURVE('',#1347,#1578);
#1578 = DEFINITIONAL_REPRESENTATION('',(#1579),#1587);
#1579 = ( BOUNDED_CURVE() B_SPLINE_CURVE(2,(#1580,#1581,#1582,#1583,
#1584,#1585,#1586),.UNSPECIFIED.,.T.,.F.) B_SPLINE_CURVE_WITH_KNOTS((1,2
    ,2,2,2,1),(-2.094395102393,0.,2.094395102393,4.188790204786,
6.28318530718,8.377580409573),.UNSPECIFIED.) CURVE() 
GEOMETRIC_REPRESENTATION_ITEM() RATIONAL_B_SPLINE_CURVE((1.,0.5,1.,0.5,
1.,0.5,1.)) REPRESENTATION_ITEM('') );
#1580 = CARTESIAN_POINT('',(16.,13.));
#1581 = CARTESIAN_POINT('',(16.,16.464101615138));
#1582 = CARTESIAN_POINT('',(19.,14.732050807569));
#1583 = CARTESIAN_POINT('',(22.,13.));
#1584 = CARTESIAN_POINT('',(19.,11.267949192431));
#1585 = CARTESIAN_POINT('',(16.,9.535898384862));
#1586 = CARTESIAN_POINT('',(16.,13.));
#1587 = ( GEOMETRIC_REPRESENTATION_CONTEXT(2) 
PARAMETRIC_REPRESENTATION_CONTEXT() REPRESENTATION_CONTEXT('2D SPACE',''
  ) );
#1588 = ORIENTED_EDGE('',*,*,#1515,.F.);
#1589 = ORIENTED_EDGE('',*,*,#833,.F.);
#1590 = ADVANCED_FACE('',(#1591),#821,.T.);
#1591 = FACE_BOUND('',#1592,.T.);
#1592 = EDGE_LOOP('',(#1593,#1616,#1637,#1638));
#1593 = ORIENTED_EDGE('',*,*,#1594,.T.);
#1594 = EDGE_CURVE('',#773,#1595,#1597,.T.);
#1595 = VERTEX_POINT('',#1596);
#1596 = CARTESIAN_POINT('',(-18.,15.,7.));
#1597 = SURFACE_CURVE('',#1598,(#1602,#1609),.PCURVE_S1.);
#1598 = LINE('',#1599,#1600);
#1599 = CARTESIAN_POINT('',(-18.,15.,6.));
#1600 = VECTOR('',#1601,1.);
#1601 = DIRECTION('',(0.,0.,1.));
#1602 = PCURVE('',#821,#1603);
#1603 = DEFINITIONAL_REPRESENTATION('',(#1604),#1608);
#1604 = LINE('',#1605,#1606);
#1605 = CARTESIAN_POINT('',(0.,0.));
#1606 = VECTOR('',#1607,1.);
#1607 = DIRECTION('',(0.,-1.));
#1608 = ( GEOMETRIC_REPRESENTATION_CONTEXT(2) 
PARAMETRIC_REPRESENTATION_CONTEXT() REPRESENTATION_CONTEXT('2D SPACE',''
  ) );
#1609 = PCURVE('',#793,#1610);
#1610 = DEFINITIONAL_REPRESENTATION('',(#1611),#1615);
#1611 = LINE('',#1612,#1613);
#1612 = CARTESIAN_POINT('',(1.570796326795,0.));
#1613 = VECTOR('',#1614,1.);
#1614 = DIRECTION('',(0.,-1.));
#1615 = ( GEOMETRIC_REPRESENTATION_CONTEXT(2) 
PARAMETRIC_REPRESENTATION_CONTEXT() REPRESENTATION_CONTEXT('2D SPACE',''
  ) );
#1616 = ORIENTED_EDGE('',*,*,#1617,.T.);
#1617 = EDGE_CURVE('',#1595,#1541,#1618,.T.);
#1618 = SURFACE_CURVE('',#1619,(#1623,#1630),.PCURVE_S1.);
#1619 = LINE('',#1620,#1621);
#1620 = CARTESIAN_POINT('',(0.,15.,7.));
#1621 = VECTOR('',#1622,1.);
#1622 = DIRECTION('',(1.,0.,0.));
#1623 = PCURVE('',#821,#1624);
#1624 = DEFINITIONAL_REPRESENTATION('',(#1625),#1629);
#1625 = LINE('',#1626,#1627);
#1626 = CARTESIAN_POINT('',(18.,-1.));
#1627 = VECTOR('',#1628,1.);
#1628 = DIRECTION('',(1.,0.));
#1629 = ( GEOMETRIC_REPRESENTATION_CONTEXT(2) 
PARAMETRIC_REPRESENTATION_CONTEXT() REPRESENTATION_CONTEXT('2D SPACE',''
  ) );
#1630 = PCURVE('',#1347,#1631);
#1631 = DEFINITIONAL_REPRESENTATION('',(#1632),#1636);
#1632 = LINE('',#1633,#1634);
#1633 = CARTESIAN_POINT('',(-9.505270420235E-16,15.));
#1634 = VECTOR('',#1635,1.);
#1635 = DIRECTION('',(1.,0.));
#1636 = ( GEOMETRIC_REPRESENTATION_CONTEXT(2) 
PARAMETRIC_REPRESENTATION_CONTEXT() REPRESENTATION_CONTEXT('2D SPACE',''
  ) );
#1637 = ORIENTED_EDGE('',*,*,#1540,.F.);
#1638 = ORIENTED_EDGE('',*,*,#805,.F.);
#1639 = ADVANCED_FACE('',(#1640),#793,.T.);
#1640 = FACE_BOUND('',#1641,.T.);
#1641 = EDGE_LOOP('',(#1642,#1665,#1691,#1692));
#1642 = ORIENTED_EDGE('',*,*,#1643,.T.);
#1643 = EDGE_CURVE('',#745,#1644,#1646,.T.);
#1644 = VERTEX_POINT('',#1645);
#1645 = CARTESIAN_POINT('',(-20.,13.,7.));
#1646 = SURFACE_CURVE('',#1647,(#1651,#1658),.PCURVE_S1.);
#1647 = LINE('',#1648,#1649);
#1648 = CARTESIAN_POINT('',(-20.,13.,6.));
#1649 = VECTOR('',#1650,1.);
#1650 = DIRECTION('',(0.,0.,1.));
#1651 = PCURVE('',#793,#1652);
#1652 = DEFINITIONAL_REPRESENTATION('',(#1653),#1657);
#1653 = LINE('',#1654,#1655);
#1654 = CARTESIAN_POINT('',(0.,0.));
#1655 = VECTOR('',#1656,1.);
#1656 = DIRECTION('',(0.,-1.));
#1657 = ( GEOMETRIC_REPRESENTATION_CONTEXT(2) 
PARAMETRIC_REPRESENTATION_CONTEXT() REPRESENTATION_CONTEXT('2D SPACE',''
  ) );
#1658 = PCURVE('',#760,#1659);
#1659 = DEFINITIONAL_REPRESENTATION('',(#1660),#1664);
#1660 = LINE('',#1661,#1662);
#1661 = CARTESIAN_POINT('',(26.,0.));
#1662 = VECTOR('',#1663,1.);
#1663 = DIRECTION('',(0.,-1.));
#1664 = ( GEOMETRIC_REPRESENTATION_CONTEXT(2) 
PARAMETRIC_REPRESENTATION_CONTEXT() REPRESENTATION_CONTEXT('2D SPACE',''
  ) );
#1665 = ORIENTED_EDGE('',*,*,#1666,.T.);
#1666 = EDGE_CURVE('',#1644,#1595,#1667,.T.);
#1667 = SURFACE_CURVE('',#1668,(#1673,#1680),.PCURVE_S1.);
#1668 = CIRCLE('',#1669,2.);
#1669 = AXIS2_PLACEMENT_3D('',#1670,#1671,#1672);
#1670 = CARTESIAN_POINT('',(-18.,13.,7.));
#1671 = DIRECTION('',(0.,0.,-1.));
#1672 = DIRECTION('',(-1.,0.,0.));
#1673 = PCURVE('',#793,#1674);
#1674 = DEFINITIONAL_REPRESENTATION('',(#1675),#1679);
#1675 = LINE('',#1676,#1677);
#1676 = CARTESIAN_POINT('',(0.,-1.));
#1677 = VECTOR('',#1678,1.);
#1678 = DIRECTION('',(1.,0.));
#1679 = ( GEOMETRIC_REPRESENTATION_CONTEXT(2) 
PARAMETRIC_REPRESENTATION_CONTEXT() REPRESENTATION_CONTEXT('2D SPACE',''
  ) );
#1680 = PCURVE('',#1347,#1681);
#1681 = DEFINITIONAL_REPRESENTATION('',(#1682),#1690);
#1682 = ( BOUNDED_CURVE() B_SPLINE_CURVE(2,(#1683,#1684,#1685,#1686,
#1687,#1688,#1689),.UNSPECIFIED.,.T.,.F.) B_SPLINE_CURVE_WITH_KNOTS((1,2
    ,2,2,2,1),(-2.094395102393,0.,2.094395102393,4.188790204786,
6.28318530718,8.377580409573),.UNSPECIFIED.) CURVE() 
GEOMETRIC_REPRESENTATION_ITEM() RATIONAL_B_SPLINE_CURVE((1.,0.5,1.,0.5,
1.,0.5,1.)) REPRESENTATION_ITEM('') );
#1683 = CARTESIAN_POINT('',(-20.,13.));
#1684 = CARTESIAN_POINT('',(-20.,16.464101615138));
#1685 = CARTESIAN_POINT('',(-17.,14.732050807569));
#1686 = CARTESIAN_POINT('',(-14.,13.));
#1687 = CARTESIAN_POINT('',(-17.,11.267949192431));
#1688 = CARTESIAN_POINT('',(-20.,9.535898384862));
#1689 = CARTESIAN_POINT('',(-20.,13.));
#1690 = ( GEOMETRIC_REPRESENTATION_CONTEXT(2) 
PARAMETRIC_REPRESENTATION_CONTEXT() REPRESENTATION_CONTEXT('2D SPACE',''
  ) );
#1691 = ORIENTED_EDGE('',*,*,#1594,.F.);
#1692 = ORIENTED_EDGE('',*,*,#772,.F.);
#1693 = ADVANCED_FACE('',(#1694),#760,.T.);
#1694 = FACE_BOUND('',#1695,.T.);
#1695 = EDGE_LOOP('',(#1696,#1697,#1718,#1719));
#1696 = ORIENTED_EDGE('',*,*,#1363,.T.);
#1697 = ORIENTED_EDGE('',*,*,#1698,.T.);
#1698 = EDGE_CURVE('',#1331,#1644,#1699,.T.);
#1699 = SURFACE_CURVE('',#1700,(#1704,#1711),.PCURVE_S1.);
#1700 = LINE('',#1701,#1702);
#1701 = CARTESIAN_POINT('',(-20.,0.,7.));
#1702 = VECTOR('',#1703,1.);
#1703 = DIRECTION('',(0.,1.,0.));
#1704 = PCURVE('',#760,#1705);
#1705 = DEFINITIONAL_REPRESENTATION('',(#1706),#1710);
#1706 = LINE('',#1707,#1708);
#1707 = CARTESIAN_POINT('',(13.,-1.));
#1708 = VECTOR('',#1709,1.);
#1709 = DIRECTION('',(1.,0.));
#1710 = ( GEOMETRIC_REPRESENTATION_CONTEXT(2) 
PARAMETRIC_REPRESENTATION_CONTEXT() REPRESENTATION_CONTEXT('2D SPACE',''
  ) );
#1711 = PCURVE('',#1347,#1712);
#1712 = DEFINITIONAL_REPRESENTATION('',(#1713),#1717);
#1713 = LINE('',#1714,#1715);
#1714 = CARTESIAN_POINT('',(-20.,-7.81255103033E-17));
#1715 = VECTOR('',#1716,1.);
#1716 = DIRECTION('',(0.,1.));
#1717 = ( GEOMETRIC_REPRESENTATION_CONTEXT(2) 
PARAMETRIC_REPRESENTATION_CONTEXT() REPRESENTATION_CONTEXT('2D SPACE',''
  ) );
#1718 = ORIENTED_EDGE('',*,*,#1643,.F.);
#1719 = ORIENTED_EDGE('',*,*,#744,.F.);
#1720 = ADVANCED_FACE('',(#1721,#1752),#1110,.T.);
#1721 = FACE_BOUND('',#1722,.T.);
#1722 = EDGE_LOOP('',(#1723));
#1723 = ORIENTED_EDGE('',*,*,#1724,.T.);
#1724 = EDGE_CURVE('',#1725,#1725,#1727,.T.);
#1725 = VERTEX_POINT('',#1726);
#1726 = CARTESIAN_POINT('',(-13.,-11.,6.));
#1727 = SURFACE_CURVE('',#1728,(#1733,#1740),.PCURVE_S1.);
#1728 = CIRCLE('',#1729,3.);
#1729 = AXIS2_PLACEMENT_3D('',#1730,#1731,#1732);
#1730 = CARTESIAN_POINT('',(-16.,-11.,6.));
#1731 = DIRECTION('',(0.,0.,1.));
#1732 = DIRECTION('',(1.,0.,0.));
#1733 = PCURVE('',#1110,#1734);
#1734 = DEFINITIONAL_REPRESENTATION('',(#1735),#1739);
#1735 = CIRCLE('',#1736,3.);
#1736 = AXIS2_PLACEMENT_2D('',#1737,#1738);
#1737 = CARTESIAN_POINT('',(2.279066887566E-16,8.51133553645E-18));
#1738 = DIRECTION('',(1.,0.));
#1739 = ( GEOMETRIC_REPRESENTATION_CONTEXT(2) 
PARAMETRIC_REPRESENTATION_CONTEXT() REPRESENTATION_CONTEXT('2D SPACE',''
  ) );
#1740 = PCURVE('',#1741,#1746);
#1741 = CYLINDRICAL_SURFACE('',#1742,3.);
#1742 = AXIS2_PLACEMENT_3D('',#1743,#1744,#1745);
#1743 = CARTESIAN_POINT('',(-16.,-11.,7.));
#1744 = DIRECTION('',(0.,0.,1.));
#1745 = DIRECTION('',(1.,0.,0.));
#1746 = DEFINITIONAL_REPRESENTATION('',(#1747),#1751);
#1747 = LINE('',#1748,#1749);
#1748 = CARTESIAN_POINT('',(0.,-1.));
#1749 = VECTOR('',#1750,1.);
#1750 = DIRECTION('',(1.,0.));
#1751 = ( GEOMETRIC_REPRESENTATION_CONTEXT(2) 
PARAMETRIC_REPRESENTATION_CONTEXT() REPRESENTATION_CONTEXT('2D SPACE',''
  ) );
#1752 = FACE_BOUND('',#1753,.T.);
#1753 = EDGE_LOOP('',(#1754));
#1754 = ORIENTED_EDGE('',*,*,#1095,.T.);
#1755 = ADVANCED_FACE('',(#1756,#1787),#1169,.T.);
#1756 = FACE_BOUND('',#1757,.T.);
#1757 = EDGE_LOOP('',(#1758));
#1758 = ORIENTED_EDGE('',*,*,#1759,.T.);
#1759 = EDGE_CURVE('',#1760,#1760,#1762,.T.);
#1760 = VERTEX_POINT('',#1761);
#1761 = CARTESIAN_POINT('',(19.,-11.,6.));
#1762 = SURFACE_CURVE('',#1763,(#1768,#1775),.PCURVE_S1.);
#1763 = CIRCLE('',#1764,3.);
#1764 = AXIS2_PLACEMENT_3D('',#1765,#1766,#1767);
#1765 = CARTESIAN_POINT('',(16.,-11.,6.));
#1766 = DIRECTION('',(0.,0.,1.));
#1767 = DIRECTION('',(1.,0.,0.));
#1768 = PCURVE('',#1169,#1769);
#1769 = DEFINITIONAL_REPRESENTATION('',(#1770),#1774);
#1770 = CIRCLE('',#1771,3.);
#1771 = AXIS2_PLACEMENT_2D('',#1772,#1773);
#1772 = CARTESIAN_POINT('',(2.279066887566E-16,8.51133553645E-18));
#1773 = DIRECTION('',(1.,0.));
#1774 = ( GEOMETRIC_REPRESENTATION_CONTEXT(2) 
PARAMETRIC_REPRESENTATION_CONTEXT() REPRESENTATION_CONTEXT('2D SPACE',''
  ) );
#1775 = PCURVE('',#1776,#1781);
#1776 = CYLINDRICAL_SURFACE('',#1777,3.);
#1777 = AXIS2_PLACEMENT_3D('',#1778,#1779,#1780);
#1778 = CARTESIAN_POINT('',(16.,-11.,7.));
#1779 = DIRECTION('',(0.,0.,1.));
#1780 = DIRECTION('',(1.,0.,0.));
#1781 = DEFINITIONAL_REPRESENTATION('',(#1782),#1786);
#1782 = LINE('',#1783,#1784);
#1783 = CARTESIAN_POINT('',(0.,-1.));
#1784 = VECTOR('',#1785,1.);
#1785 = DIRECTION('',(1.,0.));
#1786 = ( GEOMETRIC_REPRESENTATION_CONTEXT(2) 
PARAMETRIC_REPRESENTATION_CONTEXT() REPRESENTATION_CONTEXT('2D SPACE',''
  ) );
#1787 = FACE_BOUND('',#1788,.T.);
#1788 = EDGE_LOOP('',(#1789));
#1789 = ORIENTED_EDGE('',*,*,#1154,.T.);
#1790 = ADVANCED_FACE('',(#1791,#1822),#1228,.T.);
#1791 = FACE_BOUND('',#1792,.T.);
#1792 = EDGE_LOOP('',(#1793));
#1793 = ORIENTED_EDGE('',*,*,#1794,.T.);
#1794 = EDGE_CURVE('',#1795,#1795,#1797,.T.);
#1795 = VERTEX_POINT('',#1796);
#1796 = CARTESIAN_POINT('',(-13.,11.,6.));
#1797 = SURFACE_CURVE('',#1798,(#1803,#1810),.PCURVE_S1.);
#1798 = CIRCLE('',#1799,3.);
#1799 = AXIS2_PLACEMENT_3D('',#1800,#1801,#1802);
#1800 = CARTESIAN_POINT('',(-16.,11.,6.));
#1801 = DIRECTION('',(0.,0.,1.));
#1802 = DIRECTION('',(1.,0.,0.));
#1803 = PCURVE('',#1228,#1804);
#1804 = DEFINITIONAL_REPRESENTATION('',(#1805),#1809);
#1805 = CIRCLE('',#1806,3.);
#1806 = AXIS2_PLACEMENT_2D('',#1807,#1808);
#1807 = CARTESIAN_POINT('',(2.279066887566E-16,8.51133553645E-18));
#1808 = DIRECTION('',(1.,0.));
#1809 = ( GEOMETRIC_REPRESENTATION_CONTEXT(2) 
PARAMETRIC_REPRESENTATION_CONTEXT() REPRESENTATION_CONTEXT('2D SPACE',''
  ) );
#1810 = PCURVE('',#1811,#1816);
#1811 = CYLINDRICAL_SURFACE('',#1812,3.);
#1812 = AXIS2_PLACEMENT_3D('',#1813,#1814,#1815);
#1813 = CARTESIAN_POINT('',(-16.,11.,7.));
#1814 = DIRECTION('',(0.,0.,1.));
#1815 = DIRECTION('',(1.,0.,0.));
#1816 = DEFINITIONAL_REPRESENTATION('',(#1817),#1821);
#1817 = LINE('',#1818,#1819);
#1818 = CARTESIAN_POINT('',(0.,-1.));
#1819 = VECTOR('',#1820,1.);
#1820 = DIRECTION('',(1.,0.));
#1821 = ( GEOMETRIC_REPRESENTATION_CONTEXT(2) 
PARAMETRIC_REPRESENTATION_CONTEXT() REPRESENTATION_CONTEXT('2D SPACE',''
  ) );
#1822 = FACE_BOUND('',#1823,.T.);
#1823 = EDGE_LOOP('',(#1824));
#1824 = ORIENTED_EDGE('',*,*,#1213,.T.);
#1825 = ADVANCED_FACE('',(#1826,#1857),#1287,.T.);
#1826 = FACE_BOUND('',#1827,.T.);
#1827 = EDGE_LOOP('',(#1828));
#1828 = ORIENTED_EDGE('',*,*,#1829,.T.);
#1829 = EDGE_CURVE('',#1830,#1830,#1832,.T.);
#1830 = VERTEX_POINT('',#1831);
#1831 = CARTESIAN_POINT('',(19.,11.,6.));
#1832 = SURFACE_CURVE('',#1833,(#1838,#1845),.PCURVE_S1.);
#1833 = CIRCLE('',#1834,3.);
#1834 = AXIS2_PLACEMENT_3D('',#1835,#1836,#1837);
#1835 = CARTESIAN_POINT('',(16.,11.,6.));
#1836 = DIRECTION('',(0.,0.,1.));
#1837 = DIRECTION('',(1.,0.,0.));
#1838 = PCURVE('',#1287,#1839);
#1839 = DEFINITIONAL_REPRESENTATION('',(#1840),#1844);
#1840 = CIRCLE('',#1841,3.);
#1841 = AXIS2_PLACEMENT_2D('',#1842,#1843);
#1842 = CARTESIAN_POINT('',(2.279066887566E-16,8.51133553645E-18));
#1843 = DIRECTION('',(1.,0.));
#1844 = ( GEOMETRIC_REPRESENTATION_CONTEXT(2) 
PARAMETRIC_REPRESENTATION_CONTEXT() REPRESENTATION_CONTEXT('2D SPACE',''
  ) );
#1845 = PCURVE('',#1846,#1851);
#1846 = CYLINDRICAL_SURFACE('',#1847,3.);
#1847 = AXIS2_PLACEMENT_3D('',#1848,#1849,#1850);
#1848 = CARTESIAN_POINT('',(16.,11.,7.));
#1849 = DIRECTION('',(0.,0.,1.));
#1850 = DIRECTION('',(1.,0.,0.));
#1851 = DEFINITIONAL_REPRESENTATION('',(#1852),#1856);
#1852 = LINE('',#1853,#1854);
#1853 = CARTESIAN_POINT('',(0.,-1.));
#1854 = VECTOR('',#1855,1.);
#1855 = DIRECTION('',(1.,0.));
#1856 = ( GEOMETRIC_REPRESENTATION_CONTEXT(2) 
PARAMETRIC_REPRESENTATION_CONTEXT() REPRESENTATION_CONTEXT('2D SPACE',''
  ) );
#1857 = FACE_BOUND('',#1858,.T.);
#1858 = EDGE_LOOP('',(#1859));
#1859 = ORIENTED_EDGE('',*,*,#1272,.T.);
#1860 = ADVANCED_FACE('',(#1861,#1871,#1897,#2148,#2174,#2200),#1347,.T.
  );
#1861 = FACE_BOUND('',#1862,.T.);
#1862 = EDGE_LOOP('',(#1863,#1864,#1865,#1866,#1867,#1868,#1869,#1870));
#1863 = ORIENTED_EDGE('',*,*,#1698,.F.);
#1864 = ORIENTED_EDGE('',*,*,#1330,.F.);
#1865 = ORIENTED_EDGE('',*,*,#1389,.T.);
#1866 = ORIENTED_EDGE('',*,*,#1460,.F.);
#1867 = ORIENTED_EDGE('',*,*,#1492,.T.);
#1868 = ORIENTED_EDGE('',*,*,#1563,.F.);
#1869 = ORIENTED_EDGE('',*,*,#1617,.F.);
#1870 = ORIENTED_EDGE('',*,*,#1666,.F.);
#1871 = FACE_BOUND('',#1872,.T.);
#1872 = EDGE_LOOP('',(#1873));
#1873 = ORIENTED_EDGE('',*,*,#1874,.F.);
#1874 = EDGE_CURVE('',#1875,#1875,#1877,.T.);
#1875 = VERTEX_POINT('',#1876);
#1876 = CARTESIAN_POINT('',(-13.,-11.,7.));
#1877 = SURFACE_CURVE('',#1878,(#1883,#1890),.PCURVE_S1.);
#1878 = CIRCLE('',#1879,3.);
#1879 = AXIS2_PLACEMENT_3D('',#1880,#1881,#1882);
#1880 = CARTESIAN_POINT('',(-16.,-11.,7.));
#1881 = DIRECTION('',(0.,0.,1.));
#1882 = DIRECTION('',(1.,0.,0.));
#1883 = PCURVE('',#1347,#1884);
#1884 = DEFINITIONAL_REPRESENTATION('',(#1885),#1889);
#1885 = CIRCLE('',#1886,3.);
#1886 = AXIS2_PLACEMENT_2D('',#1887,#1888);
#1887 = CARTESIAN_POINT('',(-16.,-11.));
#1888 = DIRECTION('',(1.,0.));
#1889 = ( GEOMETRIC_REPRESENTATION_CONTEXT(2) 
PARAMETRIC_REPRESENTATION_CONTEXT() REPRESENTATION_CONTEXT('2D SPACE',''
  ) );
#1890 = PCURVE('',#1741,#1891);
#1891 = DEFINITIONAL_REPRESENTATION('',(#1892),#1896);
#1892 = LINE('',#1893,#1894);
#1893 = CARTESIAN_POINT('',(0.,0.));
#1894 = VECTOR('',#1895,1.);
#1895 = DIRECTION('',(1.,0.));
#1896 = ( GEOMETRIC_REPRESENTATION_CONTEXT(2) 
PARAMETRIC_REPRESENTATION_CONTEXT() REPRESENTATION_CONTEXT('2D SPACE',''
  ) );
#1897 = FACE_BOUND('',#1898,.T.);
#1898 = EDGE_LOOP('',(#1899,#1934,#1967,#2000,#2028,#2061,#2089,#2122));
#1899 = ORIENTED_EDGE('',*,*,#1900,.F.);
#1900 = EDGE_CURVE('',#1901,#1903,#1905,.T.);
#1901 = VERTEX_POINT('',#1902);
#1902 = CARTESIAN_POINT('',(9.616477272727,-5.838310103371,7.));
#1903 = VERTEX_POINT('',#1904);
#1904 = CARTESIAN_POINT('',(9.616477272727,5.838310103371,7.));
#1905 = SURFACE_CURVE('',#1906,(#1911,#1922),.PCURVE_S1.);
#1906 = CIRCLE('',#1907,6.);
#1907 = AXIS2_PLACEMENT_3D('',#1908,#1909,#1910);
#1908 = CARTESIAN_POINT('',(11.,0.,7.));
#1909 = DIRECTION('',(0.,0.,-1.));
#1910 = DIRECTION('',(1.,0.,0.));
#1911 = PCURVE('',#1347,#1912);
#1912 = DEFINITIONAL_REPRESENTATION('',(#1913),#1921);
#1913 = ( BOUNDED_CURVE() B_SPLINE_CURVE(2,(#1914,#1915,#1916,#1917,
#1918,#1919,#1920),.UNSPECIFIED.,.T.,.F.) B_SPLINE_CURVE_WITH_KNOTS((1,2
    ,2,2,2,1),(-2.094395102393,0.,2.094395102393,4.188790204786,
6.28318530718,8.377580409573),.UNSPECIFIED.) CURVE() 
GEOMETRIC_REPRESENTATION_ITEM() RATIONAL_B_SPLINE_CURVE((1.,0.5,1.,0.5,
1.,0.5,1.)) REPRESENTATION_ITEM('') );
#1914 = CARTESIAN_POINT('',(17.,-7.81255103033E-17));
#1915 = CARTESIAN_POINT('',(17.,-10.39230484541));
#1916 = CARTESIAN_POINT('',(8.,-5.196152422707));
#1917 = CARTESIAN_POINT('',(-1.,-1.54770166928E-15));
#1918 = CARTESIAN_POINT('',(8.,5.196152422707));
#1919 = CARTESIAN_POINT('',(17.,10.392304845413));
#1920 = CARTESIAN_POINT('',(17.,-7.81255103033E-17));
#1921 = ( GEOMETRIC_REPRESENTATION_CONTEXT(2) 
PARAMETRIC_REPRESENTATION_CONTEXT() REPRESENTATION_CONTEXT('2D SPACE',''
  ) );
#1922 = PCURVE('',#1923,#1928);
#1923 = CYLINDRICAL_SURFACE('',#1924,6.);
#1924 = AXIS2_PLACEMENT_3D('',#1925,#1926,#1927);
#1925 = CARTESIAN_POINT('',(11.,0.,0.));
#1926 = DIRECTION('',(0.,0.,-1.));
#1927 = DIRECTION('',(1.,0.,0.));
#1928 = DEFINITIONAL_REPRESENTATION('',(#1929),#1933);
#1929 = LINE('',#1930,#1931);
#1930 = CARTESIAN_POINT('',(-6.28318530718,-7.));
#1931 = VECTOR('',#1932,1.);
#1932 = DIRECTION('',(1.,-0.));
#1933 = ( GEOMETRIC_REPRESENTATION_CONTEXT(2) 
PARAMETRIC_REPRESENTATION_CONTEXT() REPRESENTATION_CONTEXT('2D SPACE',''
  ) );
#1934 = ORIENTED_EDGE('',*,*,#1935,.T.);
#1935 = EDGE_CURVE('',#1901,#1936,#1938,.T.);
#1936 = VERTEX_POINT('',#1937);
#1937 = CARTESIAN_POINT('',(5.838310103371,-9.616477272727,7.));
#1938 = SURFACE_CURVE('',#1939,(#1944,#1955),.PCURVE_S1.);
#1939 = CIRCLE('',#1940,11.25);
#1940 = AXIS2_PLACEMENT_3D('',#1941,#1942,#1943);
#1941 = CARTESIAN_POINT('',(0.,0.,7.));
#1942 = DIRECTION('',(0.,0.,-1.));
#1943 = DIRECTION('',(0.,1.,0.));
#1944 = PCURVE('',#1347,#1945);
#1945 = DEFINITIONAL_REPRESENTATION('',(#1946),#1954);
#1946 = ( BOUNDED_CURVE() B_SPLINE_CURVE(2,(#1947,#1948,#1949,#1950,
#1951,#1952,#1953),.UNSPECIFIED.,.T.,.F.) B_SPLINE_CURVE_WITH_KNOTS((1,2
    ,2,2,2,1),(-2.094395102393,0.,2.094395102393,4.188790204786,
6.28318530718,8.377580409573),.UNSPECIFIED.) CURVE() 
GEOMETRIC_REPRESENTATION_ITEM() RATIONAL_B_SPLINE_CURVE((1.,0.5,1.,0.5,
1.,0.5,1.)) REPRESENTATION_ITEM('') );
#1947 = CARTESIAN_POINT('',(-9.505270420235E-16,11.25));
#1948 = CARTESIAN_POINT('',(19.48557158515,11.25));
#1949 = CARTESIAN_POINT('',(9.742785792575,-5.625));
#1950 = CARTESIAN_POINT('',(1.804928256058E-15,-22.5));
#1951 = CARTESIAN_POINT('',(-9.742785792575,-5.625));
#1952 = CARTESIAN_POINT('',(-19.48557158515,11.25));
#1953 = CARTESIAN_POINT('',(-9.505270420235E-16,11.25));
#1954 = ( GEOMETRIC_REPRESENTATION_CONTEXT(2) 
PARAMETRIC_REPRESENTATION_CONTEXT() REPRESENTATION_CONTEXT('2D SPACE',''
  ) );
#1955 = PCURVE('',#1956,#1961);
#1956 = SPHERICAL_SURFACE('',#1957,13.75);
#1957 = AXIS2_PLACEMENT_3D('',#1958,#1959,#1960);
#1958 = CARTESIAN_POINT('',(0.,0.,14.905694150421));
#1959 = DIRECTION('',(0.,0.,1.));
#1960 = DIRECTION('',(1.,0.,0.));
#1961 = DEFINITIONAL_REPRESENTATION('',(#1962),#1966);
#1962 = LINE('',#1963,#1964);
#1963 = CARTESIAN_POINT('',(7.853981633974,-0.612554738339));
#1964 = VECTOR('',#1965,1.);
#1965 = DIRECTION('',(-1.,0.));
#1966 = ( GEOMETRIC_REPRESENTATION_CONTEXT(2) 
PARAMETRIC_REPRESENTATION_CONTEXT() REPRESENTATION_CONTEXT('2D SPACE',''
  ) );
#1967 = ORIENTED_EDGE('',*,*,#1968,.F.);
#1968 = EDGE_CURVE('',#1969,#1936,#1971,.T.);
#1969 = VERTEX_POINT('',#1970);
#1970 = CARTESIAN_POINT('',(-5.838310103371,-9.616477272727,7.));
#1971 = SURFACE_CURVE('',#1972,(#1977,#1988),.PCURVE_S1.);
#1972 = CIRCLE('',#1973,6.);
#1973 = AXIS2_PLACEMENT_3D('',#1974,#1975,#1976);
#1974 = CARTESIAN_POINT('',(-2.020667218593E-15,-11.,7.));
#1975 = DIRECTION('',(0.,0.,-1.));
#1976 = DIRECTION('',(1.,0.,0.));
#1977 = PCURVE('',#1347,#1978);
#1978 = DEFINITIONAL_REPRESENTATION('',(#1979),#1987);
#1979 = ( BOUNDED_CURVE() B_SPLINE_CURVE(2,(#1980,#1981,#1982,#1983,
#1984,#1985,#1986),.UNSPECIFIED.,.T.,.F.) B_SPLINE_CURVE_WITH_KNOTS((1,2
    ,2,2,2,1),(-2.094395102393,0.,2.094395102393,4.188790204786,
6.28318530718,8.377580409573),.UNSPECIFIED.) CURVE() 
GEOMETRIC_REPRESENTATION_ITEM() RATIONAL_B_SPLINE_CURVE((1.,0.5,1.,0.5,
1.,0.5,1.)) REPRESENTATION_ITEM('') );
#1980 = CARTESIAN_POINT('',(6.,-11.));
#1981 = CARTESIAN_POINT('',(6.,-21.39230484541));
#1982 = CARTESIAN_POINT('',(-3.,-16.1961524227));
#1983 = CARTESIAN_POINT('',(-12.,-11.));
#1984 = CARTESIAN_POINT('',(-3.,-5.803847577293));
#1985 = CARTESIAN_POINT('',(6.,-0.607695154587));
#1986 = CARTESIAN_POINT('',(6.,-11.));
#1987 = ( GEOMETRIC_REPRESENTATION_CONTEXT(2) 
PARAMETRIC_REPRESENTATION_CONTEXT() REPRESENTATION_CONTEXT('2D SPACE',''
  ) );
#1988 = PCURVE('',#1989,#1994);
#1989 = CYLINDRICAL_SURFACE('',#1990,6.);
#1990 = AXIS2_PLACEMENT_3D('',#1991,#1992,#1993);
#1991 = CARTESIAN_POINT('',(-2.020667218593E-15,-11.,0.));
#1992 = DIRECTION('',(0.,0.,-1.));
#1993 = DIRECTION('',(1.,0.,0.));
#1994 = DEFINITIONAL_REPRESENTATION('',(#1995),#1999);
#1995 = LINE('',#1996,#1997);
#1996 = CARTESIAN_POINT('',(-6.28318530718,-7.));
#1997 = VECTOR('',#1998,1.);
#1998 = DIRECTION('',(1.,-0.));
#1999 = ( GEOMETRIC_REPRESENTATION_CONTEXT(2) 
PARAMETRIC_REPRESENTATION_CONTEXT() REPRESENTATION_CONTEXT('2D SPACE',''
  ) );
#2000 = ORIENTED_EDGE('',*,*,#2001,.T.);
#2001 = EDGE_CURVE('',#1969,#2002,#2004,.T.);
#2002 = VERTEX_POINT('',#2003);
#2003 = CARTESIAN_POINT('',(-9.616477272727,-5.838310103371,7.));
#2004 = SURFACE_CURVE('',#2005,(#2010,#2021),.PCURVE_S1.);
#2005 = CIRCLE('',#2006,11.25);
#2006 = AXIS2_PLACEMENT_3D('',#2007,#2008,#2009);
#2007 = CARTESIAN_POINT('',(0.,0.,7.));
#2008 = DIRECTION('',(0.,0.,-1.));
#2009 = DIRECTION('',(0.,1.,0.));
#2010 = PCURVE('',#1347,#2011);
#2011 = DEFINITIONAL_REPRESENTATION('',(#2012),#2020);
#2012 = ( BOUNDED_CURVE() B_SPLINE_CURVE(2,(#2013,#2014,#2015,#2016,
#2017,#2018,#2019),.UNSPECIFIED.,.T.,.F.) B_SPLINE_CURVE_WITH_KNOTS((1,2
    ,2,2,2,1),(-2.094395102393,0.,2.094395102393,4.188790204786,
6.28318530718,8.377580409573),.UNSPECIFIED.) CURVE() 
GEOMETRIC_REPRESENTATION_ITEM() RATIONAL_B_SPLINE_CURVE((1.,0.5,1.,0.5,
1.,0.5,1.)) REPRESENTATION_ITEM('') );
#2013 = CARTESIAN_POINT('',(-9.505270420235E-16,11.25));
#2014 = CARTESIAN_POINT('',(19.48557158515,11.25));
#2015 = CARTESIAN_POINT('',(9.742785792575,-5.625));
#2016 = CARTESIAN_POINT('',(1.804928256058E-15,-22.5));
#2017 = CARTESIAN_POINT('',(-9.742785792575,-5.625));
#2018 = CARTESIAN_POINT('',(-19.48557158515,11.25));
#2019 = CARTESIAN_POINT('',(-9.505270420235E-16,11.25));
#2020 = ( GEOMETRIC_REPRESENTATION_CONTEXT(2) 
PARAMETRIC_REPRESENTATION_CONTEXT() REPRESENTATION_CONTEXT('2D SPACE',''
  ) );
#2021 = PCURVE('',#1956,#2022);
#2022 = DEFINITIONAL_REPRESENTATION('',(#2023),#2027);
#2023 = LINE('',#2024,#2025);
#2024 = CARTESIAN_POINT('',(7.853981633974,-0.612554738339));
#2025 = VECTOR('',#2026,1.);
#2026 = DIRECTION('',(-1.,0.));
#2027 = ( GEOMETRIC_REPRESENTATION_CONTEXT(2) 
PARAMETRIC_REPRESENTATION_CONTEXT() REPRESENTATION_CONTEXT('2D SPACE',''
  ) );
#2028 = ORIENTED_EDGE('',*,*,#2029,.F.);
#2029 = EDGE_CURVE('',#2030,#2002,#2032,.T.);
#2030 = VERTEX_POINT('',#2031);
#2031 = CARTESIAN_POINT('',(-9.616477272727,5.838310103371,7.));
#2032 = SURFACE_CURVE('',#2033,(#2038,#2049),.PCURVE_S1.);
#2033 = CIRCLE('',#2034,6.);
#2034 = AXIS2_PLACEMENT_3D('',#2035,#2036,#2037);
#2035 = CARTESIAN_POINT('',(-11.,1.347111479062E-15,7.));
#2036 = DIRECTION('',(0.,0.,-1.));
#2037 = DIRECTION('',(0.230587121212,0.973051683895,0.));
#2038 = PCURVE('',#1347,#2039);
#2039 = DEFINITIONAL_REPRESENTATION('',(#2040),#2048);
#2040 = ( BOUNDED_CURVE() B_SPLINE_CURVE(2,(#2041,#2042,#2043,#2044,
#2045,#2046,#2047),.UNSPECIFIED.,.T.,.F.) B_SPLINE_CURVE_WITH_KNOTS((1,2
    ,2,2,2,1),(-2.094395102393,0.,2.094395102393,4.188790204786,
6.28318530718,8.377580409573),.UNSPECIFIED.) CURVE() 
GEOMETRIC_REPRESENTATION_ITEM() RATIONAL_B_SPLINE_CURVE((1.,0.5,1.,0.5,
1.,0.5,1.)) REPRESENTATION_ITEM('') );
#2041 = CARTESIAN_POINT('',(-9.616477272727,5.838310103371));
#2042 = CARTESIAN_POINT('',(0.495772456653,3.441978446308));
#2043 = CARTESIAN_POINT('',(-6.635636498946,-4.117320880217));
#2044 = CARTESIAN_POINT('',(-13.76704545454,-11.67662020674));
#2045 = CARTESIAN_POINT('',(-16.74788622832,-1.720989223154));
#2046 = CARTESIAN_POINT('',(-19.7287270021,8.234641760433));
#2047 = CARTESIAN_POINT('',(-9.616477272727,5.838310103371));
#2048 = ( GEOMETRIC_REPRESENTATION_CONTEXT(2) 
PARAMETRIC_REPRESENTATION_CONTEXT() REPRESENTATION_CONTEXT('2D SPACE',''
  ) );
#2049 = PCURVE('',#2050,#2055);
#2050 = CYLINDRICAL_SURFACE('',#2051,6.);
#2051 = AXIS2_PLACEMENT_3D('',#2052,#2053,#2054);
#2052 = CARTESIAN_POINT('',(-11.,1.347111479062E-15,0.));
#2053 = DIRECTION('',(0.,0.,-1.));
#2054 = DIRECTION('',(0.230587121212,0.973051683895,0.));
#2055 = DEFINITIONAL_REPRESENTATION('',(#2056),#2060);
#2056 = LINE('',#2057,#2058);
#2057 = CARTESIAN_POINT('',(0.,-7.));
#2058 = VECTOR('',#2059,1.);
#2059 = DIRECTION('',(1.,0.));
#2060 = ( GEOMETRIC_REPRESENTATION_CONTEXT(2) 
PARAMETRIC_REPRESENTATION_CONTEXT() REPRESENTATION_CONTEXT('2D SPACE',''
  ) );
#2061 = ORIENTED_EDGE('',*,*,#2062,.T.);
#2062 = EDGE_CURVE('',#2030,#2063,#2065,.T.);
#2063 = VERTEX_POINT('',#2064);
#2064 = CARTESIAN_POINT('',(-5.838310103371,9.616477272727,7.));
#2065 = SURFACE_CURVE('',#2066,(#2071,#2082),.PCURVE_S1.);
#2066 = CIRCLE('',#2067,11.25);
#2067 = AXIS2_PLACEMENT_3D('',#2068,#2069,#2070);
#2068 = CARTESIAN_POINT('',(0.,0.,7.));
#2069 = DIRECTION('',(0.,0.,-1.));
#2070 = DIRECTION('',(0.,1.,0.));
#2071 = PCURVE('',#1347,#2072);
#2072 = DEFINITIONAL_REPRESENTATION('',(#2073),#2081);
#2073 = ( BOUNDED_CURVE() B_SPLINE_CURVE(2,(#2074,#2075,#2076,#2077,
#2078,#2079,#2080),.UNSPECIFIED.,.T.,.F.) B_SPLINE_CURVE_WITH_KNOTS((1,2
    ,2,2,2,1),(-2.094395102393,0.,2.094395102393,4.188790204786,
6.28318530718,8.377580409573),.UNSPECIFIED.) CURVE() 
GEOMETRIC_REPRESENTATION_ITEM() RATIONAL_B_SPLINE_CURVE((1.,0.5,1.,0.5,
1.,0.5,1.)) REPRESENTATION_ITEM('') );
#2074 = CARTESIAN_POINT('',(-9.505270420235E-16,11.25));
#2075 = CARTESIAN_POINT('',(19.48557158515,11.25));
#2076 = CARTESIAN_POINT('',(9.742785792575,-5.625));
#2077 = CARTESIAN_POINT('',(1.804928256058E-15,-22.5));
#2078 = CARTESIAN_POINT('',(-9.742785792575,-5.625));
#2079 = CARTESIAN_POINT('',(-19.48557158515,11.25));
#2080 = CARTESIAN_POINT('',(-9.505270420235E-16,11.25));
#2081 = ( GEOMETRIC_REPRESENTATION_CONTEXT(2) 
PARAMETRIC_REPRESENTATION_CONTEXT() REPRESENTATION_CONTEXT('2D SPACE',''
  ) );
#2082 = PCURVE('',#1956,#2083);
#2083 = DEFINITIONAL_REPRESENTATION('',(#2084),#2088);
#2084 = LINE('',#2085,#2086);
#2085 = CARTESIAN_POINT('',(7.853981633974,-0.612554738339));
#2086 = VECTOR('',#2087,1.);
#2087 = DIRECTION('',(-1.,0.));
#2088 = ( GEOMETRIC_REPRESENTATION_CONTEXT(2) 
PARAMETRIC_REPRESENTATION_CONTEXT() REPRESENTATION_CONTEXT('2D SPACE',''
  ) );
#2089 = ORIENTED_EDGE('',*,*,#2090,.F.);
#2090 = EDGE_CURVE('',#2091,#2063,#2093,.T.);
#2091 = VERTEX_POINT('',#2092);
#2092 = CARTESIAN_POINT('',(5.838310103371,9.616477272727,7.));
#2093 = SURFACE_CURVE('',#2094,(#2099,#2110),.PCURVE_S1.);
#2094 = CIRCLE('',#2095,6.);
#2095 = AXIS2_PLACEMENT_3D('',#2096,#2097,#2098);
#2096 = CARTESIAN_POINT('',(6.73555739531E-16,11.,7.));
#2097 = DIRECTION('',(0.,0.,-1.));
#2098 = DIRECTION('',(1.,0.,0.));
#2099 = PCURVE('',#1347,#2100);
#2100 = DEFINITIONAL_REPRESENTATION('',(#2101),#2109);
#2101 = ( BOUNDED_CURVE() B_SPLINE_CURVE(2,(#2102,#2103,#2104,#2105,
#2106,#2107,#2108),.UNSPECIFIED.,.T.,.F.) B_SPLINE_CURVE_WITH_KNOTS((1,2
    ,2,2,2,1),(-2.094395102393,0.,2.094395102393,4.188790204786,
6.28318530718,8.377580409573),.UNSPECIFIED.) CURVE() 
GEOMETRIC_REPRESENTATION_ITEM() RATIONAL_B_SPLINE_CURVE((1.,0.5,1.,0.5,
1.,0.5,1.)) REPRESENTATION_ITEM('') );
#2102 = CARTESIAN_POINT('',(6.,11.));
#2103 = CARTESIAN_POINT('',(6.,0.607695154587));
#2104 = CARTESIAN_POINT('',(-3.,5.803847577293));
#2105 = CARTESIAN_POINT('',(-12.,11.));
#2106 = CARTESIAN_POINT('',(-3.,16.196152422707));
#2107 = CARTESIAN_POINT('',(6.,21.392304845413));
#2108 = CARTESIAN_POINT('',(6.,11.));
#2109 = ( GEOMETRIC_REPRESENTATION_CONTEXT(2) 
PARAMETRIC_REPRESENTATION_CONTEXT() REPRESENTATION_CONTEXT('2D SPACE',''
  ) );
#2110 = PCURVE('',#2111,#2116);
#2111 = CYLINDRICAL_SURFACE('',#2112,6.);
#2112 = AXIS2_PLACEMENT_3D('',#2113,#2114,#2115);
#2113 = CARTESIAN_POINT('',(6.73555739531E-16,11.,0.));
#2114 = DIRECTION('',(0.,0.,-1.));
#2115 = DIRECTION('',(1.,0.,0.));
#2116 = DEFINITIONAL_REPRESENTATION('',(#2117),#2121);
#2117 = LINE('',#2118,#2119);
#2118 = CARTESIAN_POINT('',(-6.28318530718,-7.));
#2119 = VECTOR('',#2120,1.);
#2120 = DIRECTION('',(1.,-0.));
#2121 = ( GEOMETRIC_REPRESENTATION_CONTEXT(2) 
PARAMETRIC_REPRESENTATION_CONTEXT() REPRESENTATION_CONTEXT('2D SPACE',''
  ) );
#2122 = ORIENTED_EDGE('',*,*,#2123,.T.);
#2123 = EDGE_CURVE('',#2091,#1903,#2124,.T.);
#2124 = SURFACE_CURVE('',#2125,(#2130,#2141),.PCURVE_S1.);
#2125 = CIRCLE('',#2126,11.25);
#2126 = AXIS2_PLACEMENT_3D('',#2127,#2128,#2129);
#2127 = CARTESIAN_POINT('',(0.,0.,7.));
#2128 = DIRECTION('',(0.,0.,-1.));
#2129 = DIRECTION('',(0.,1.,0.));
#2130 = PCURVE('',#1347,#2131);
#2131 = DEFINITIONAL_REPRESENTATION('',(#2132),#2140);
#2132 = ( BOUNDED_CURVE() B_SPLINE_CURVE(2,(#2133,#2134,#2135,#2136,
#2137,#2138,#2139),.UNSPECIFIED.,.T.,.F.) B_SPLINE_CURVE_WITH_KNOTS((1,2
    ,2,2,2,1),(-2.094395102393,0.,2.094395102393,4.188790204786,
6.28318530718,8.377580409573),.UNSPECIFIED.) CURVE() 
GEOMETRIC_REPRESENTATION_ITEM() RATIONAL_B_SPLINE_CURVE((1.,0.5,1.,0.5,
1.,0.5,1.)) REPRESENTATION_ITEM('') );
#2133 = CARTESIAN_POINT('',(-9.505270420235E-16,11.25));
#2134 = CARTESIAN_POINT('',(19.48557158515,11.25));
#2135 = CARTESIAN_POINT('',(9.742785792575,-5.625));
#2136 = CARTESIAN_POINT('',(1.804928256058E-15,-22.5));
#2137 = CARTESIAN_POINT('',(-9.742785792575,-5.625));
#2138 = CARTESIAN_POINT('',(-19.48557158515,11.25));
#2139 = CARTESIAN_POINT('',(-9.505270420235E-16,11.25));
#2140 = ( GEOMETRIC_REPRESENTATION_CONTEXT(2) 
PARAMETRIC_REPRESENTATION_CONTEXT() REPRESENTATION_CONTEXT('2D SPACE',''
  ) );
#2141 = PCURVE('',#1956,#2142);
#2142 = DEFINITIONAL_REPRESENTATION('',(#2143),#2147);
#2143 = LINE('',#2144,#2145);
#2144 = CARTESIAN_POINT('',(1.570796326795,-0.612554738339));
#2145 = VECTOR('',#2146,1.);
#2146 = DIRECTION('',(-1.,0.));
#2147 = ( GEOMETRIC_REPRESENTATION_CONTEXT(2) 
PARAMETRIC_REPRESENTATION_CONTEXT() REPRESENTATION_CONTEXT('2D SPACE',''
  ) );
#2148 = FACE_BOUND('',#2149,.T.);
#2149 = EDGE_LOOP('',(#2150));
#2150 = ORIENTED_EDGE('',*,*,#2151,.F.);
#2151 = EDGE_CURVE('',#2152,#2152,#2154,.T.);
#2152 = VERTEX_POINT('',#2153);
#2153 = CARTESIAN_POINT('',(19.,-11.,7.));
#2154 = SURFACE_CURVE('',#2155,(#2160,#2167),.PCURVE_S1.);
#2155 = CIRCLE('',#2156,3.);
#2156 = AXIS2_PLACEMENT_3D('',#2157,#2158,#2159);
#2157 = CARTESIAN_POINT('',(16.,-11.,7.));
#2158 = DIRECTION('',(0.,0.,1.));
#2159 = DIRECTION('',(1.,0.,0.));
#2160 = PCURVE('',#1347,#2161);
#2161 = DEFINITIONAL_REPRESENTATION('',(#2162),#2166);
#2162 = CIRCLE('',#2163,3.);
#2163 = AXIS2_PLACEMENT_2D('',#2164,#2165);
#2164 = CARTESIAN_POINT('',(16.,-11.));
#2165 = DIRECTION('',(1.,0.));
#2166 = ( GEOMETRIC_REPRESENTATION_CONTEXT(2) 
PARAMETRIC_REPRESENTATION_CONTEXT() REPRESENTATION_CONTEXT('2D SPACE',''
  ) );
#2167 = PCURVE('',#1776,#2168);
#2168 = DEFINITIONAL_REPRESENTATION('',(#2169),#2173);
#2169 = LINE('',#2170,#2171);
#2170 = CARTESIAN_POINT('',(0.,0.));
#2171 = VECTOR('',#2172,1.);
#2172 = DIRECTION('',(1.,0.));
#2173 = ( GEOMETRIC_REPRESENTATION_CONTEXT(2) 
PARAMETRIC_REPRESENTATION_CONTEXT() REPRESENTATION_CONTEXT('2D SPACE',''
  ) );
#2174 = FACE_BOUND('',#2175,.T.);
#2175 = EDGE_LOOP('',(#2176));
#2176 = ORIENTED_EDGE('',*,*,#2177,.F.);
#2177 = EDGE_CURVE('',#2178,#2178,#2180,.T.);
#2178 = VERTEX_POINT('',#2179);
#2179 = CARTESIAN_POINT('',(-13.,11.,7.));
#2180 = SURFACE_CURVE('',#2181,(#2186,#2193),.PCURVE_S1.);
#2181 = CIRCLE('',#2182,3.);
#2182 = AXIS2_PLACEMENT_3D('',#2183,#2184,#2185);
#2183 = CARTESIAN_POINT('',(-16.,11.,7.));
#2184 = DIRECTION('',(0.,0.,1.));
#2185 = DIRECTION('',(1.,0.,0.));
#2186 = PCURVE('',#1347,#2187);
#2187 = DEFINITIONAL_REPRESENTATION('',(#2188),#2192);
#2188 = CIRCLE('',#2189,3.);
#2189 = AXIS2_PLACEMENT_2D('',#2190,#2191);
#2190 = CARTESIAN_POINT('',(-16.,11.));
#2191 = DIRECTION('',(1.,0.));
#2192 = ( GEOMETRIC_REPRESENTATION_CONTEXT(2) 
PARAMETRIC_REPRESENTATION_CONTEXT() REPRESENTATION_CONTEXT('2D SPACE',''
  ) );
#2193 = PCURVE('',#1811,#2194);
#2194 = DEFINITIONAL_REPRESENTATION('',(#2195),#2199);
#2195 = LINE('',#2196,#2197);
#2196 = CARTESIAN_POINT('',(0.,0.));
#2197 = VECTOR('',#2198,1.);
#2198 = DIRECTION('',(1.,0.));
#2199 = ( GEOMETRIC_REPRESENTATION_CONTEXT(2) 
PARAMETRIC_REPRESENTATION_CONTEXT() REPRESENTATION_CONTEXT('2D SPACE',''
  ) );
#2200 = FACE_BOUND('',#2201,.T.);
#2201 = EDGE_LOOP('',(#2202));
#2202 = ORIENTED_EDGE('',*,*,#2203,.F.);
#2203 = EDGE_CURVE('',#2204,#2204,#2206,.T.);
#2204 = VERTEX_POINT('',#2205);
#2205 = CARTESIAN_POINT('',(19.,11.,7.));
#2206 = SURFACE_CURVE('',#2207,(#2212,#2219),.PCURVE_S1.);
#2207 = CIRCLE('',#2208,3.);
#2208 = AXIS2_PLACEMENT_3D('',#2209,#2210,#2211);
#2209 = CARTESIAN_POINT('',(16.,11.,7.));
#2210 = DIRECTION('',(0.,0.,1.));
#2211 = DIRECTION('',(1.,0.,0.));
#2212 = PCURVE('',#1347,#2213);
#2213 = DEFINITIONAL_REPRESENTATION('',(#2214),#2218);
#2214 = CIRCLE('',#2215,3.);
#2215 = AXIS2_PLACEMENT_2D('',#2216,#2217);
#2216 = CARTESIAN_POINT('',(16.,11.));
#2217 = DIRECTION('',(1.,0.));
#2218 = ( GEOMETRIC_REPRESENTATION_CONTEXT(2) 
PARAMETRIC_REPRESENTATION_CONTEXT() REPRESENTATION_CONTEXT('2D SPACE',''
  ) );
#2219 = PCURVE('',#1846,#2220);
#2220 = DEFINITIONAL_REPRESENTATION('',(#2221),#2225);
#2221 = LINE('',#2222,#2223);
#2222 = CARTESIAN_POINT('',(0.,0.));
#2223 = VECTOR('',#2224,1.);
#2224 = DIRECTION('',(1.,0.));
#2225 = ( GEOMETRIC_REPRESENTATION_CONTEXT(2) 
PARAMETRIC_REPRESENTATION_CONTEXT() REPRESENTATION_CONTEXT('2D SPACE',''
  ) );
#2226 = ADVANCED_FACE('',(#2227),#1741,.F.);
#2227 = FACE_BOUND('',#2228,.F.);
#2228 = EDGE_LOOP('',(#2229,#2250,#2251,#2252));
#2229 = ORIENTED_EDGE('',*,*,#2230,.T.);
#2230 = EDGE_CURVE('',#1875,#1725,#2231,.T.);
#2231 = SEAM_CURVE('',#2232,(#2236,#2243),.PCURVE_S1.);
#2232 = LINE('',#2233,#2234);
#2233 = CARTESIAN_POINT('',(-13.,-11.,7.));
#2234 = VECTOR('',#2235,1.);
#2235 = DIRECTION('',(-0.,-0.,-1.));
#2236 = PCURVE('',#1741,#2237);
#2237 = DEFINITIONAL_REPRESENTATION('',(#2238),#2242);
#2238 = LINE('',#2239,#2240);
#2239 = CARTESIAN_POINT('',(0.,0.));
#2240 = VECTOR('',#2241,1.);
#2241 = DIRECTION('',(0.,-1.));
#2242 = ( GEOMETRIC_REPRESENTATION_CONTEXT(2) 
PARAMETRIC_REPRESENTATION_CONTEXT() REPRESENTATION_CONTEXT('2D SPACE',''
  ) );
#2243 = PCURVE('',#1741,#2244);
#2244 = DEFINITIONAL_REPRESENTATION('',(#2245),#2249);
#2245 = LINE('',#2246,#2247);
#2246 = CARTESIAN_POINT('',(6.28318530718,0.));
#2247 = VECTOR('',#2248,1.);
#2248 = DIRECTION('',(0.,-1.));
#2249 = ( GEOMETRIC_REPRESENTATION_CONTEXT(2) 
PARAMETRIC_REPRESENTATION_CONTEXT() REPRESENTATION_CONTEXT('2D SPACE',''
  ) );
#2250 = ORIENTED_EDGE('',*,*,#1724,.T.);
#2251 = ORIENTED_EDGE('',*,*,#2230,.F.);
#2252 = ORIENTED_EDGE('',*,*,#1874,.F.);
#2253 = ADVANCED_FACE('',(#2254),#1776,.F.);
#2254 = FACE_BOUND('',#2255,.F.);
#2255 = EDGE_LOOP('',(#2256,#2277,#2278,#2279));
#2256 = ORIENTED_EDGE('',*,*,#2257,.T.);
#2257 = EDGE_CURVE('',#2152,#1760,#2258,.T.);
#2258 = SEAM_CURVE('',#2259,(#2263,#2270),.PCURVE_S1.);
#2259 = LINE('',#2260,#2261);
#2260 = CARTESIAN_POINT('',(19.,-11.,7.));
#2261 = VECTOR('',#2262,1.);
#2262 = DIRECTION('',(-0.,-0.,-1.));
#2263 = PCURVE('',#1776,#2264);
#2264 = DEFINITIONAL_REPRESENTATION('',(#2265),#2269);
#2265 = LINE('',#2266,#2267);
#2266 = CARTESIAN_POINT('',(0.,0.));
#2267 = VECTOR('',#2268,1.);
#2268 = DIRECTION('',(0.,-1.));
#2269 = ( GEOMETRIC_REPRESENTATION_CONTEXT(2) 
PARAMETRIC_REPRESENTATION_CONTEXT() REPRESENTATION_CONTEXT('2D SPACE',''
  ) );
#2270 = PCURVE('',#1776,#2271);
#2271 = DEFINITIONAL_REPRESENTATION('',(#2272),#2276);
#2272 = LINE('',#2273,#2274);
#2273 = CARTESIAN_POINT('',(6.28318530718,0.));
#2274 = VECTOR('',#2275,1.);
#2275 = DIRECTION('',(0.,-1.));
#2276 = ( GEOMETRIC_REPRESENTATION_CONTEXT(2) 
PARAMETRIC_REPRESENTATION_CONTEXT() REPRESENTATION_CONTEXT('2D SPACE',''
  ) );
#2277 = ORIENTED_EDGE('',*,*,#1759,.T.);
#2278 = ORIENTED_EDGE('',*,*,#2257,.F.);
#2279 = ORIENTED_EDGE('',*,*,#2151,.F.);
#2280 = ADVANCED_FACE('',(#2281),#1811,.F.);
#2281 = FACE_BOUND('',#2282,.F.);
#2282 = EDGE_LOOP('',(#2283,#2304,#2305,#2306));
#2283 = ORIENTED_EDGE('',*,*,#2284,.T.);
#2284 = EDGE_CURVE('',#2178,#1795,#2285,.T.);
#2285 = SEAM_CURVE('',#2286,(#2290,#2297),.PCURVE_S1.);
#2286 = LINE('',#2287,#2288);
#2287 = CARTESIAN_POINT('',(-13.,11.,7.));
#2288 = VECTOR('',#2289,1.);
#2289 = DIRECTION('',(-0.,-0.,-1.));
#2290 = PCURVE('',#1811,#2291);
#2291 = DEFINITIONAL_REPRESENTATION('',(#2292),#2296);
#2292 = LINE('',#2293,#2294);
#2293 = CARTESIAN_POINT('',(0.,0.));
#2294 = VECTOR('',#2295,1.);
#2295 = DIRECTION('',(0.,-1.));
#2296 = ( GEOMETRIC_REPRESENTATION_CONTEXT(2) 
PARAMETRIC_REPRESENTATION_CONTEXT() REPRESENTATION_CONTEXT('2D SPACE',''
  ) );
#2297 = PCURVE('',#1811,#2298);
#2298 = DEFINITIONAL_REPRESENTATION('',(#2299),#2303);
#2299 = LINE('',#2300,#2301);
#2300 = CARTESIAN_POINT('',(6.28318530718,0.));
#2301 = VECTOR('',#2302,1.);
#2302 = DIRECTION('',(0.,-1.));
#2303 = ( GEOMETRIC_REPRESENTATION_CONTEXT(2) 
PARAMETRIC_REPRESENTATION_CONTEXT() REPRESENTATION_CONTEXT('2D SPACE',''
  ) );
#2304 = ORIENTED_EDGE('',*,*,#1794,.T.);
#2305 = ORIENTED_EDGE('',*,*,#2284,.F.);
#2306 = ORIENTED_EDGE('',*,*,#2177,.F.);
#2307 = ADVANCED_FACE('',(#2308),#1846,.F.);
#2308 = FACE_BOUND('',#2309,.F.);
#2309 = EDGE_LOOP('',(#2310,#2331,#2332,#2333));
#2310 = ORIENTED_EDGE('',*,*,#2311,.T.);
#2311 = EDGE_CURVE('',#2204,#1830,#2312,.T.);
#2312 = SEAM_CURVE('',#2313,(#2317,#2324),.PCURVE_S1.);
#2313 = LINE('',#2314,#2315);
#2314 = CARTESIAN_POINT('',(19.,11.,7.));
#2315 = VECTOR('',#2316,1.);
#2316 = DIRECTION('',(-0.,-0.,-1.));
#2317 = PCURVE('',#1846,#2318);
#2318 = DEFINITIONAL_REPRESENTATION('',(#2319),#2323);
#2319 = LINE('',#2320,#2321);
#2320 = CARTESIAN_POINT('',(0.,0.));
#2321 = VECTOR('',#2322,1.);
#2322 = DIRECTION('',(0.,-1.));
#2323 = ( GEOMETRIC_REPRESENTATION_CONTEXT(2) 
PARAMETRIC_REPRESENTATION_CONTEXT() REPRESENTATION_CONTEXT('2D SPACE',''
  ) );
#2324 = PCURVE('',#1846,#2325);
#2325 = DEFINITIONAL_REPRESENTATION('',(#2326),#2330);
#2326 = LINE('',#2327,#2328);
#2327 = CARTESIAN_POINT('',(6.28318530718,0.));
#2328 = VECTOR('',#2329,1.);
#2329 = DIRECTION('',(0.,-1.));
#2330 = ( GEOMETRIC_REPRESENTATION_CONTEXT(2) 
PARAMETRIC_REPRESENTATION_CONTEXT() REPRESENTATION_CONTEXT('2D SPACE',''
  ) );
#2331 = ORIENTED_EDGE('',*,*,#1829,.T.);
#2332 = ORIENTED_EDGE('',*,*,#2311,.F.);
#2333 = ORIENTED_EDGE('',*,*,#2203,.F.);
#2334 = ADVANCED_FACE('',(#2335),#1923,.T.);
#2335 = FACE_BOUND('',#2336,.F.);
#2336 = EDGE_LOOP('',(#2337,#2441,#2564));
#2337 = ORIENTED_EDGE('',*,*,#2338,.T.);
#2338 = EDGE_CURVE('',#1901,#2339,#2341,.T.);
#2339 = VERTEX_POINT('',#2340);
#2340 = CARTESIAN_POINT('',(5.,-1.224646799147E-15,2.097005692971));
#2341 = SURFACE_CURVE('',#2342,(#2373,#2407),.PCURVE_S1.);
#2342 = B_SPLINE_CURVE_WITH_KNOTS('',8,(#2343,#2344,#2345,#2346,#2347,
    #2348,#2349,#2350,#2351,#2352,#2353,#2354,#2355,#2356,#2357,#2358,
    #2359,#2360,#2361,#2362,#2363,#2364,#2365,#2366,#2367,#2368,#2369,
    #2370,#2371,#2372),.UNSPECIFIED.,.F.,.F.,(9,7,7,7,9),(0.,
    0.442494309827,0.635238344914,0.770011278637,1.),.UNSPECIFIED.);
#2343 = CARTESIAN_POINT('',(9.616477272727,-5.838310103371,7.));
#2344 = CARTESIAN_POINT('',(9.337484960974,-5.77219641684,6.611809491881
    ));
#2345 = CARTESIAN_POINT('',(9.047301594999,-5.687338030337,
    6.229831873486));
#2346 = CARTESIAN_POINT('',(8.746931486239,-5.580988131378,
    5.854244748445));
#2347 = CARTESIAN_POINT('',(8.437785116114,-5.450131358411,
    5.485760019674));
#2348 = CARTESIAN_POINT('',(8.121805625956,-5.29154177497,5.125550956985
    ));
#2349 = CARTESIAN_POINT('',(7.801599313924,-5.101680229255,
    4.775236995446));
#2350 = CARTESIAN_POINT('',(7.480467120211,-4.876869447914,
    4.436827279059));
#2351 = CARTESIAN_POINT('',(7.024153727865,-4.497230795904,
    3.971754756362));
#2352 = CARTESIAN_POINT('',(6.886398501528,-4.374585091082,
    3.833463826139));
#2353 = CARTESIAN_POINT('',(6.749707295957,-4.244126549932,
    3.698218338152));
#2354 = CARTESIAN_POINT('',(6.61452353642,-4.105507590166,3.566308076103
    ));
#2355 = CARTESIAN_POINT('',(6.481370235937,-3.958400844623,
    3.438082354936));
#2356 = CARTESIAN_POINT('',(6.350849565499,-3.802508306769,
    3.313945346058));
#2357 = CARTESIAN_POINT('',(6.22364120625,-3.637568925428,3.194352924668
    ));
#2358 = CARTESIAN_POINT('',(6.014394763373,-3.341555320478,
    2.999719606377));
#2359 = CARTESIAN_POINT('',(5.930290780505,-3.215233745681,
    2.922109098942));
#2360 = CARTESIAN_POINT('',(5.84845081179,-3.084336338506,2.847157194688
    ));
#2361 = CARTESIAN_POINT('',(5.769167500565,-2.948829767196,
    2.775064113184));
#2362 = CARTESIAN_POINT('',(5.692759490299,-2.808716586162,
    2.706048967263));
#2363 = CARTESIAN_POINT('',(5.619566296214,-2.664041851893,
    2.640345428486));
#2364 = CARTESIAN_POINT('',(5.549941414937,-2.514900722666,
    2.578196706581));
#2365 = CARTESIAN_POINT('',(5.372131103124,-2.099579805003,
    2.420281478407));
#2366 = CARTESIAN_POINT('',(5.271285755874,-1.824759246668,
    2.331634412581));
#2367 = CARTESIAN_POINT('',(5.183784272251,-1.53823050358,2.255401784738
    ));
#2368 = CARTESIAN_POINT('',(5.111516921802,-1.241616182805,
    2.192888212265));
#2369 = CARTESIAN_POINT('',(5.0560890271,-0.936941119302,2.145174437773)
  );
#2370 = CARTESIAN_POINT('',(5.018675150791,-0.626545582286,
    2.113043776185));
#2371 = CARTESIAN_POINT('',(5.,-0.313120715785,2.097005692971));
#2372 = CARTESIAN_POINT('',(5.,-8.881784197001E-16,2.097005692971));
#2373 = PCURVE('',#1923,#2374);
#2374 = DEFINITIONAL_REPRESENTATION('',(#2375),#2406);
#2375 = B_SPLINE_CURVE_WITH_KNOTS('',8,(#2376,#2377,#2378,#2379,#2380,
    #2381,#2382,#2383,#2384,#2385,#2386,#2387,#2388,#2389,#2390,#2391,
    #2392,#2393,#2394,#2395,#2396,#2397,#2398,#2399,#2400,#2401,#2402,
    #2403,#2404,#2405),.UNSPECIFIED.,.F.,.F.,(9,7,7,7,9),(0.,
    0.442494309827,0.635238344914,0.770011278637,1.),.UNSPECIFIED.);
#2376 = CARTESIAN_POINT('',(-4.479707959294,-7.));
#2377 = CARTESIAN_POINT('',(-4.431921475395,-6.611809491881));
#2378 = CARTESIAN_POINT('',(-4.381599628916,-6.229831873487));
#2379 = CARTESIAN_POINT('',(-4.328633973953,-5.854244748443));
#2380 = CARTESIAN_POINT('',(-4.272895068729,-5.485760019676));
#2381 = CARTESIAN_POINT('',(-4.21424019093,-5.125550956984));
#2382 = CARTESIAN_POINT('',(-4.1524779417,-4.775236995447));
#2383 = CARTESIAN_POINT('',(-4.08737000785,-4.436827279059));
#2384 = CARTESIAN_POINT('',(-3.988438575628,-3.971754756362));
#2385 = CARTESIAN_POINT('',(-3.957715664252,-3.833463826139));
#2386 = CARTESIAN_POINT('',(-3.926255071688,-3.698218338152));
#2387 = CARTESIAN_POINT('',(-3.894027188424,-3.566308076103));
#2388 = CARTESIAN_POINT('',(-3.861004992735,-3.438082354936));
#2389 = CARTESIAN_POINT('',(-3.827163277665,-3.313945346058));
#2390 = CARTESIAN_POINT('',(-3.792477455192,-3.194352924668));
#2391 = CARTESIAN_POINT('',(-3.732060356763,-2.999719606377));
#2392 = CARTESIAN_POINT('',(-3.706777156517,-2.922109098942));
#2393 = CARTESIAN_POINT('',(-3.681065573644,-2.847157194688));
#2394 = CARTESIAN_POINT('',(-3.654922508058,-2.775064113184));
#2395 = CARTESIAN_POINT('',(-3.628348526309,-2.706048967263));
#2396 = CARTESIAN_POINT('',(-3.601348133839,-2.640345428486));
#2397 = CARTESIAN_POINT('',(-3.573930316021,-2.578196706581));
#2398 = CARTESIAN_POINT('',(-3.498633132283,-2.420281478407));
#2399 = CARTESIAN_POINT('',(-3.449911359762,-2.331634412581));
#2400 = CARTESIAN_POINT('',(-3.4001078762,-2.255401784736));
#2401 = CARTESIAN_POINT('',(-3.349396614918,-2.192888212268));
#2402 = CARTESIAN_POINT('',(-3.297966137805,-2.145174437771));
#2403 = CARTESIAN_POINT('',(-3.246016906477,-2.113043776186));
#2404 = CARTESIAN_POINT('',(-3.193779439554,-2.097005692971));
#2405 = CARTESIAN_POINT('',(-3.14159265359,-2.097005692971));
#2406 = ( GEOMETRIC_REPRESENTATION_CONTEXT(2) 
PARAMETRIC_REPRESENTATION_CONTEXT() REPRESENTATION_CONTEXT('2D SPACE',''
  ) );
#2407 = PCURVE('',#1956,#2408);
#2408 = DEFINITIONAL_REPRESENTATION('',(#2409),#2440);
#2409 = B_SPLINE_CURVE_WITH_KNOTS('',8,(#2410,#2411,#2412,#2413,#2414,
    #2415,#2416,#2417,#2418,#2419,#2420,#2421,#2422,#2423,#2424,#2425,
    #2426,#2427,#2428,#2429,#2430,#2431,#2432,#2433,#2434,#2435,#2436,
    #2437,#2438,#2439),.UNSPECIFIED.,.F.,.F.,(9,7,7,7,9),(0.,
    0.442494309827,0.635238344914,0.770011278637,1.),.UNSPECIFIED.);
#2410 = CARTESIAN_POINT('',(5.737550416797,-0.612554738339));
#2411 = CARTESIAN_POINT('',(5.729703994132,-0.647060561283));
#2412 = CARTESIAN_POINT('',(5.722330819074,-0.681970339496));
#2413 = CARTESIAN_POINT('',(5.715678598517,-0.717370241399));
#2414 = CARTESIAN_POINT('',(5.710082427329,-0.753315872056));
#2415 = CARTESIAN_POINT('',(5.705984551591,-0.789837987214));
#2416 = CARTESIAN_POINT('',(5.704042749053,-0.826931563202));
#2417 = CARTESIAN_POINT('',(5.705171332714,-0.864560877789));
#2418 = CARTESIAN_POINT('',(5.713638069608,-0.919151749245));
#2419 = CARTESIAN_POINT('',(5.717110388271,-0.935781757953));
#2420 = CARTESIAN_POINT('',(5.721624957105,-0.952464066699));
#2421 = CARTESIAN_POINT('',(5.727345713779,-0.969175161136));
#2422 = CARTESIAN_POINT('',(5.734469190954,-0.985880753276));
#2423 = CARTESIAN_POINT('',(5.743231068869,-1.002533227398));
#2424 = CARTESIAN_POINT('',(5.753911714139,-1.019067536191));
#2425 = CARTESIAN_POINT('',(5.775881077911,-1.046812626449));
#2426 = CARTESIAN_POINT('',(5.786019235305,-1.058127201487));
#2427 = CARTESIAN_POINT('',(5.797366824515,-1.069308232025));
#2428 = CARTESIAN_POINT('',(5.810043514642,-1.080317731639));
#2429 = CARTESIAN_POINT('',(5.824177600164,-1.091109548156));
#2430 = CARTESIAN_POINT('',(5.839900971044,-1.101628607563));
#2431 = CARTESIAN_POINT('',(5.857338449101,-1.111810621352));
#2432 = CARTESIAN_POINT('',(5.909446621758,-1.138257460583));
#2433 = CARTESIAN_POINT('',(5.947636783281,-1.153762807845));
#2434 = CARTESIAN_POINT('',(5.991633459418,-1.167693499111));
#2435 = CARTESIAN_POINT('',(6.041631375398,-1.179597438795));
#2436 = CARTESIAN_POINT('',(6.097473829776,-1.188994443481));
#2437 = CARTESIAN_POINT('',(6.15787767421,-1.19542011147));
#2438 = CARTESIAN_POINT('',(6.220561164023,-1.198627792835));
#2439 = CARTESIAN_POINT('',(6.28318530718,-1.198627792835));
#2440 = ( GEOMETRIC_REPRESENTATION_CONTEXT(2) 
PARAMETRIC_REPRESENTATION_CONTEXT() REPRESENTATION_CONTEXT('2D SPACE',''
  ) );
#2441 = ORIENTED_EDGE('',*,*,#2442,.T.);
#2442 = EDGE_CURVE('',#2339,#1903,#2443,.T.);
#2443 = SURFACE_CURVE('',#2444,(#2482,#2523),.PCURVE_S1.);
#2444 = B_SPLINE_CURVE_WITH_KNOTS('',8,(#2445,#2446,#2447,#2448,#2449,
    #2450,#2451,#2452,#2453,#2454,#2455,#2456,#2457,#2458,#2459,#2460,
    #2461,#2462,#2463,#2464,#2465,#2466,#2467,#2468,#2469,#2470,#2471,
    #2472,#2473,#2474,#2475,#2476,#2477,#2478,#2479,#2480,#2481),
  .UNSPECIFIED.,.F.,.F.,(9,7,7,7,7,9),(0.,0.230439501651,0.365285670438,
    0.55845937895,0.760108311,1.),.UNSPECIFIED.);
#2445 = CARTESIAN_POINT('',(5.,-1.224646799147E-15,2.097005692971));
#2446 = CARTESIAN_POINT('',(5.,0.313692638073,2.097005692971));
#2447 = CARTESIAN_POINT('',(5.018743434885,0.627691372688,2.113102418155
    ));
#2448 = CARTESIAN_POINT('',(5.056294398062,0.93864304157,2.145350807938)
  );
#2449 = CARTESIAN_POINT('',(5.111922487137,1.243842633039,2.19323733517)
  );
#2450 = CARTESIAN_POINT('',(5.184444818042,1.540938572828,2.255973190257
    ));
#2451 = CARTESIAN_POINT('',(5.272245047066,1.827897662903,2.332470187329
    ));
#2452 = CARTESIAN_POINT('',(5.373421084327,2.103092458015,2.421415456945
    ));
#2453 = CARTESIAN_POINT('',(5.55169464507,2.518697673986,2.579760732257)
  );
#2454 = CARTESIAN_POINT('',(5.621428316055,2.667800285501,2.642014546265
    ));
#2455 = CARTESIAN_POINT('',(5.694726359161,2.812430795325,2.707821346025
    ));
#2456 = CARTESIAN_POINT('',(5.771235089308,2.952494856738,2.776937800468
    ));
#2457 = CARTESIAN_POINT('',(5.850614908215,3.087948147226,2.849130189896
    ));
#2458 = CARTESIAN_POINT('',(5.932547174005,3.218788771175,2.924179413754
    ));
#2459 = CARTESIAN_POINT('',(6.016739312187,3.345050645777,3.001885315935
    ));
#2460 = CARTESIAN_POINT('',(6.226397904446,3.641206702442,3.196939264657
    ));
#2461 = CARTESIAN_POINT('',(6.353939597812,3.806314308672,3.316871904633
    ));
#2462 = CARTESIAN_POINT('',(6.484795470853,3.962341365664,3.441360061592
    ));
#2463 = CARTESIAN_POINT('',(6.618282948151,4.109551433276,3.569945985218
    ));
#2464 = CARTESIAN_POINT('',(6.753797485095,4.248244960939,3.702223964757
    ));
#2465 = CARTESIAN_POINT('',(6.890814181316,4.378751705479,3.837843477102
    ));
#2466 = CARTESIAN_POINT('',(7.028888178622,4.501421560229,3.976513879024
    ));
#2467 = CARTESIAN_POINT('',(7.312507655737,4.736859927225,4.265715378704
    ));
#2468 = CARTESIAN_POINT('',(7.458084673311,4.848932804344,4.416468836004
    ));
#2469 = CARTESIAN_POINT('',(7.603954243631,4.9532351519,4.569998845609)
  );
#2470 = CARTESIAN_POINT('',(7.749734495056,5.050149414156,4.726063987929
    ));
#2471 = CARTESIAN_POINT('',(7.895089487237,5.14004397772,4.88445268748)
  );
#2472 = CARTESIAN_POINT('',(8.03972646866,5.223276495693,5.044983261065)
  );
#2473 = CARTESIAN_POINT('',(8.18339324133,5.300194312765,5.207504920278)
  );
#2474 = CARTESIAN_POINT('',(8.49537983551,5.455523013522,5.567472041872)
  );
#2475 = CARTESIAN_POINT('',(8.663186366471,5.531440100542,5.765670619676
    ));
#2476 = CARTESIAN_POINT('',(8.828927212916,5.599446359027,5.966286325079
    ));
#2477 = CARTESIAN_POINT('',(8.992275680698,5.660066831749,6.169134351102
    ));
#2478 = CARTESIAN_POINT('',(9.152943217279,5.713798235756,6.374053816328
    ));
#2479 = CARTESIAN_POINT('',(9.310676133033,5.761115317746,6.580907988286
    ));
#2480 = CARTESIAN_POINT('',(9.465252220661,5.802473826646,6.789585134325
    ));
#2481 = CARTESIAN_POINT('',(9.616477272727,5.838310103371,7.));
#2482 = PCURVE('',#1923,#2483);
#2483 = DEFINITIONAL_REPRESENTATION('',(#2484),#2522);
#2484 = B_SPLINE_CURVE_WITH_KNOTS('',8,(#2485,#2486,#2487,#2488,#2489,
    #2490,#2491,#2492,#2493,#2494,#2495,#2496,#2497,#2498,#2499,#2500,
    #2501,#2502,#2503,#2504,#2505,#2506,#2507,#2508,#2509,#2510,#2511,
    #2512,#2513,#2514,#2515,#2516,#2517,#2518,#2519,#2520,#2521),
  .UNSPECIFIED.,.F.,.F.,(9,7,7,7,7,9),(0.,0.230439501651,0.365285670438,
    0.55845937895,0.760108311,1.),.UNSPECIFIED.);
#2485 = CARTESIAN_POINT('',(-3.14159265359,-2.097005692971));
#2486 = CARTESIAN_POINT('',(-3.089310547244,-2.097005692971));
#2487 = CARTESIAN_POINT('',(-3.036977435805,-2.113102418157));
#2488 = CARTESIAN_POINT('',(-2.984934325882,-2.145350807933));
#2489 = CARTESIAN_POINT('',(-2.933412846137,-2.193237335176));
#2490 = CARTESIAN_POINT('',(-2.88261441088,-2.255973190253));
#2491 = CARTESIAN_POINT('',(-2.832728397269,-2.33247018733));
#2492 = CARTESIAN_POINT('',(-2.783929376289,-2.421415456945));
#2493 = CARTESIAN_POINT('',(-2.708558228331,-2.579760732257));
#2494 = CARTESIAN_POINT('',(-2.681138555011,-2.642014546264));
#2495 = CARTESIAN_POINT('',(-2.654136848181,-2.707821346025));
#2496 = CARTESIAN_POINT('',(-2.627562012673,-2.776937800468));
#2497 = CARTESIAN_POINT('',(-2.601418483224,-2.849130189896));
#2498 = CARTESIAN_POINT('',(-2.575706763313,-2.924179413753));
#2499 = CARTESIAN_POINT('',(-2.550423696032,-3.001885315935));
#2500 = CARTESIAN_POINT('',(-2.489947544808,-3.196939264657));
#2501 = CARTESIAN_POINT('',(-2.455205734447,-3.316871904633));
#2502 = CARTESIAN_POINT('',(-2.421311166858,-3.441360061592));
#2503 = CARTESIAN_POINT('',(-2.388239031529,-3.569945985218));
#2504 = CARTESIAN_POINT('',(-2.355963930528,-3.702223964757));
#2505 = CARTESIAN_POINT('',(-2.32445866398,-3.837843477102));
#2506 = CARTESIAN_POINT('',(-2.293693446995,-3.976513879024));
#2507 = CARTESIAN_POINT('',(-2.232258921674,-4.265715378704));
#2508 = CARTESIAN_POINT('',(-2.201659610451,-4.416468836004));
#2509 = CARTESIAN_POINT('',(-2.171802945822,-4.569998845609));
#2510 = CARTESIAN_POINT('',(-2.142659839997,-4.726063987929));
#2511 = CARTESIAN_POINT('',(-2.114204732037,-4.88445268748));
#2512 = CARTESIAN_POINT('',(-2.086414130055,-5.044983261065));
#2513 = CARTESIAN_POINT('',(-2.059265759529,-5.207504920278));
#2514 = CARTESIAN_POINT('',(-2.001179941738,-5.567472041872));
#2515 = CARTESIAN_POINT('',(-1.970504299314,-5.765670619676));
#2516 = CARTESIAN_POINT('',(-1.940676625112,-5.966286325079));
#2517 = CARTESIAN_POINT('',(-1.911669926775,-6.169134351102));
#2518 = CARTESIAN_POINT('',(-1.883462716861,-6.374053816328));
#2519 = CARTESIAN_POINT('',(-1.856037432647,-6.580907988286));
#2520 = CARTESIAN_POINT('',(-1.829379543793,-6.789585134325));
#2521 = CARTESIAN_POINT('',(-1.803477347886,-7.));
#2522 = ( GEOMETRIC_REPRESENTATION_CONTEXT(2) 
PARAMETRIC_REPRESENTATION_CONTEXT() REPRESENTATION_CONTEXT('2D SPACE',''
  ) );
#2523 = PCURVE('',#1956,#2524);
#2524 = DEFINITIONAL_REPRESENTATION('',(#2525),#2563);
#2525 = B_SPLINE_CURVE_WITH_KNOTS('',8,(#2526,#2527,#2528,#2529,#2530,
    #2531,#2532,#2533,#2534,#2535,#2536,#2537,#2538,#2539,#2540,#2541,
    #2542,#2543,#2544,#2545,#2546,#2547,#2548,#2549,#2550,#2551,#2552,
    #2553,#2554,#2555,#2556,#2557,#2558,#2559,#2560,#2561,#2562),
  .UNSPECIFIED.,.F.,.F.,(9,7,7,7,7,9),(0.,0.230439501651,0.365285670438,
    0.55845937895,0.760108311,1.),.UNSPECIFIED.);
#2526 = CARTESIAN_POINT('',(0.,-1.198627792835));
#2527 = CARTESIAN_POINT('',(6.273852761453E-02,-1.198627792835));
#2528 = CARTESIAN_POINT('',(0.125536768054,-1.195408382864));
#2529 = CARTESIAN_POINT('',(0.186042734147,-1.188959171828));
#2530 = CARTESIAN_POINT('',(0.241961782873,-1.179528682477));
#2531 = CARTESIAN_POINT('',(0.292008263821,-1.16758470783));
#2532 = CARTESIAN_POINT('',(0.336030154529,-1.153610103617));
#2533 = CARTESIAN_POINT('',(0.374226591576,-1.138059146806));
#2534 = CARTESIAN_POINT('',(0.426295076581,-1.111553700069));
#2535 = CARTESIAN_POINT('',(0.443701124377,-1.101359817532));
#2536 = CARTESIAN_POINT('',(0.459393991272,-1.090829886488));
#2537 = CARTESIAN_POINT('',(0.47349881911,-1.080028117003));
#2538 = CARTESIAN_POINT('',(0.486147666819,-1.069009495094));
#2539 = CARTESIAN_POINT('',(0.49746889695,-1.057820085148));
#2540 = CARTESIAN_POINT('',(0.507582183652,-1.046497790429));
#2541 = CARTESIAN_POINT('',(0.529516374411,-1.018707821514));
#2542 = CARTESIAN_POINT('',(0.540180660854,-1.002136287135));
#2543 = CARTESIAN_POINT('',(0.548923146301,-0.985447312177));
#2544 = CARTESIAN_POINT('',(0.556025284809,-0.96870604354));
#2545 = CARTESIAN_POINT('',(0.561723513185,-0.951960127707));
#2546 = CARTESIAN_POINT('',(0.566214899888,-0.935243842013));
#2547 = CARTESIAN_POINT('',(0.569663769236,-0.91858066084));
#2548 = CARTESIAN_POINT('',(0.574866514182,-0.884659708854));
#2549 = CARTESIAN_POINT('',(0.576538738517,-0.867411600945));
#2550 = CARTESIAN_POINT('',(0.577383965241,-0.85025719183));
#2551 = CARTESIAN_POINT('',(0.577528818864,-0.833207874421));
#2552 = CARTESIAN_POINT('',(0.5770766049,-0.816270594746));
#2553 = CARTESIAN_POINT('',(0.576113298039,-0.799448823975));
#2554 = CARTESIAN_POINT('',(0.57471147068,-0.782743083441));
#2555 = CARTESIAN_POINT('',(0.57081540671,-0.746412274497));
#2556 = CARTESIAN_POINT('',(0.568164776449,-0.726836923283));
#2557 = CARTESIAN_POINT('',(0.565083457306,-0.707421934757));
#2558 = CARTESIAN_POINT('',(0.561653446171,-0.688162816494));
#2559 = CARTESIAN_POINT('',(0.557941558155,-0.669053868083));
#2560 = CARTESIAN_POINT('',(0.554003779666,-0.650088308685));
#2561 = CARTESIAN_POINT('',(0.549887966995,-0.631258281955));
#2562 = CARTESIAN_POINT('',(0.545634890383,-0.612554738339));
#2563 = ( GEOMETRIC_REPRESENTATION_CONTEXT(2) 
PARAMETRIC_REPRESENTATION_CONTEXT() REPRESENTATION_CONTEXT('2D SPACE',''
  ) );
#2564 = ORIENTED_EDGE('',*,*,#1900,.F.);
#2565 = ADVANCED_FACE('',(#2566),#1956,.F.);
#2566 = FACE_BOUND('',#2567,.F.);
#2567 = EDGE_LOOP('',(#2568,#2569,#2593,#2594,#2595,#2596,#2887,#2888,
    #3179,#3180,#3471));
#2568 = ORIENTED_EDGE('',*,*,#2442,.F.);
#2569 = ORIENTED_EDGE('',*,*,#2570,.F.);
#2570 = EDGE_CURVE('',#2571,#2339,#2573,.T.);
#2571 = VERTEX_POINT('',#2572);
#2572 = CARTESIAN_POINT('',(8.419446744138E-16,-2.06216970116E-31,
    1.155694150421));
#2573 = SEAM_CURVE('',#2574,(#2579,#2586),.PCURVE_S1.);
#2574 = CIRCLE('',#2575,13.75);
#2575 = AXIS2_PLACEMENT_3D('',#2576,#2577,#2578);
#2576 = CARTESIAN_POINT('',(0.,0.,14.905694150421));
#2577 = DIRECTION('',(-2.449293598295E-16,-1.,0.));
#2578 = DIRECTION('',(1.,-2.449293598295E-16,0.));
#2579 = PCURVE('',#1956,#2580);
#2580 = DEFINITIONAL_REPRESENTATION('',(#2581),#2585);
#2581 = LINE('',#2582,#2583);
#2582 = CARTESIAN_POINT('',(6.28318530718,-6.28318530718));
#2583 = VECTOR('',#2584,1.);
#2584 = DIRECTION('',(0.,1.));
#2585 = ( GEOMETRIC_REPRESENTATION_CONTEXT(2) 
PARAMETRIC_REPRESENTATION_CONTEXT() REPRESENTATION_CONTEXT('2D SPACE',''
  ) );
#2586 = PCURVE('',#1956,#2587);
#2587 = DEFINITIONAL_REPRESENTATION('',(#2588),#2592);
#2588 = LINE('',#2589,#2590);
#2589 = CARTESIAN_POINT('',(0.,-6.28318530718));
#2590 = VECTOR('',#2591,1.);
#2591 = DIRECTION('',(0.,1.));
#2592 = ( GEOMETRIC_REPRESENTATION_CONTEXT(2) 
PARAMETRIC_REPRESENTATION_CONTEXT() REPRESENTATION_CONTEXT('2D SPACE',''
  ) );
#2593 = ORIENTED_EDGE('',*,*,#2570,.T.);
#2594 = ORIENTED_EDGE('',*,*,#2338,.F.);
#2595 = ORIENTED_EDGE('',*,*,#1935,.T.);
#2596 = ORIENTED_EDGE('',*,*,#2597,.T.);
#2597 = EDGE_CURVE('',#1936,#1969,#2598,.T.);
#2598 = SURFACE_CURVE('',#2599,(#2693,#2790),.PCURVE_S1.);
#2599 = B_SPLINE_CURVE_WITH_KNOTS('',8,(#2600,#2601,#2602,#2603,#2604,
    #2605,#2606,#2607,#2608,#2609,#2610,#2611,#2612,#2613,#2614,#2615,
    #2616,#2617,#2618,#2619,#2620,#2621,#2622,#2623,#2624,#2625,#2626,
    #2627,#2628,#2629,#2630,#2631,#2632,#2633,#2634,#2635,#2636,#2637,
    #2638,#2639,#2640,#2641,#2642,#2643,#2644,#2645,#2646,#2647,#2648,
    #2649,#2650,#2651,#2652,#2653,#2654,#2655,#2656,#2657,#2658,#2659,
    #2660,#2661,#2662,#2663,#2664,#2665,#2666,#2667,#2668,#2669,#2670,
    #2671,#2672,#2673,#2674,#2675,#2676,#2677,#2678,#2679,#2680,#2681,
    #2682,#2683,#2684,#2685,#2686,#2687,#2688,#2689,#2690,#2691,#2692),
  .UNSPECIFIED.,.F.,.F.,(9,7,7,7,7,7,7,7,7,7,7,7,7,9),(0.,0.2212088397,
    0.317564167698,0.384938964683,0.419593375265,0.441775215536,
    0.45779817268,0.49991001468,0.558038579329,0.580674417136,
    0.615341798341,0.68275049118,0.779164469607,1.),.UNSPECIFIED.);
#2600 = CARTESIAN_POINT('',(5.838310103371,-9.616477272727,7.));
#2601 = CARTESIAN_POINT('',(5.77219641684,-9.337484960976,6.611809491883
    ));
#2602 = CARTESIAN_POINT('',(5.68733803033,-9.047301594992,6.22983187348)
  );
#2603 = CARTESIAN_POINT('',(5.5809881314,-8.746931486256,5.854244748457)
  );
#2604 = CARTESIAN_POINT('',(5.450131358381,-8.437785116092,
    5.485760019661));
#2605 = CARTESIAN_POINT('',(5.291541774992,-8.121805625972,
    5.125550956995));
#2606 = CARTESIAN_POINT('',(5.101680229247,-7.801599313918,
    4.775236995442));
#2607 = CARTESIAN_POINT('',(4.876869447915,-7.480467120212,4.43682727906
    ));
#2608 = CARTESIAN_POINT('',(4.497230795904,-7.024153727865,
    3.971754756362));
#2609 = CARTESIAN_POINT('',(4.374585091082,-6.886398501528,
    3.833463826139));
#2610 = CARTESIAN_POINT('',(4.244126549932,-6.749707295957,
    3.698218338152));
#2611 = CARTESIAN_POINT('',(4.105507590166,-6.61452353642,3.566308076103
    ));
#2612 = CARTESIAN_POINT('',(3.958400844623,-6.481370235937,
    3.438082354936));
#2613 = CARTESIAN_POINT('',(3.80250830677,-6.350849565499,3.313945346059
    ));
#2614 = CARTESIAN_POINT('',(3.637568925428,-6.22364120625,3.194352924668
    ));
#2615 = CARTESIAN_POINT('',(3.341555320478,-6.014394763373,
    2.999719606377));
#2616 = CARTESIAN_POINT('',(3.215233745681,-5.930290780505,
    2.922109098942));
#2617 = CARTESIAN_POINT('',(3.084336338506,-5.84845081179,2.847157194688
    ));
#2618 = CARTESIAN_POINT('',(2.948829767195,-5.769167500565,
    2.775064113184));
#2619 = CARTESIAN_POINT('',(2.808716586163,-5.692759490299,
    2.706048967264));
#2620 = CARTESIAN_POINT('',(2.664041851894,-5.619566296214,
    2.640345428487));
#2621 = CARTESIAN_POINT('',(2.514900722666,-5.549941414937,
    2.578196706581));
#2622 = CARTESIAN_POINT('',(2.282517722954,-5.450451859074,
    2.489838974373));
#2623 = CARTESIAN_POINT('',(2.202449661011,-5.417699943284,
    2.460834750737));
#2624 = CARTESIAN_POINT('',(2.121265777234,-5.386037393243,
    2.432871359868));
#2625 = CARTESIAN_POINT('',(2.038993438464,-5.355514028759,
    2.405983209738));
#2626 = CARTESIAN_POINT('',(1.955664724903,-5.326179527586,
    2.380204587497));
#2627 = CARTESIAN_POINT('',(1.871316697615,-5.298082931964,
    2.355569318596));
#2628 = CARTESIAN_POINT('',(1.78599166602,-5.271272155161,2.332110425909
    ));
#2629 = CARTESIAN_POINT('',(1.6445272501,-5.229484922491,2.295617443692)
  );
#2630 = CARTESIAN_POINT('',(1.588936176857,-5.213722027853,
    2.281870052193));
#2631 = CARTESIAN_POINT('',(1.532976785526,-5.198517047716,
    2.268626043779));
#2632 = CARTESIAN_POINT('',(1.476662364892,-5.183881778679,
    2.255893530114));
#2633 = CARTESIAN_POINT('',(1.420006942673,-5.169827570316,
    2.243680305103));
#2634 = CARTESIAN_POINT('',(1.363025285516,-5.156365325171,
    2.231993844894));
#2635 = CARTESIAN_POINT('',(1.305732898998,-5.143505498763,
    2.220841307879));
#2636 = CARTESIAN_POINT('',(1.206548398186,-5.122411243335,
    2.202564165866));
#2637 = CARTESIAN_POINT('',(1.164797056758,-5.113883895088,
    2.195180926676));
#2638 = CARTESIAN_POINT('',(1.122898122258,-5.105679801274,
    2.188082377546));
#2639 = CARTESIAN_POINT('',(1.080857857428,-5.097802531786,
    2.181270955537));
#2640 = CARTESIAN_POINT('',(1.038682668836,-5.090255479976,
    2.174748974355));
#2641 = CARTESIAN_POINT('',(0.996379106878,-5.083041862655,
    2.168518624348));
#2642 = CARTESIAN_POINT('',(0.953953865777,-5.076164720095,
    2.162581972507));
#2643 = CARTESIAN_POINT('',(0.799609127045,-5.052444134508,
    2.142115152135));
#2644 = CARTESIAN_POINT('',(0.687008050338,-5.037604808584,
    2.129331048702));
#2645 = CARTESIAN_POINT('',(0.573738500698,-5.025161522732,
    2.118624525984));
#2646 = CARTESIAN_POINT('',(0.459929908082,-5.015156403484,
    2.110023999377));
#2647 = CARTESIAN_POINT('',(0.345713340507,-5.007621379874,
    2.103550895386));
#2648 = CARTESIAN_POINT('',(0.231221964941,-5.002578145337,
    2.099219783931));
#2649 = CARTESIAN_POINT('',(0.116591813747,-5.000037821105,
    2.097038173437));
#2650 = CARTESIAN_POINT('',(-0.156263818437,-4.99994855835,2.09696151529
    ));
#2651 = CARTESIAN_POINT('',(-0.31450854499,-5.004665542297,
    2.101012425498));
#2652 = CARTESIAN_POINT('',(-0.472392748597,-5.014152902842,
    2.109160034298));
#2653 = CARTESIAN_POINT('',(-0.629558032114,-5.028370224442,
    2.121376925694));
#2654 = CARTESIAN_POINT('',(-0.785660331852,-5.047239137902,
    2.137610400562));
#2655 = CARTESIAN_POINT('',(-0.940366393569,-5.070645781867,
    2.157784021211));
#2656 = CARTESIAN_POINT('',(-1.09335256824,-5.098441634007,
    2.181797232677));
#2657 = CARTESIAN_POINT('',(-1.303088658275,-5.14290424801,
    2.220319772313));
#2658 = CARTESIAN_POINT('',(-1.361565573858,-5.156004048989,
    2.231679958578));
#2659 = CARTESIAN_POINT('',(-1.419719380361,-5.169731499322,
    2.243596364584));
#2660 = CARTESIAN_POINT('',(-1.477533584967,-5.184075499204,
    2.256061391104));
#2661 = CARTESIAN_POINT('',(-1.53499249605,-5.199024464527,2.26906709463
    ));
#2662 = CARTESIAN_POINT('',(-1.592081223176,-5.214566326878,
    2.282605187374));
#2663 = CARTESIAN_POINT('',(-1.648785677099,-5.23068853354,
    2.296667037265));
#2664 = CARTESIAN_POINT('',(-1.79132805746,-5.272938477241,
    2.333568161405));
#2665 = CARTESIAN_POINT('',(-1.876631469645,-5.299829847579,
    2.357100320903));
#2666 = CARTESIAN_POINT('',(-1.960955127223,-5.328005746944,
    2.381808182342));
#2667 = CARTESIAN_POINT('',(-2.044256874911,-5.357418158269,
    2.407658649851));
#2668 = CARTESIAN_POINT('',(-2.126499812182,-5.388017952543,
    2.434617836965));
#2669 = CARTESIAN_POINT('',(-2.207652024199,-5.419755382381,
    2.462651407804));
#2670 = CARTESIAN_POINT('',(-2.287686312755,-5.452580575593,
    2.491724918239));
#2671 = CARTESIAN_POINT('',(-2.519983940985,-5.552289530571,
    2.580291475705));
#2672 = CARTESIAN_POINT('',(-2.669066944836,-5.622056962415,
    2.642578140387));
#2673 = CARTESIAN_POINT('',(-2.813676310576,-5.695387120383,
    2.708416860105));
#2674 = CARTESIAN_POINT('',(-2.953717977372,-5.77192630223,
    2.777564294721));
#2675 = CARTESIAN_POINT('',(-3.08914787406,-5.85133492563,2.849786738532
    ));
#2676 = CARTESIAN_POINT('',(-3.219964324239,-5.933294389379,
    2.924865122724));
#2677 = CARTESIAN_POINT('',(-3.346201434141,-6.017512177546,
    3.002599336709));
#2678 = CARTESIAN_POINT('',(-3.642021262803,-6.227034838753,
    3.197539049233));
#2679 = CARTESIAN_POINT('',(-3.806846389756,-6.354400653518,
    3.317312428113));
#2680 = CARTESIAN_POINT('',(-3.962618756671,-6.485068558677,
    3.441626293192));
#2681 = CARTESIAN_POINT('',(-4.109600870802,-6.61835922823,
    3.570025075749));
#2682 = CARTESIAN_POINT('',(-4.248091885142,-6.753670905839,
    3.702104944846));
#2683 = CARTESIAN_POINT('',(-4.378420073899,-6.890481003984,
    3.837516932575));
#2684 = CARTESIAN_POINT('',(-4.500933732466,-7.028346498803,
    3.975971589828));
#2685 = CARTESIAN_POINT('',(-4.879527212045,-7.484266075266,
    4.440831307051));
#2686 = CARTESIAN_POINT('',(-5.103603824225,-7.804845869745,
    4.778789462827));
#2687 = CARTESIAN_POINT('',(-5.292880216289,-8.12447425973,
    5.128593714177));
#2688 = CARTESIAN_POINT('',(-5.451014777954,-8.439873048577,
    5.488249092171));
#2689 = CARTESIAN_POINT('',(-5.581526764959,-8.748453017406,
    5.856147391884));
#2690 = CARTESIAN_POINT('',(-5.687624856823,-9.048282254089,
    6.231122685101));
#2691 = CARTESIAN_POINT('',(-5.772308319722,-9.337957178535,
    6.612466536421));
#2692 = CARTESIAN_POINT('',(-5.838310103371,-9.616477272727,7.));
#2693 = PCURVE('',#1956,#2694);
#2694 = DEFINITIONAL_REPRESENTATION('',(#2695),#2789);
#2695 = B_SPLINE_CURVE_WITH_KNOTS('',8,(#2696,#2697,#2698,#2699,#2700,
    #2701,#2702,#2703,#2704,#2705,#2706,#2707,#2708,#2709,#2710,#2711,
    #2712,#2713,#2714,#2715,#2716,#2717,#2718,#2719,#2720,#2721,#2722,
    #2723,#2724,#2725,#2726,#2727,#2728,#2729,#2730,#2731,#2732,#2733,
    #2734,#2735,#2736,#2737,#2738,#2739,#2740,#2741,#2742,#2743,#2744,
    #2745,#2746,#2747,#2748,#2749,#2750,#2751,#2752,#2753,#2754,#2755,
    #2756,#2757,#2758,#2759,#2760,#2761,#2762,#2763,#2764,#2765,#2766,
    #2767,#2768,#2769,#2770,#2771,#2772,#2773,#2774,#2775,#2776,#2777,
    #2778,#2779,#2780,#2781,#2782,#2783,#2784,#2785,#2786,#2787,#2788),
  .UNSPECIFIED.,.F.,.F.,(9,7,7,7,7,7,7,7,7,7,7,7,7,9),(0.,0.2212088397,
    0.317564167698,0.384938964683,0.419593375265,0.441775215536,
    0.45779817268,0.49991001468,0.558038579329,0.580674417136,
    0.615341798341,0.68275049118,0.779164469607,1.),.UNSPECIFIED.);
#2696 = CARTESIAN_POINT('',(5.258023870767,-0.612554738339));
#2697 = CARTESIAN_POINT('',(5.265870293432,-0.647060561283));
#2698 = CARTESIAN_POINT('',(5.273243468491,-0.681970339497));
#2699 = CARTESIAN_POINT('',(5.279895689047,-0.717370241398));
#2700 = CARTESIAN_POINT('',(5.285491860236,-0.753315872058));
#2701 = CARTESIAN_POINT('',(5.289589735972,-0.789837987213));
#2702 = CARTESIAN_POINT('',(5.291531538512,-0.826931563203));
#2703 = CARTESIAN_POINT('',(5.29040295485,-0.864560877789));
#2704 = CARTESIAN_POINT('',(5.281936217956,-0.919151749245));
#2705 = CARTESIAN_POINT('',(5.278463899293,-0.935781757953));
#2706 = CARTESIAN_POINT('',(5.273949330459,-0.952464066699));
#2707 = CARTESIAN_POINT('',(5.268228573785,-0.969175161136));
#2708 = CARTESIAN_POINT('',(5.26110509661,-0.985880753276));
#2709 = CARTESIAN_POINT('',(5.252343218695,-1.002533227398));
#2710 = CARTESIAN_POINT('',(5.241662573426,-1.019067536191));
#2711 = CARTESIAN_POINT('',(5.219693209654,-1.046812626449));
#2712 = CARTESIAN_POINT('',(5.20955505226,-1.058127201487));
#2713 = CARTESIAN_POINT('',(5.198207463049,-1.069308232025));
#2714 = CARTESIAN_POINT('',(5.185530772922,-1.080317731639));
#2715 = CARTESIAN_POINT('',(5.1713966874,-1.091109548156));
#2716 = CARTESIAN_POINT('',(5.15567331652,-1.101628607563));
#2717 = CARTESIAN_POINT('',(5.138235838463,-1.111810621352));
#2718 = CARTESIAN_POINT('',(5.109079942488,-1.12660832494));
#2719 = CARTESIAN_POINT('',(5.098697041028,-1.131525680605));
#2720 = CARTESIAN_POINT('',(5.087820705799,-1.13632429047));
#2721 = CARTESIAN_POINT('',(5.076439213788,-1.140993456919));
#2722 = CARTESIAN_POINT('',(5.064543363111,-1.145521931175));
#2723 = CARTESIAN_POINT('',(5.052127330421,-1.149898025894));
#2724 = CARTESIAN_POINT('',(5.039189528317,-1.154109727763));
#2725 = CARTESIAN_POINT('',(5.017120409117,-1.160727614145));
#2726 = CARTESIAN_POINT('',(5.008295073656,-1.163238093023));
#2727 = CARTESIAN_POINT('',(4.999258232978,-1.16567300077));
#2728 = CARTESIAN_POINT('',(4.990011664671,-1.168029123095));
#2729 = CARTESIAN_POINT('',(4.980558147308,-1.170303277378));
#2730 = CARTESIAN_POINT('',(4.970901460444,-1.172492312673));
#2731 = CARTESIAN_POINT('',(4.961046384618,-1.174593109706));
#2732 = CARTESIAN_POINT('',(4.943740800456,-1.178054113754));
#2733 = CARTESIAN_POINT('',(4.936382429211,-1.179458015637));
#2734 = CARTESIAN_POINT('',(4.928925810346,-1.180813131537));
#2735 = CARTESIAN_POINT('',(4.921373470906,-1.182118343288));
#2736 = CARTESIAN_POINT('',(4.913728242257,-1.183372569546));
#2737 = CARTESIAN_POINT('',(4.905993260081,-1.184574765787));
#2738 = CARTESIAN_POINT('',(4.898171964379,-1.185723924312));
#2739 = CARTESIAN_POINT('',(4.869495010753,-1.189697368203));
#2740 = CARTESIAN_POINT('',(4.848151007666,-1.192202713208));
#2741 = CARTESIAN_POINT('',(4.826304632887,-1.194317574409));
#2742 = CARTESIAN_POINT('',(4.80403807088,-1.196026895847));
#2743 = CARTESIAN_POINT('',(4.781445860736,-1.197318775233));
#2744 = CARTESIAN_POINT('',(4.758632270809,-1.198184978873));
#2745 = CARTESIAN_POINT('',(4.735707335139,-1.198621296742));
#2746 = CARTESIAN_POINT('',(4.681136227625,-1.19863662837));
#2747 = CARTESIAN_POINT('',(4.649485404658,-1.197826491934));
#2748 = CARTESIAN_POINT('',(4.618121422397,-1.196196781641));
#2749 = CARTESIAN_POINT('',(4.587335008384,-1.193762862732));
#2750 = CARTESIAN_POINT('',(4.557387192248,-1.190554348282));
#2751 = CARTESIAN_POINT('',(4.528491905343,-1.186612729664));
#2752 = CARTESIAN_POINT('',(4.500809265885,-1.181988301631));
#2753 = CARTESIAN_POINT('',(4.464184815396,-1.1746912326));
#2754 = CARTESIAN_POINT('',(4.454120347242,-1.172550822093));
#2755 = CARTESIAN_POINT('',(4.444262332752,-1.170318430002));
#2756 = CARTESIAN_POINT('',(4.434615874888,-1.167997369993));
#2757 = CARTESIAN_POINT('',(4.425184991914,-1.165590989899));
#2758 = CARTESIAN_POINT('',(4.415972617402,-1.163102671717));
#2759 = CARTESIAN_POINT('',(4.406980600229,-1.160535831611));
#2760 = CARTESIAN_POINT('',(4.384776847096,-1.153847762624));
#2761 = CARTESIAN_POINT('',(4.371862795286,-1.149625422645));
#2762 = CARTESIAN_POINT('',(4.359470859733,-1.14523913509));
#2763 = CARTESIAN_POINT('',(4.347599279476,-1.140700915192));
#2764 = CARTESIAN_POINT('',(4.336242079201,-1.136022446676));
#2765 = CARTESIAN_POINT('',(4.325389926445,-1.131214970125));
#2766 = CARTESIAN_POINT('',(4.31503098879,-1.126289171346));
#2767 = CARTESIAN_POINT('',(4.285942269557,-1.111466553952));
#2768 = CARTESIAN_POINT('',(4.268547620842,-1.101269105581));
#2769 = CARTESIAN_POINT('',(4.252865687764,-1.09073597491));
#2770 = CARTESIAN_POINT('',(4.238771237707,-1.07993133711));
#2771 = CARTESIAN_POINT('',(4.226132172818,-1.068910141694));
#2772 = CARTESIAN_POINT('',(4.21482012435,-1.057718418137));
#2773 = CARTESIAN_POINT('',(4.204715431118,-1.046394037687));
#2774 = CARTESIAN_POINT('',(4.182821121083,-1.018625285846));
#2775 = CARTESIAN_POINT('',(4.172180420546,-1.002077899222));
#2776 = CARTESIAN_POINT('',(4.163454916002,-0.985413626421));
#2777 = CARTESIAN_POINT('',(4.15636451344,-0.96869728196));
#2778 = CARTESIAN_POINT('',(4.150673861947,-0.951976290191));
#2779 = CARTESIAN_POINT('',(4.146186742279,-0.935284784414));
#2780 = CARTESIAN_POINT('',(4.142739491333,-0.918646154817));
#2781 = CARTESIAN_POINT('',(4.134361801768,-0.864115746469));
#2782 = CARTESIAN_POINT('',(4.133266222773,-0.826555482876));
#2783 = CARTESIAN_POINT('',(4.135222901688,-0.78952952795));
#2784 = CARTESIAN_POINT('',(4.139323907586,-0.753073090595));
#2785 = CARTESIAN_POINT('',(4.14491597842,-0.717190916218));
#2786 = CARTESIAN_POINT('',(4.151559405352,-0.68185236685));
#2787 = CARTESIAN_POINT('',(4.158920948056,-0.647002157324));
#2788 = CARTESIAN_POINT('',(4.166754090002,-0.612554738339));
#2789 = ( GEOMETRIC_REPRESENTATION_CONTEXT(2) 
PARAMETRIC_REPRESENTATION_CONTEXT() REPRESENTATION_CONTEXT('2D SPACE',''
  ) );
#2790 = PCURVE('',#1989,#2791);
#2791 = DEFINITIONAL_REPRESENTATION('',(#2792),#2886);
#2792 = B_SPLINE_CURVE_WITH_KNOTS('',8,(#2793,#2794,#2795,#2796,#2797,
    #2798,#2799,#2800,#2801,#2802,#2803,#2804,#2805,#2806,#2807,#2808,
    #2809,#2810,#2811,#2812,#2813,#2814,#2815,#2816,#2817,#2818,#2819,
    #2820,#2821,#2822,#2823,#2824,#2825,#2826,#2827,#2828,#2829,#2830,
    #2831,#2832,#2833,#2834,#2835,#2836,#2837,#2838,#2839,#2840,#2841,
    #2842,#2843,#2844,#2845,#2846,#2847,#2848,#2849,#2850,#2851,#2852,
    #2853,#2854,#2855,#2856,#2857,#2858,#2859,#2860,#2861,#2862,#2863,
    #2864,#2865,#2866,#2867,#2868,#2869,#2870,#2871,#2872,#2873,#2874,
    #2875,#2876,#2877,#2878,#2879,#2880,#2881,#2882,#2883,#2884,#2885),
  .UNSPECIFIED.,.F.,.F.,(9,7,7,7,7,7,7,7,7,7,7,7,7,9),(0.,0.2212088397,
    0.317564167698,0.384938964683,0.419593375265,0.441775215536,
    0.45779817268,0.49991001468,0.558038579329,0.580674417136,
    0.615341798341,0.68275049118,0.779164469607,1.),.UNSPECIFIED.);
#2793 = CARTESIAN_POINT('',(-0.232681021091,-7.));
#2794 = CARTESIAN_POINT('',(-0.28046750499,-6.611809491883));
#2795 = CARTESIAN_POINT('',(-0.330789351469,-6.229831873481));
#2796 = CARTESIAN_POINT('',(-0.38375500643,-5.854244748454));
#2797 = CARTESIAN_POINT('',(-0.439493911658,-5.485760019665));
#2798 = CARTESIAN_POINT('',(-0.498148789453,-5.125550956993));
#2799 = CARTESIAN_POINT('',(-0.559911038686,-4.775236995443));
#2800 = CARTESIAN_POINT('',(-0.625018972535,-4.43682727906));
#2801 = CARTESIAN_POINT('',(-0.723950404757,-3.971754756362));
#2802 = CARTESIAN_POINT('',(-0.754673316133,-3.833463826139));
#2803 = CARTESIAN_POINT('',(-0.786133908696,-3.698218338152));
#2804 = CARTESIAN_POINT('',(-0.818361791961,-3.566308076103));
#2805 = CARTESIAN_POINT('',(-0.851383987649,-3.438082354936));
#2806 = CARTESIAN_POINT('',(-0.88522570272,-3.313945346059));
#2807 = CARTESIAN_POINT('',(-0.919911525192,-3.194352924668));
#2808 = CARTESIAN_POINT('',(-0.980328623621,-2.999719606377));
#2809 = CARTESIAN_POINT('',(-1.005611823868,-2.922109098942));
#2810 = CARTESIAN_POINT('',(-1.031323406741,-2.847157194688));
#2811 = CARTESIAN_POINT('',(-1.057466472327,-2.775064113184));
#2812 = CARTESIAN_POINT('',(-1.084040454076,-2.706048967264));
#2813 = CARTESIAN_POINT('',(-1.111040846546,-2.640345428487));
#2814 = CARTESIAN_POINT('',(-1.138458664364,-2.578196706581));
#2815 = CARTESIAN_POINT('',(-1.180589423213,-2.489838974373));
#2816 = CARTESIAN_POINT('',(-1.195005476727,-2.460834750737));
#2817 = CARTESIAN_POINT('',(-1.209525493177,-2.432871359868));
#2818 = CARTESIAN_POINT('',(-1.224146761149,-2.405983209738));
#2819 = CARTESIAN_POINT('',(-1.238866124426,-2.380204587497));
#2820 = CARTESIAN_POINT('',(-1.253679948816,-2.355569318596));
#2821 = CARTESIAN_POINT('',(-1.268584088974,-2.332110425909));
#2822 = CARTESIAN_POINT('',(-1.293168610858,-2.295617443692));
#2823 = CARTESIAN_POINT('',(-1.302798475993,-2.281870052193));
#2824 = CARTESIAN_POINT('',(-1.312462220875,-2.268626043779));
#2825 = CARTESIAN_POINT('',(-1.322158552194,-2.255893530114));
#2826 = CARTESIAN_POINT('',(-1.33188611309,-2.243680305103));
#2827 = CARTESIAN_POINT('',(-1.341643483155,-2.231993844894));
#2828 = CARTESIAN_POINT('',(-1.351429178434,-2.220841307879));
#2829 = CARTESIAN_POINT('',(-1.368329649181,-2.202564165866));
#2830 = CARTESIAN_POINT('',(-1.375431626551,-2.195180926676));
#2831 = CARTESIAN_POINT('',(-1.382547000813,-2.188082377546));
#2832 = CARTESIAN_POINT('',(-1.389675178899,-2.181270955537));
#2833 = CARTESIAN_POINT('',(-1.396815557386,-2.174748974355));
#2834 = CARTESIAN_POINT('',(-1.403967522502,-2.168518624348));
#2835 = CARTESIAN_POINT('',(-1.41113045012,-2.162581972507));
#2836 = CARTESIAN_POINT('',(-1.437156593256,-2.142115152135));
#2837 = CARTESIAN_POINT('',(-1.456081347296,-2.129331048702));
#2838 = CARTESIAN_POINT('',(-1.475065772339,-2.118624525984));
#2839 = CARTESIAN_POINT('',(-1.494098015327,-2.110023999377));
#2840 = CARTESIAN_POINT('',(-1.513166397873,-2.103550895386));
#2841 = CARTESIAN_POINT('',(-1.532259194478,-2.099219783931));
#2842 = CARTESIAN_POINT('',(-1.551364356809,-2.097038173437));
#2843 = CARTESIAN_POINT('',(-1.59684029794,-2.09696151529));
#2844 = CARTESIAN_POINT('',(-1.623214157812,-2.101012425498));
#2845 = CARTESIAN_POINT('',(-1.649555626225,-2.109160034298));
#2846 = CARTESIAN_POINT('',(-1.675832918937,-2.121376925694));
#2847 = CARTESIAN_POINT('',(-1.702015865901,-2.137610400562));
#2848 = CARTESIAN_POINT('',(-1.728074604092,-2.157784021211));
#2849 = CARTESIAN_POINT('',(-1.753978702112,-2.181797232677));
#2850 = CARTESIAN_POINT('',(-1.789711565723,-2.220319772313));
#2851 = CARTESIAN_POINT('',(-1.799698610468,-2.231679958578));
#2852 = CARTESIAN_POINT('',(-1.809656203706,-2.243596364584));
#2853 = CARTESIAN_POINT('',(-1.819582767194,-2.256061391104));
#2854 = CARTESIAN_POINT('',(-1.829476791579,-2.26906709463));
#2855 = CARTESIAN_POINT('',(-1.83933683639,-2.282605187374));
#2856 = CARTESIAN_POINT('',(-1.849161530047,-2.296667037265));
#2857 = CARTESIAN_POINT('',(-1.873940210366,-2.333568161405));
#2858 = CARTESIAN_POINT('',(-1.888844945616,-2.357100320903));
#2859 = CARTESIAN_POINT('',(-1.903659099698,-2.381808182342));
#2860 = CARTESIAN_POINT('',(-1.918378541779,-2.407658649851));
#2861 = CARTESIAN_POINT('',(-1.932999652913,-2.434617836965));
#2862 = CARTESIAN_POINT('',(-1.947519292859,-2.462651407804));
#2863 = CARTESIAN_POINT('',(-1.961934766903,-2.491724918239));
#2864 = CARTESIAN_POINT('',(-2.004066855421,-2.580291475705));
#2865 = CARTESIAN_POINT('',(-2.031485953603,-2.642578140388));
#2866 = CARTESIAN_POINT('',(-2.058486938986,-2.708416860105));
#2867 = CARTESIAN_POINT('',(-2.085060935016,-2.777564294721));
#2868 = CARTESIAN_POINT('',(-2.111203531199,-2.849786738532));
#2869 = CARTESIAN_POINT('',(-2.136914245117,-2.924865122724));
#2870 = CARTESIAN_POINT('',(-2.162196252066,-3.002599336709));
#2871 = CARTESIAN_POINT('',(-2.222613577715,-3.197539049233));
#2872 = CARTESIAN_POINT('',(-2.25730035842,-3.317312428113));
#2873 = CARTESIAN_POINT('',(-2.291142481901,-3.441626293192));
#2874 = CARTESIAN_POINT('',(-2.324164656453,-3.570025075749));
#2875 = CARTESIAN_POINT('',(-2.356392174523,-3.702104944846));
#2876 = CARTESIAN_POINT('',(-2.387852118235,-3.837516932575));
#2877 = CARTESIAN_POINT('',(-2.41857413712,-3.975971589828));
#2878 = CARTESIAN_POINT('',(-2.517343746001,-4.440831307051));
#2879 = CARTESIAN_POINT('',(-2.582307702196,-4.778789462828));
#2880 = CARTESIAN_POINT('',(-2.643939170921,-5.128593714175));
#2881 = CARTESIAN_POINT('',(-2.702475180897,-5.488249092173));
#2882 = CARTESIAN_POINT('',(-2.758105939563,-5.856147391882));
#2883 = CARTESIAN_POINT('',(-2.810973365091,-6.231122685101));
#2884 = CARTESIAN_POINT('',(-2.861206031176,-6.612466536421));
#2885 = CARTESIAN_POINT('',(-2.908911632499,-7.));
#2886 = ( GEOMETRIC_REPRESENTATION_CONTEXT(2) 
PARAMETRIC_REPRESENTATION_CONTEXT() REPRESENTATION_CONTEXT('2D SPACE',''
  ) );
#2887 = ORIENTED_EDGE('',*,*,#2001,.T.);
#2888 = ORIENTED_EDGE('',*,*,#2889,.F.);
#2889 = EDGE_CURVE('',#2030,#2002,#2890,.T.);
#2890 = SURFACE_CURVE('',#2891,(#2985,#3082),.PCURVE_S1.);
#2891 = B_SPLINE_CURVE_WITH_KNOTS('',8,(#2892,#2893,#2894,#2895,#2896,
    #2897,#2898,#2899,#2900,#2901,#2902,#2903,#2904,#2905,#2906,#2907,
    #2908,#2909,#2910,#2911,#2912,#2913,#2914,#2915,#2916,#2917,#2918,
    #2919,#2920,#2921,#2922,#2923,#2924,#2925,#2926,#2927,#2928,#2929,
    #2930,#2931,#2932,#2933,#2934,#2935,#2936,#2937,#2938,#2939,#2940,
    #2941,#2942,#2943,#2944,#2945,#2946,#2947,#2948,#2949,#2950,#2951,
    #2952,#2953,#2954,#2955,#2956,#2957,#2958,#2959,#2960,#2961,#2962,
    #2963,#2964,#2965,#2966,#2967,#2968,#2969,#2970,#2971,#2972,#2973,
    #2974,#2975,#2976,#2977,#2978,#2979,#2980,#2981,#2982,#2983,#2984),
  .UNSPECIFIED.,.F.,.F.,(9,7,7,7,7,7,7,7,7,7,7,7,7,9),(0.,0.222480739829
    ,0.318101777246,0.38493973431,0.419594101528,0.441775914044,
    0.457798851138,0.499910640444,0.558039132356,0.580674941839,
    0.615342279664,0.682750888155,0.779164745938,1.),.UNSPECIFIED.);
#2892 = CARTESIAN_POINT('',(-9.616477272727,5.838310103371,7.));
#2893 = CARTESIAN_POINT('',(-9.335877050945,5.771815385338,
    6.609572242377));
#2894 = CARTESIAN_POINT('',(-9.043964364357,5.686361152643,
    6.225440256765));
#2895 = CARTESIAN_POINT('',(-8.741754997679,5.579153112206,
    5.847774262073));
#2896 = CARTESIAN_POINT('',(-8.430682290059,5.447120755157,
    5.477297081815));
#2897 = CARTESIAN_POINT('',(-8.112727006463,5.286978054783,
    5.115206381055));
#2898 = CARTESIAN_POINT('',(-7.790554718759,5.09511814594,4.76316092812)
  );
#2899 = CARTESIAN_POINT('',(-7.467544437985,4.867797622307,
    4.423218624806));
#2900 = CARTESIAN_POINT('',(-7.01066973125,4.48523463506,3.958214794084)
  );
#2901 = CARTESIAN_POINT('',(-6.874052839776,4.362867514212,
    3.821233172824));
#2902 = CARTESIAN_POINT('',(-6.738515166289,4.232782142676,
    3.687271286758));
#2903 = CARTESIAN_POINT('',(-6.604493832951,4.094639233355,
    3.556615008934));
#2904 = CARTESIAN_POINT('',(-6.47250369951,3.948119763532,3.429608333015
    ));
#2905 = CARTESIAN_POINT('',(-6.343136854511,3.792933957068,3.30664879365
    ));
#2906 = CARTESIAN_POINT('',(-6.217060897197,3.628828831976,
    3.188184333073));
#2907 = CARTESIAN_POINT('',(-6.009708099347,3.334505464855,
    2.995395545724));
#2908 = CARTESIAN_POINT('',(-5.926381741328,3.208973214747,
    2.918529556813));
#2909 = CARTESIAN_POINT('',(-5.84529497476,3.078936499482,2.844287856169
    ));
#2910 = CARTESIAN_POINT('',(-5.766734240844,2.944363788751,
    2.772866438793));
#2911 = CARTESIAN_POINT('',(-5.691011105063,2.805258524364,
    2.704479555596));
#2912 = CARTESIAN_POINT('',(-5.618457290019,2.661665502569,2.63935552315
    ));
#2913 = CARTESIAN_POINT('',(-5.549418019276,2.513678199832,2.57773187333
    ));
#2914 = CARTESIAN_POINT('',(-5.450451859074,2.282517722953,
    2.489838974373));
#2915 = CARTESIAN_POINT('',(-5.417699943284,2.202449661012,
    2.460834750737));
#2916 = CARTESIAN_POINT('',(-5.386037393243,2.121265777234,
    2.432871359868));
#2917 = CARTESIAN_POINT('',(-5.355514028759,2.038993438464,
    2.405983209738));
#2918 = CARTESIAN_POINT('',(-5.326179527586,1.955664724903,
    2.380204587497));
#2919 = CARTESIAN_POINT('',(-5.298082931964,1.871316697615,
    2.355569318596));
#2920 = CARTESIAN_POINT('',(-5.271272155161,1.78599166602,2.332110425909
    ));
#2921 = CARTESIAN_POINT('',(-5.229484922491,1.6445272501,2.295617443692)
  );
#2922 = CARTESIAN_POINT('',(-5.213722027853,1.588936176857,
    2.281870052193));
#2923 = CARTESIAN_POINT('',(-5.198517047716,1.532976785526,
    2.268626043779));
#2924 = CARTESIAN_POINT('',(-5.183881778679,1.476662364892,
    2.255893530114));
#2925 = CARTESIAN_POINT('',(-5.169827570316,1.420006942673,
    2.243680305103));
#2926 = CARTESIAN_POINT('',(-5.156365325171,1.363025285516,
    2.231993844894));
#2927 = CARTESIAN_POINT('',(-5.143505498763,1.305732898998,
    2.220841307879));
#2928 = CARTESIAN_POINT('',(-5.122411243335,1.206548398186,
    2.202564165866));
#2929 = CARTESIAN_POINT('',(-5.113883895088,1.164797056758,
    2.195180926676));
#2930 = CARTESIAN_POINT('',(-5.105679801274,1.122898122258,
    2.188082377546));
#2931 = CARTESIAN_POINT('',(-5.097802531786,1.080857857428,
    2.181270955537));
#2932 = CARTESIAN_POINT('',(-5.090255479976,1.038682668836,
    2.174748974355));
#2933 = CARTESIAN_POINT('',(-5.083041862655,0.996379106878,
    2.168518624348));
#2934 = CARTESIAN_POINT('',(-5.076164720095,0.953953865777,
    2.162581972507));
#2935 = CARTESIAN_POINT('',(-5.052444134508,0.799609127045,
    2.142115152135));
#2936 = CARTESIAN_POINT('',(-5.037604808584,0.687008050338,
    2.129331048702));
#2937 = CARTESIAN_POINT('',(-5.025161522731,0.573738500698,
    2.118624525984));
#2938 = CARTESIAN_POINT('',(-5.015156403484,0.459929908083,
    2.110023999377));
#2939 = CARTESIAN_POINT('',(-5.007621379874,0.345713340507,
    2.103550895386));
#2940 = CARTESIAN_POINT('',(-5.002578145337,0.231221964941,
    2.099219783931));
#2941 = CARTESIAN_POINT('',(-5.000037821105,0.116591813747,
    2.097038173437));
#2942 = CARTESIAN_POINT('',(-4.99994855835,-0.156263818437,2.09696151529
    ));
#2943 = CARTESIAN_POINT('',(-5.004665542297,-0.31450854499,
    2.101012425498));
#2944 = CARTESIAN_POINT('',(-5.014152902841,-0.472392748597,
    2.109160034298));
#2945 = CARTESIAN_POINT('',(-5.028370224442,-0.629558032113,
    2.121376925694));
#2946 = CARTESIAN_POINT('',(-5.047239137902,-0.785660331852,
    2.137610400562));
#2947 = CARTESIAN_POINT('',(-5.070645781867,-0.940366393569,
    2.157784021211));
#2948 = CARTESIAN_POINT('',(-5.098441634007,-1.093352568239,
    2.181797232677));
#2949 = CARTESIAN_POINT('',(-5.14290424801,-1.303088658275,
    2.220319772313));
#2950 = CARTESIAN_POINT('',(-5.156004048989,-1.361565573858,
    2.231679958578));
#2951 = CARTESIAN_POINT('',(-5.169731499322,-1.419719380361,
    2.243596364584));
#2952 = CARTESIAN_POINT('',(-5.184075499204,-1.477533584967,
    2.256061391104));
#2953 = CARTESIAN_POINT('',(-5.199024464527,-1.53499249605,2.26906709463
    ));
#2954 = CARTESIAN_POINT('',(-5.214566326878,-1.592081223176,
    2.282605187374));
#2955 = CARTESIAN_POINT('',(-5.23068853354,-1.648785677099,
    2.296667037265));
#2956 = CARTESIAN_POINT('',(-5.272938477241,-1.79132805746,
    2.333568161405));
#2957 = CARTESIAN_POINT('',(-5.299829847579,-1.876631469645,
    2.357100320903));
#2958 = CARTESIAN_POINT('',(-5.328005746944,-1.960955127223,
    2.381808182342));
#2959 = CARTESIAN_POINT('',(-5.357418158269,-2.044256874911,
    2.407658649851));
#2960 = CARTESIAN_POINT('',(-5.388017952543,-2.126499812182,
    2.434617836965));
#2961 = CARTESIAN_POINT('',(-5.419755382381,-2.207652024199,
    2.462651407804));
#2962 = CARTESIAN_POINT('',(-5.452580575593,-2.287686312755,
    2.491724918238));
#2963 = CARTESIAN_POINT('',(-5.552289530571,-2.519983940985,
    2.580291475705));
#2964 = CARTESIAN_POINT('',(-5.622056962415,-2.669066944835,
    2.642578140387));
#2965 = CARTESIAN_POINT('',(-5.695387120383,-2.813676310576,
    2.708416860105));
#2966 = CARTESIAN_POINT('',(-5.77192630223,-2.953717977372,
    2.777564294721));
#2967 = CARTESIAN_POINT('',(-5.85133492563,-3.08914787406,2.849786738532
    ));
#2968 = CARTESIAN_POINT('',(-5.933294389379,-3.219964324239,
    2.924865122724));
#2969 = CARTESIAN_POINT('',(-6.017512177546,-3.346201434141,
    3.002599336709));
#2970 = CARTESIAN_POINT('',(-6.227034838753,-3.642021262803,
    3.197539049233));
#2971 = CARTESIAN_POINT('',(-6.354400653518,-3.806846389756,
    3.317312428113));
#2972 = CARTESIAN_POINT('',(-6.485068558677,-3.962618756671,
    3.441626293192));
#2973 = CARTESIAN_POINT('',(-6.61835922823,-4.109600870802,
    3.570025075749));
#2974 = CARTESIAN_POINT('',(-6.753670905838,-4.248091885141,
    3.702104944846));
#2975 = CARTESIAN_POINT('',(-6.890481003984,-4.378420073899,
    3.837516932575));
#2976 = CARTESIAN_POINT('',(-7.028346498803,-4.500933732466,
    3.975971589828));
#2977 = CARTESIAN_POINT('',(-7.484266075267,-4.879527212046,
    4.440831307051));
#2978 = CARTESIAN_POINT('',(-7.804845869742,-5.103603824223,
    4.778789462824));
#2979 = CARTESIAN_POINT('',(-8.124474259737,-5.292880216294,
    5.128593714185));
#2980 = CARTESIAN_POINT('',(-8.439873048569,-5.451014777949,
    5.48824909216));
#2981 = CARTESIAN_POINT('',(-8.748453017413,-5.581526764963,
    5.856147391892));
#2982 = CARTESIAN_POINT('',(-9.048282254087,-5.687624856822,
    6.231122685097));
#2983 = CARTESIAN_POINT('',(-9.337957178536,-5.772308319722,
    6.612466536422));
#2984 = CARTESIAN_POINT('',(-9.616477272727,-5.838310103371,7.));
#2985 = PCURVE('',#1956,#2986);
#2986 = DEFINITIONAL_REPRESENTATION('',(#2987),#3081);
#2987 = B_SPLINE_CURVE_WITH_KNOTS('',8,(#2988,#2989,#2990,#2991,#2992,
    #2993,#2994,#2995,#2996,#2997,#2998,#2999,#3000,#3001,#3002,#3003,
    #3004,#3005,#3006,#3007,#3008,#3009,#3010,#3011,#3012,#3013,#3014,
    #3015,#3016,#3017,#3018,#3019,#3020,#3021,#3022,#3023,#3024,#3025,
    #3026,#3027,#3028,#3029,#3030,#3031,#3032,#3033,#3034,#3035,#3036,
    #3037,#3038,#3039,#3040,#3041,#3042,#3043,#3044,#3045,#3046,#3047,
    #3048,#3049,#3050,#3051,#3052,#3053,#3054,#3055,#3056,#3057,#3058,
    #3059,#3060,#3061,#3062,#3063,#3064,#3065,#3066,#3067,#3068,#3069,
    #3070,#3071,#3072,#3073,#3074,#3075,#3076,#3077,#3078,#3079,#3080),
  .UNSPECIFIED.,.F.,.F.,(9,7,7,7,7,7,7,7,7,7,7,7,7,9),(0.,0.222480739829
    ,0.318101777246,0.38493973431,0.419594101528,0.441775914044,
    0.457798851138,0.499910640444,0.558039132356,0.580674941839,
    0.615342279664,0.682750888155,0.779164745938,1.),.UNSPECIFIED.);
#2988 = CARTESIAN_POINT('',(2.595957763207,-0.612554738339));
#2989 = CARTESIAN_POINT('',(2.588066119433,-0.647259427906));
#2990 = CARTESIAN_POINT('',(2.580653424029,-0.682371757254));
#2991 = CARTESIAN_POINT('',(2.573971403411,-0.7179802405));
#2992 = CARTESIAN_POINT('',(2.568361470724,-0.754141655203));
#2993 = CARTESIAN_POINT('',(2.564274614536,-0.790887271181));
#2994 = CARTESIAN_POINT('',(2.562384098246,-0.828211012806));
#2995 = CARTESIAN_POINT('',(2.56362638113,-0.866075445428));
#2996 = CARTESIAN_POINT('',(2.572384565744,-0.92077945912));
#2997 = CARTESIAN_POINT('',(2.575917734065,-0.937287160515));
#2998 = CARTESIAN_POINT('',(2.580488831272,-0.953844700848));
#2999 = CARTESIAN_POINT('',(2.586259865289,-0.970428574842));
#3000 = CARTESIAN_POINT('',(2.593424787243,-0.987004662805));
#3001 = CARTESIAN_POINT('',(2.602215789253,-1.003525733362));
#3002 = CARTESIAN_POINT('',(2.612908503698,-1.019927455387));
#3003 = CARTESIAN_POINT('',(2.634855351436,-1.047443353809));
#3004 = CARTESIAN_POINT('',(2.644970191947,-1.058661427712));
#3005 = CARTESIAN_POINT('',(2.656279979289,-1.069746576238));
#3006 = CARTESIAN_POINT('',(2.668901807592,-1.080661471688));
#3007 = CARTESIAN_POINT('',(2.682961006531,-1.091360852391));
#3008 = CARTESIAN_POINT('',(2.698586235842,-1.101790800615));
#3009 = CARTESIAN_POINT('',(2.715899179144,-1.11188846926));
#3010 = CARTESIAN_POINT('',(2.744901691486,-1.12660832494));
#3011 = CARTESIAN_POINT('',(2.755284592947,-1.131525680605));
#3012 = CARTESIAN_POINT('',(2.766160928175,-1.13632429047));
#3013 = CARTESIAN_POINT('',(2.777542420186,-1.140993456919));
#3014 = CARTESIAN_POINT('',(2.789438270863,-1.145521931175));
#3015 = CARTESIAN_POINT('',(2.801854303553,-1.149898025894));
#3016 = CARTESIAN_POINT('',(2.814792105658,-1.154109727763));
#3017 = CARTESIAN_POINT('',(2.836861224858,-1.160727614145));
#3018 = CARTESIAN_POINT('',(2.845686560318,-1.163238093023));
#3019 = CARTESIAN_POINT('',(2.854723400997,-1.16567300077));
#3020 = CARTESIAN_POINT('',(2.863969969304,-1.168029123095));
#3021 = CARTESIAN_POINT('',(2.873423486667,-1.170303277378));
#3022 = CARTESIAN_POINT('',(2.88308017353,-1.172492312673));
#3023 = CARTESIAN_POINT('',(2.892935249356,-1.174593109706));
#3024 = CARTESIAN_POINT('',(2.910240833518,-1.178054113754));
#3025 = CARTESIAN_POINT('',(2.917599204763,-1.179458015637));
#3026 = CARTESIAN_POINT('',(2.925055823629,-1.180813131537));
#3027 = CARTESIAN_POINT('',(2.932608163069,-1.182118343288));
#3028 = CARTESIAN_POINT('',(2.940253391718,-1.183372569546));
#3029 = CARTESIAN_POINT('',(2.947988373894,-1.184574765787));
#3030 = CARTESIAN_POINT('',(2.955809669596,-1.185723924312));
#3031 = CARTESIAN_POINT('',(2.984486623221,-1.189697368203));
#3032 = CARTESIAN_POINT('',(3.005830626308,-1.192202713208));
#3033 = CARTESIAN_POINT('',(3.027677001087,-1.194317574409));
#3034 = CARTESIAN_POINT('',(3.049943563095,-1.196026895847));
#3035 = CARTESIAN_POINT('',(3.072535773239,-1.197318775233));
#3036 = CARTESIAN_POINT('',(3.095349363166,-1.198184978873));
#3037 = CARTESIAN_POINT('',(3.118274298835,-1.198621296742));
#3038 = CARTESIAN_POINT('',(3.172845406349,-1.19863662837));
#3039 = CARTESIAN_POINT('',(3.204496229316,-1.197826491934));
#3040 = CARTESIAN_POINT('',(3.235860211578,-1.196196781641));
#3041 = CARTESIAN_POINT('',(3.26664662559,-1.193762862732));
#3042 = CARTESIAN_POINT('',(3.296594441727,-1.190554348282));
#3043 = CARTESIAN_POINT('',(3.325489728631,-1.186612729664));
#3044 = CARTESIAN_POINT('',(3.353172368089,-1.181988301631));
#3045 = CARTESIAN_POINT('',(3.389796818579,-1.1746912326));
#3046 = CARTESIAN_POINT('',(3.399861286733,-1.172550822093));
#3047 = CARTESIAN_POINT('',(3.409719301222,-1.170318430002));
#3048 = CARTESIAN_POINT('',(3.419365759087,-1.167997369993));
#3049 = CARTESIAN_POINT('',(3.42879664206,-1.165590989899));
#3050 = CARTESIAN_POINT('',(3.438009016572,-1.163102671717));
#3051 = CARTESIAN_POINT('',(3.447001033746,-1.160535831611));
#3052 = CARTESIAN_POINT('',(3.469204786879,-1.153847762624));
#3053 = CARTESIAN_POINT('',(3.482118838689,-1.149625422645));
#3054 = CARTESIAN_POINT('',(3.494510774242,-1.14523913509));
#3055 = CARTESIAN_POINT('',(3.506382354499,-1.140700915192));
#3056 = CARTESIAN_POINT('',(3.517739554774,-1.136022446676));
#3057 = CARTESIAN_POINT('',(3.52859170753,-1.131214970125));
#3058 = CARTESIAN_POINT('',(3.538950645185,-1.126289171346));
#3059 = CARTESIAN_POINT('',(3.568039364418,-1.111466553952));
#3060 = CARTESIAN_POINT('',(3.585434013133,-1.101269105581));
#3061 = CARTESIAN_POINT('',(3.601115946211,-1.09073597491));
#3062 = CARTESIAN_POINT('',(3.615210396268,-1.07993133711));
#3063 = CARTESIAN_POINT('',(3.627849461156,-1.068910141694));
#3064 = CARTESIAN_POINT('',(3.639161509624,-1.057718418137));
#3065 = CARTESIAN_POINT('',(3.649266202857,-1.046394037687));
#3066 = CARTESIAN_POINT('',(3.671160512892,-1.018625285846));
#3067 = CARTESIAN_POINT('',(3.681801213429,-1.002077899222));
#3068 = CARTESIAN_POINT('',(3.690526717972,-0.985413626421));
#3069 = CARTESIAN_POINT('',(3.697617120535,-0.96869728196));
#3070 = CARTESIAN_POINT('',(3.703307772027,-0.951976290191));
#3071 = CARTESIAN_POINT('',(3.707794891695,-0.935284784414));
#3072 = CARTESIAN_POINT('',(3.711242142641,-0.918646154817));
#3073 = CARTESIAN_POINT('',(3.719619832206,-0.864115746469));
#3074 = CARTESIAN_POINT('',(3.720715411201,-0.826555482877));
#3075 = CARTESIAN_POINT('',(3.718758732287,-0.789529527949));
#3076 = CARTESIAN_POINT('',(3.714657726387,-0.753073090596));
#3077 = CARTESIAN_POINT('',(3.709065655555,-0.717190916217));
#3078 = CARTESIAN_POINT('',(3.702422228622,-0.681852366851));
#3079 = CARTESIAN_POINT('',(3.695060685918,-0.647002157324));
#3080 = CARTESIAN_POINT('',(3.687227543972,-0.612554738339));
#3081 = ( GEOMETRIC_REPRESENTATION_CONTEXT(2) 
PARAMETRIC_REPRESENTATION_CONTEXT() REPRESENTATION_CONTEXT('2D SPACE',''
  ) );
#3082 = PCURVE('',#2050,#3083);
#3083 = DEFINITIONAL_REPRESENTATION('',(#3084),#3178);
#3084 = B_SPLINE_CURVE_WITH_KNOTS('',8,(#3085,#3086,#3087,#3088,#3089,
    #3090,#3091,#3092,#3093,#3094,#3095,#3096,#3097,#3098,#3099,#3100,
    #3101,#3102,#3103,#3104,#3105,#3106,#3107,#3108,#3109,#3110,#3111,
    #3112,#3113,#3114,#3115,#3116,#3117,#3118,#3119,#3120,#3121,#3122,
    #3123,#3124,#3125,#3126,#3127,#3128,#3129,#3130,#3131,#3132,#3133,
    #3134,#3135,#3136,#3137,#3138,#3139,#3140,#3141,#3142,#3143,#3144,
    #3145,#3146,#3147,#3148,#3149,#3150,#3151,#3152,#3153,#3154,#3155,
    #3156,#3157,#3158,#3159,#3160,#3161,#3162,#3163,#3164,#3165,#3166,
    #3167,#3168,#3169,#3170,#3171,#3172,#3173,#3174,#3175,#3176,#3177),
  .UNSPECIFIED.,.F.,.F.,(9,7,7,7,7,7,7,7,7,7,7,7,7,9),(0.,0.222480739829
    ,0.318101777246,0.38493973431,0.419594101528,0.441775914044,
    0.457798851138,0.499910640444,0.558039132356,0.580674941839,
    0.615342279664,0.682750888155,0.779164745938,1.),.UNSPECIFIED.);
#3085 = CARTESIAN_POINT('',(-8.881784197001E-16,-7.));
#3086 = CARTESIAN_POINT('',(4.806189065224E-02,-6.609572242377));
#3087 = CARTESIAN_POINT('',(9.868709329459E-02,-6.225440256766));
#3088 = CARTESIAN_POINT('',(0.151986879725,-5.847774262068));
#3089 = CARTESIAN_POINT('',(0.208093784346,-5.477297081822));
#3090 = CARTESIAN_POINT('',(0.267153498415,-5.115206381051));
#3091 = CARTESIAN_POINT('',(0.329361366345,-4.763160928121));
#3092 = CARTESIAN_POINT('',(0.394960302048,-4.423218624806));
#3093 = CARTESIAN_POINT('',(0.494275867694,-3.958214794084));
#3094 = CARTESIAN_POINT('',(0.524826619169,-3.821233172824));
#3095 = CARTESIAN_POINT('',(0.556105849573,-3.687271286758));
#3096 = CARTESIAN_POINT('',(0.588142518673,-3.556615008934));
#3097 = CARTESIAN_POINT('',(0.620963014969,-3.429608333015));
#3098 = CARTESIAN_POINT('',(0.654591895129,-3.30664879365));
#3099 = CARTESIAN_POINT('',(0.689053018791,-3.188184333073));
#3100 = CARTESIAN_POINT('',(0.749057978588,-2.995395545724));
#3101 = CARTESIAN_POINT('',(0.774160078621,-2.918529556813));
#3102 = CARTESIAN_POINT('',(0.79968387656,-2.844287856169));
#3103 = CARTESIAN_POINT('',(0.825632305379,-2.772866438792));
#3104 = CARTESIAN_POINT('',(0.852004726503,-2.704479555596));
#3105 = CARTESIAN_POINT('',(0.878796664782,-2.63935552315));
#3106 = CARTESIAN_POINT('',(0.905999285195,-2.57773187333));
#3107 = CARTESIAN_POINT('',(0.947908402122,-2.489838974373));
#3108 = CARTESIAN_POINT('',(0.962324455636,-2.460834750737));
#3109 = CARTESIAN_POINT('',(0.976844472086,-2.432871359868));
#3110 = CARTESIAN_POINT('',(0.991465740058,-2.405983209738));
#3111 = CARTESIAN_POINT('',(1.006185103335,-2.380204587497));
#3112 = CARTESIAN_POINT('',(1.020998927725,-2.355569318596));
#3113 = CARTESIAN_POINT('',(1.035903067883,-2.332110425909));
#3114 = CARTESIAN_POINT('',(1.060487589767,-2.295617443692));
#3115 = CARTESIAN_POINT('',(1.070117454902,-2.281870052193));
#3116 = CARTESIAN_POINT('',(1.079781199784,-2.268626043779));
#3117 = CARTESIAN_POINT('',(1.089477531103,-2.255893530114));
#3118 = CARTESIAN_POINT('',(1.099205091999,-2.243680305103));
#3119 = CARTESIAN_POINT('',(1.108962462064,-2.231993844894));
#3120 = CARTESIAN_POINT('',(1.118748157343,-2.220841307879));
#3121 = CARTESIAN_POINT('',(1.13564862809,-2.202564165866));
#3122 = CARTESIAN_POINT('',(1.14275060546,-2.195180926676));
#3123 = CARTESIAN_POINT('',(1.149865979722,-2.188082377546));
#3124 = CARTESIAN_POINT('',(1.156994157808,-2.181270955537));
#3125 = CARTESIAN_POINT('',(1.164134536295,-2.174748974355));
#3126 = CARTESIAN_POINT('',(1.171286501411,-2.168518624348));
#3127 = CARTESIAN_POINT('',(1.178449429029,-2.162581972507));
#3128 = CARTESIAN_POINT('',(1.204475572165,-2.142115152135));
#3129 = CARTESIAN_POINT('',(1.223400326205,-2.129331048702));
#3130 = CARTESIAN_POINT('',(1.242384751248,-2.118624525984));
#3131 = CARTESIAN_POINT('',(1.261416994236,-2.110023999377));
#3132 = CARTESIAN_POINT('',(1.280485376782,-2.103550895386));
#3133 = CARTESIAN_POINT('',(1.299578173388,-2.099219783931));
#3134 = CARTESIAN_POINT('',(1.318683335718,-2.097038173437));
#3135 = CARTESIAN_POINT('',(1.364159276849,-2.09696151529));
#3136 = CARTESIAN_POINT('',(1.390533136721,-2.101012425498));
#3137 = CARTESIAN_POINT('',(1.416874605134,-2.109160034298));
#3138 = CARTESIAN_POINT('',(1.443151897846,-2.121376925694));
#3139 = CARTESIAN_POINT('',(1.469334844811,-2.137610400562));
#3140 = CARTESIAN_POINT('',(1.495393583001,-2.157784021211));
#3141 = CARTESIAN_POINT('',(1.521297681021,-2.181797232677));
#3142 = CARTESIAN_POINT('',(1.557030544632,-2.220319772313));
#3143 = CARTESIAN_POINT('',(1.567017589377,-2.231679958578));
#3144 = CARTESIAN_POINT('',(1.576975182615,-2.243596364584));
#3145 = CARTESIAN_POINT('',(1.586901746103,-2.256061391104));
#3146 = CARTESIAN_POINT('',(1.596795770488,-2.26906709463));
#3147 = CARTESIAN_POINT('',(1.606655815299,-2.282605187374));
#3148 = CARTESIAN_POINT('',(1.616480508956,-2.296667037265));
#3149 = CARTESIAN_POINT('',(1.641259189275,-2.333568161405));
#3150 = CARTESIAN_POINT('',(1.656163924525,-2.357100320903));
#3151 = CARTESIAN_POINT('',(1.670978078607,-2.381808182342));
#3152 = CARTESIAN_POINT('',(1.685697520688,-2.407658649851));
#3153 = CARTESIAN_POINT('',(1.700318631822,-2.434617836965));
#3154 = CARTESIAN_POINT('',(1.714838271769,-2.462651407804));
#3155 = CARTESIAN_POINT('',(1.729253745812,-2.491724918238));
#3156 = CARTESIAN_POINT('',(1.77138583433,-2.580291475705));
#3157 = CARTESIAN_POINT('',(1.798804932512,-2.642578140387));
#3158 = CARTESIAN_POINT('',(1.825805917895,-2.708416860105));
#3159 = CARTESIAN_POINT('',(1.852379913925,-2.777564294721));
#3160 = CARTESIAN_POINT('',(1.878522510108,-2.849786738532));
#3161 = CARTESIAN_POINT('',(1.904233224026,-2.924865122724));
#3162 = CARTESIAN_POINT('',(1.929515230975,-3.002599336709));
#3163 = CARTESIAN_POINT('',(1.989932556624,-3.197539049233));
#3164 = CARTESIAN_POINT('',(2.024619337329,-3.317312428113));
#3165 = CARTESIAN_POINT('',(2.05846146081,-3.441626293192));
#3166 = CARTESIAN_POINT('',(2.091483635362,-3.570025075749));
#3167 = CARTESIAN_POINT('',(2.123711153432,-3.702104944846));
#3168 = CARTESIAN_POINT('',(2.155171097144,-3.837516932575));
#3169 = CARTESIAN_POINT('',(2.185893116029,-3.975971589828));
#3170 = CARTESIAN_POINT('',(2.28466272491,-4.440831307051));
#3171 = CARTESIAN_POINT('',(2.349626681105,-4.778789462825));
#3172 = CARTESIAN_POINT('',(2.411258149828,-5.128593714182));
#3173 = CARTESIAN_POINT('',(2.46979415981,-5.488249092164));
#3174 = CARTESIAN_POINT('',(2.52542491847,-5.85614739189));
#3175 = CARTESIAN_POINT('',(2.578292344,-6.231122685098));
#3176 = CARTESIAN_POINT('',(2.628525010085,-6.612466536422));
#3177 = CARTESIAN_POINT('',(2.676230611408,-7.));
#3178 = ( GEOMETRIC_REPRESENTATION_CONTEXT(2) 
PARAMETRIC_REPRESENTATION_CONTEXT() REPRESENTATION_CONTEXT('2D SPACE',''
  ) );
#3179 = ORIENTED_EDGE('',*,*,#2062,.T.);
#3180 = ORIENTED_EDGE('',*,*,#3181,.T.);
#3181 = EDGE_CURVE('',#2063,#2091,#3182,.T.);
#3182 = SURFACE_CURVE('',#3183,(#3277,#3374),.PCURVE_S1.);
#3183 = B_SPLINE_CURVE_WITH_KNOTS('',8,(#3184,#3185,#3186,#3187,#3188,
    #3189,#3190,#3191,#3192,#3193,#3194,#3195,#3196,#3197,#3198,#3199,
    #3200,#3201,#3202,#3203,#3204,#3205,#3206,#3207,#3208,#3209,#3210,
    #3211,#3212,#3213,#3214,#3215,#3216,#3217,#3218,#3219,#3220,#3221,
    #3222,#3223,#3224,#3225,#3226,#3227,#3228,#3229,#3230,#3231,#3232,
    #3233,#3234,#3235,#3236,#3237,#3238,#3239,#3240,#3241,#3242,#3243,
    #3244,#3245,#3246,#3247,#3248,#3249,#3250,#3251,#3252,#3253,#3254,
    #3255,#3256,#3257,#3258,#3259,#3260,#3261,#3262,#3263,#3264,#3265,
    #3266,#3267,#3268,#3269,#3270,#3271,#3272,#3273,#3274,#3275,#3276),
  .UNSPECIFIED.,.F.,.F.,(9,7,7,7,7,7,7,7,7,7,7,7,7,9),(0.,0.221208839698
    ,0.317564167696,0.384938964681,0.419593375262,0.441775215534,
    0.457798172677,0.499910014678,0.558038579327,0.580674417134,
    0.615341798339,0.682750491178,0.779164469605,1.),.UNSPECIFIED.);
#3184 = CARTESIAN_POINT('',(-5.838310103371,9.616477272727,7.));
#3185 = CARTESIAN_POINT('',(-5.77219641684,9.337484960974,6.611809491881
    ));
#3186 = CARTESIAN_POINT('',(-5.687338030338,9.047301594996,
    6.229831873488));
#3187 = CARTESIAN_POINT('',(-5.580988131376,8.746931486248,
    5.854244748439));
#3188 = CARTESIAN_POINT('',(-5.450131358415,8.437785116103,
    5.485760019683));
#3189 = CARTESIAN_POINT('',(-5.291541774967,8.121805625962,
    5.125550956978));
#3190 = CARTESIAN_POINT('',(-5.101680229257,7.801599313924,4.77523699545
    ));
#3191 = CARTESIAN_POINT('',(-4.876869447914,7.48046712021,4.436827279058
    ));
#3192 = CARTESIAN_POINT('',(-4.497230795904,7.024153727865,
    3.971754756362));
#3193 = CARTESIAN_POINT('',(-4.374585091082,6.886398501528,
    3.833463826139));
#3194 = CARTESIAN_POINT('',(-4.244126549932,6.749707295957,
    3.698218338152));
#3195 = CARTESIAN_POINT('',(-4.105507590166,6.61452353642,3.566308076103
    ));
#3196 = CARTESIAN_POINT('',(-3.958400844623,6.481370235937,
    3.438082354936));
#3197 = CARTESIAN_POINT('',(-3.802508306769,6.350849565499,
    3.313945346058));
#3198 = CARTESIAN_POINT('',(-3.637568925428,6.22364120625,3.194352924668
    ));
#3199 = CARTESIAN_POINT('',(-3.341555320478,6.014394763373,
    2.999719606377));
#3200 = CARTESIAN_POINT('',(-3.215233745681,5.930290780505,
    2.922109098942));
#3201 = CARTESIAN_POINT('',(-3.084336338506,5.84845081179,2.847157194688
    ));
#3202 = CARTESIAN_POINT('',(-2.948829767195,5.769167500565,
    2.775064113184));
#3203 = CARTESIAN_POINT('',(-2.808716586162,5.692759490299,
    2.706048967264));
#3204 = CARTESIAN_POINT('',(-2.664041851893,5.619566296214,
    2.640345428486));
#3205 = CARTESIAN_POINT('',(-2.514900722666,5.549941414937,
    2.578196706581));
#3206 = CARTESIAN_POINT('',(-2.282517722953,5.450451859074,
    2.489838974373));
#3207 = CARTESIAN_POINT('',(-2.202449661011,5.417699943284,
    2.460834750737));
#3208 = CARTESIAN_POINT('',(-2.121265777234,5.386037393243,
    2.432871359868));
#3209 = CARTESIAN_POINT('',(-2.038993438464,5.355514028759,
    2.405983209738));
#3210 = CARTESIAN_POINT('',(-1.955664724903,5.326179527585,
    2.380204587497));
#3211 = CARTESIAN_POINT('',(-1.871316697614,5.298082931964,
    2.355569318596));
#3212 = CARTESIAN_POINT('',(-1.78599166602,5.271272155161,2.332110425909
    ));
#3213 = CARTESIAN_POINT('',(-1.6445272501,5.229484922491,2.295617443692)
  );
#3214 = CARTESIAN_POINT('',(-1.588936176857,5.213722027853,
    2.281870052193));
#3215 = CARTESIAN_POINT('',(-1.532976785525,5.198517047716,
    2.268626043779));
#3216 = CARTESIAN_POINT('',(-1.476662364892,5.183881778679,
    2.255893530114));
#3217 = CARTESIAN_POINT('',(-1.420006942673,5.169827570316,
    2.243680305103));
#3218 = CARTESIAN_POINT('',(-1.363025285516,5.156365325171,
    2.231993844894));
#3219 = CARTESIAN_POINT('',(-1.305732898998,5.143505498763,
    2.220841307879));
#3220 = CARTESIAN_POINT('',(-1.206548398186,5.122411243335,
    2.202564165866));
#3221 = CARTESIAN_POINT('',(-1.164797056758,5.113883895088,
    2.195180926676));
#3222 = CARTESIAN_POINT('',(-1.122898122258,5.105679801274,
    2.188082377546));
#3223 = CARTESIAN_POINT('',(-1.080857857428,5.097802531786,
    2.181270955537));
#3224 = CARTESIAN_POINT('',(-1.038682668836,5.090255479976,
    2.174748974355));
#3225 = CARTESIAN_POINT('',(-0.996379106878,5.083041862655,
    2.168518624348));
#3226 = CARTESIAN_POINT('',(-0.953953865777,5.076164720095,
    2.162581972507));
#3227 = CARTESIAN_POINT('',(-0.799609127045,5.052444134508,
    2.142115152135));
#3228 = CARTESIAN_POINT('',(-0.687008050338,5.037604808584,
    2.129331048702));
#3229 = CARTESIAN_POINT('',(-0.573738500698,5.025161522731,
    2.118624525984));
#3230 = CARTESIAN_POINT('',(-0.459929908082,5.015156403484,
    2.110023999376));
#3231 = CARTESIAN_POINT('',(-0.345713340507,5.007621379874,
    2.103550895386));
#3232 = CARTESIAN_POINT('',(-0.231221964941,5.002578145337,
    2.099219783931));
#3233 = CARTESIAN_POINT('',(-0.116591813747,5.000037821105,
    2.097038173437));
#3234 = CARTESIAN_POINT('',(0.156263818437,4.99994855835,2.09696151529)
  );
#3235 = CARTESIAN_POINT('',(0.31450854499,5.004665542297,2.101012425498)
  );
#3236 = CARTESIAN_POINT('',(0.472392748597,5.014152902842,2.109160034298
    ));
#3237 = CARTESIAN_POINT('',(0.629558032114,5.028370224442,2.121376925694
    ));
#3238 = CARTESIAN_POINT('',(0.785660331852,5.047239137902,2.137610400562
    ));
#3239 = CARTESIAN_POINT('',(0.940366393569,5.070645781867,2.157784021211
    ));
#3240 = CARTESIAN_POINT('',(1.09335256824,5.098441634007,2.181797232677)
  );
#3241 = CARTESIAN_POINT('',(1.303088658275,5.14290424801,2.220319772313)
  );
#3242 = CARTESIAN_POINT('',(1.361565573858,5.156004048989,2.231679958578
    ));
#3243 = CARTESIAN_POINT('',(1.419719380361,5.169731499322,2.243596364584
    ));
#3244 = CARTESIAN_POINT('',(1.477533584967,5.184075499204,2.256061391104
    ));
#3245 = CARTESIAN_POINT('',(1.534992496051,5.199024464527,2.26906709463)
  );
#3246 = CARTESIAN_POINT('',(1.592081223176,5.214566326879,2.282605187374
    ));
#3247 = CARTESIAN_POINT('',(1.648785677099,5.23068853354,2.296667037266)
  );
#3248 = CARTESIAN_POINT('',(1.79132805746,5.272938477241,2.333568161405)
  );
#3249 = CARTESIAN_POINT('',(1.876631469645,5.299829847579,2.357100320903
    ));
#3250 = CARTESIAN_POINT('',(1.960955127223,5.328005746944,2.381808182342
    ));
#3251 = CARTESIAN_POINT('',(2.044256874911,5.357418158269,2.407658649851
    ));
#3252 = CARTESIAN_POINT('',(2.126499812182,5.388017952543,2.434617836965
    ));
#3253 = CARTESIAN_POINT('',(2.207652024199,5.419755382381,2.462651407804
    ));
#3254 = CARTESIAN_POINT('',(2.287686312756,5.452580575593,2.491724918239
    ));
#3255 = CARTESIAN_POINT('',(2.519983940986,5.552289530571,2.580291475706
    ));
#3256 = CARTESIAN_POINT('',(2.669066944835,5.622056962415,2.642578140387
    ));
#3257 = CARTESIAN_POINT('',(2.813676310576,5.695387120383,2.708416860105
    ));
#3258 = CARTESIAN_POINT('',(2.953717977373,5.771926302231,2.777564294721
    ));
#3259 = CARTESIAN_POINT('',(3.08914787406,5.851334925631,2.849786738533)
  );
#3260 = CARTESIAN_POINT('',(3.219964324239,5.933294389379,2.924865122724
    ));
#3261 = CARTESIAN_POINT('',(3.346201434142,6.017512177546,3.002599336709
    ));
#3262 = CARTESIAN_POINT('',(3.642021262803,6.227034838753,3.197539049233
    ));
#3263 = CARTESIAN_POINT('',(3.806846389756,6.354400653518,3.317312428113
    ));
#3264 = CARTESIAN_POINT('',(3.962618756671,6.485068558677,3.441626293192
    ));
#3265 = CARTESIAN_POINT('',(4.109600870803,6.61835922823,3.570025075749)
  );
#3266 = CARTESIAN_POINT('',(4.248091885142,6.753670905839,3.702104944846
    ));
#3267 = CARTESIAN_POINT('',(4.378420073899,6.890481003984,3.837516932575
    ));
#3268 = CARTESIAN_POINT('',(4.500933732466,7.028346498803,3.975971589828
    ));
#3269 = CARTESIAN_POINT('',(4.879527212046,7.484266075267,4.440831307052
    ));
#3270 = CARTESIAN_POINT('',(5.10360382422,7.804845869742,4.778789462822)
  );
#3271 = CARTESIAN_POINT('',(5.292880216302,8.124474259738,5.128593714192
    ));
#3272 = CARTESIAN_POINT('',(5.451014777938,8.439873048566,5.48824909215)
  );
#3273 = CARTESIAN_POINT('',(5.581526764971,8.748453017416,5.856147391902
    ));
#3274 = CARTESIAN_POINT('',(5.687624856819,9.048282254084,6.231122685093
    ));
#3275 = CARTESIAN_POINT('',(5.772308319722,9.337957178537,6.612466536423
    ));
#3276 = CARTESIAN_POINT('',(5.838310103371,9.616477272727,7.));
#3277 = PCURVE('',#1956,#3278);
#3278 = DEFINITIONAL_REPRESENTATION('',(#3279),#3373);
#3279 = B_SPLINE_CURVE_WITH_KNOTS('',8,(#3280,#3281,#3282,#3283,#3284,
    #3285,#3286,#3287,#3288,#3289,#3290,#3291,#3292,#3293,#3294,#3295,
    #3296,#3297,#3298,#3299,#3300,#3301,#3302,#3303,#3304,#3305,#3306,
    #3307,#3308,#3309,#3310,#3311,#3312,#3313,#3314,#3315,#3316,#3317,
    #3318,#3319,#3320,#3321,#3322,#3323,#3324,#3325,#3326,#3327,#3328,
    #3329,#3330,#3331,#3332,#3333,#3334,#3335,#3336,#3337,#3338,#3339,
    #3340,#3341,#3342,#3343,#3344,#3345,#3346,#3347,#3348,#3349,#3350,
    #3351,#3352,#3353,#3354,#3355,#3356,#3357,#3358,#3359,#3360,#3361,
    #3362,#3363,#3364,#3365,#3366,#3367,#3368,#3369,#3370,#3371,#3372),
  .UNSPECIFIED.,.F.,.F.,(9,7,7,7,7,7,7,7,7,7,7,7,7,9),(0.,0.221208839698
    ,0.317564167696,0.384938964681,0.419593375262,0.441775215534,
    0.457798172677,0.499910014678,0.558038579327,0.580674417134,
    0.615341798339,0.682750491178,0.779164469605,1.),.UNSPECIFIED.);
#3280 = CARTESIAN_POINT('',(2.116431217178,-0.612554738339));
#3281 = CARTESIAN_POINT('',(2.124277639842,-0.647060561283));
#3282 = CARTESIAN_POINT('',(2.131650814901,-0.681970339496));
#3283 = CARTESIAN_POINT('',(2.138303035458,-0.7173702414));
#3284 = CARTESIAN_POINT('',(2.143899206646,-0.753315872056));
#3285 = CARTESIAN_POINT('',(2.147997082383,-0.789837987215));
#3286 = CARTESIAN_POINT('',(2.149938884922,-0.826931563202));
#3287 = CARTESIAN_POINT('',(2.148810301261,-0.864560877789));
#3288 = CARTESIAN_POINT('',(2.140343564366,-0.919151749245));
#3289 = CARTESIAN_POINT('',(2.136871245703,-0.935781757953));
#3290 = CARTESIAN_POINT('',(2.132356676869,-0.952464066699));
#3291 = CARTESIAN_POINT('',(2.126635920196,-0.969175161136));
#3292 = CARTESIAN_POINT('',(2.11951244302,-0.985880753276));
#3293 = CARTESIAN_POINT('',(2.110750565105,-1.002533227398));
#3294 = CARTESIAN_POINT('',(2.100069919836,-1.019067536191));
#3295 = CARTESIAN_POINT('',(2.078100556064,-1.046812626449));
#3296 = CARTESIAN_POINT('',(2.06796239867,-1.058127201487));
#3297 = CARTESIAN_POINT('',(2.05661480946,-1.069308232025));
#3298 = CARTESIAN_POINT('',(2.043938119333,-1.080317731639));
#3299 = CARTESIAN_POINT('',(2.029804033811,-1.091109548156));
#3300 = CARTESIAN_POINT('',(2.01408066293,-1.101628607563));
#3301 = CARTESIAN_POINT('',(1.996643184873,-1.111810621352));
#3302 = CARTESIAN_POINT('',(1.967487288899,-1.12660832494));
#3303 = CARTESIAN_POINT('',(1.957104387438,-1.131525680605));
#3304 = CARTESIAN_POINT('',(1.946228052209,-1.13632429047));
#3305 = CARTESIAN_POINT('',(1.934846560199,-1.140993456919));
#3306 = CARTESIAN_POINT('',(1.922950709521,-1.145521931175));
#3307 = CARTESIAN_POINT('',(1.910534676831,-1.149898025894));
#3308 = CARTESIAN_POINT('',(1.897596874727,-1.154109727763));
#3309 = CARTESIAN_POINT('',(1.875527755527,-1.160727614145));
#3310 = CARTESIAN_POINT('',(1.866702420066,-1.163238093023));
#3311 = CARTESIAN_POINT('',(1.857665579388,-1.16567300077));
#3312 = CARTESIAN_POINT('',(1.848419011081,-1.168029123095));
#3313 = CARTESIAN_POINT('',(1.838965493718,-1.170303277378));
#3314 = CARTESIAN_POINT('',(1.829308806854,-1.172492312673));
#3315 = CARTESIAN_POINT('',(1.819453731029,-1.174593109706));
#3316 = CARTESIAN_POINT('',(1.802148146866,-1.178054113754));
#3317 = CARTESIAN_POINT('',(1.794789775621,-1.179458015637));
#3318 = CARTESIAN_POINT('',(1.787333156756,-1.180813131537));
#3319 = CARTESIAN_POINT('',(1.779780817316,-1.182118343288));
#3320 = CARTESIAN_POINT('',(1.772135588667,-1.183372569546));
#3321 = CARTESIAN_POINT('',(1.764400606491,-1.184574765787));
#3322 = CARTESIAN_POINT('',(1.756579310789,-1.185723924312));
#3323 = CARTESIAN_POINT('',(1.727902357163,-1.189697368203));
#3324 = CARTESIAN_POINT('',(1.706558354077,-1.192202713208));
#3325 = CARTESIAN_POINT('',(1.684711979297,-1.194317574409));
#3326 = CARTESIAN_POINT('',(1.66244541729,-1.196026895847));
#3327 = CARTESIAN_POINT('',(1.639853207146,-1.197318775233));
#3328 = CARTESIAN_POINT('',(1.617039617219,-1.198184978873));
#3329 = CARTESIAN_POINT('',(1.594114681549,-1.198621296742));
#3330 = CARTESIAN_POINT('',(1.539543574035,-1.19863662837));
#3331 = CARTESIAN_POINT('',(1.507892751068,-1.197826491934));
#3332 = CARTESIAN_POINT('',(1.476528768807,-1.196196781641));
#3333 = CARTESIAN_POINT('',(1.445742354794,-1.193762862732));
#3334 = CARTESIAN_POINT('',(1.415794538658,-1.190554348282));
#3335 = CARTESIAN_POINT('',(1.386899251753,-1.186612729664));
#3336 = CARTESIAN_POINT('',(1.359216612295,-1.181988301631));
#3337 = CARTESIAN_POINT('',(1.322592161806,-1.1746912326));
#3338 = CARTESIAN_POINT('',(1.312527693652,-1.172550822093));
#3339 = CARTESIAN_POINT('',(1.302669679162,-1.170318430002));
#3340 = CARTESIAN_POINT('',(1.293023221298,-1.167997369993));
#3341 = CARTESIAN_POINT('',(1.283592338324,-1.165590989899));
#3342 = CARTESIAN_POINT('',(1.274379963813,-1.163102671717));
#3343 = CARTESIAN_POINT('',(1.265387946639,-1.160535831611));
#3344 = CARTESIAN_POINT('',(1.243184193506,-1.153847762624));
#3345 = CARTESIAN_POINT('',(1.230270141696,-1.149625422645));
#3346 = CARTESIAN_POINT('',(1.217878206143,-1.14523913509));
#3347 = CARTESIAN_POINT('',(1.206006625886,-1.140700915192));
#3348 = CARTESIAN_POINT('',(1.194649425611,-1.136022446676));
#3349 = CARTESIAN_POINT('',(1.183797272855,-1.131214970125));
#3350 = CARTESIAN_POINT('',(1.1734383352,-1.126289171346));
#3351 = CARTESIAN_POINT('',(1.144349615967,-1.111466553952));
#3352 = CARTESIAN_POINT('',(1.126954967252,-1.101269105581));
#3353 = CARTESIAN_POINT('',(1.111273034174,-1.09073597491));
#3354 = CARTESIAN_POINT('',(1.097178584117,-1.07993133711));
#3355 = CARTESIAN_POINT('',(1.084539519228,-1.068910141694));
#3356 = CARTESIAN_POINT('',(1.07322747076,-1.057718418137));
#3357 = CARTESIAN_POINT('',(1.063122777528,-1.046394037687));
#3358 = CARTESIAN_POINT('',(1.041228467493,-1.018625285846));
#3359 = CARTESIAN_POINT('',(1.030587766956,-1.002077899222));
#3360 = CARTESIAN_POINT('',(1.021862262412,-0.985413626421));
#3361 = CARTESIAN_POINT('',(1.01477185985,-0.96869728196));
#3362 = CARTESIAN_POINT('',(1.009081208358,-0.951976290191));
#3363 = CARTESIAN_POINT('',(1.004594088689,-0.935284784414));
#3364 = CARTESIAN_POINT('',(1.001146837743,-0.918646154817));
#3365 = CARTESIAN_POINT('',(0.992769148179,-0.864115746469));
#3366 = CARTESIAN_POINT('',(0.991673569184,-0.826555482877));
#3367 = CARTESIAN_POINT('',(0.993630248099,-0.789529527949));
#3368 = CARTESIAN_POINT('',(0.997731253996,-0.753073090596));
#3369 = CARTESIAN_POINT('',(1.00332332483,-0.717190916217));
#3370 = CARTESIAN_POINT('',(1.009966751762,-0.681852366851));
#3371 = CARTESIAN_POINT('',(1.017328294467,-0.647002157324));
#3372 = CARTESIAN_POINT('',(1.025161436412,-0.612554738339));
#3373 = ( GEOMETRIC_REPRESENTATION_CONTEXT(2) 
PARAMETRIC_REPRESENTATION_CONTEXT() REPRESENTATION_CONTEXT('2D SPACE',''
  ) );
#3374 = PCURVE('',#2111,#3375);
#3375 = DEFINITIONAL_REPRESENTATION('',(#3376),#3470);
#3376 = B_SPLINE_CURVE_WITH_KNOTS('',8,(#3377,#3378,#3379,#3380,#3381,
    #3382,#3383,#3384,#3385,#3386,#3387,#3388,#3389,#3390,#3391,#3392,
    #3393,#3394,#3395,#3396,#3397,#3398,#3399,#3400,#3401,#3402,#3403,
    #3404,#3405,#3406,#3407,#3408,#3409,#3410,#3411,#3412,#3413,#3414,
    #3415,#3416,#3417,#3418,#3419,#3420,#3421,#3422,#3423,#3424,#3425,
    #3426,#3427,#3428,#3429,#3430,#3431,#3432,#3433,#3434,#3435,#3436,
    #3437,#3438,#3439,#3440,#3441,#3442,#3443,#3444,#3445,#3446,#3447,
    #3448,#3449,#3450,#3451,#3452,#3453,#3454,#3455,#3456,#3457,#3458,
    #3459,#3460,#3461,#3462,#3463,#3464,#3465,#3466,#3467,#3468,#3469),
  .UNSPECIFIED.,.F.,.F.,(9,7,7,7,7,7,7,7,7,7,7,7,7,9),(0.,0.221208839698
    ,0.317564167696,0.384938964681,0.419593375262,0.441775215534,
    0.457798172677,0.499910014678,0.558038579327,0.580674417134,
    0.615341798339,0.682750491178,0.779164469605,1.),.UNSPECIFIED.);
#3377 = CARTESIAN_POINT('',(-3.374273674681,-7.));
#3378 = CARTESIAN_POINT('',(-3.42206015858,-6.611809491881));
#3379 = CARTESIAN_POINT('',(-3.472382005058,-6.229831873488));
#3380 = CARTESIAN_POINT('',(-3.525347660022,-5.854244748438));
#3381 = CARTESIAN_POINT('',(-3.581086565244,-5.485760019684));
#3382 = CARTESIAN_POINT('',(-3.639741443046,-5.125550956977));
#3383 = CARTESIAN_POINT('',(-3.701503692274,-4.77523699545));
#3384 = CARTESIAN_POINT('',(-3.766611626125,-4.436827279058));
#3385 = CARTESIAN_POINT('',(-3.865543058347,-3.971754756362));
#3386 = CARTESIAN_POINT('',(-3.896265969723,-3.833463826139));
#3387 = CARTESIAN_POINT('',(-3.927726562286,-3.698218338152));
#3388 = CARTESIAN_POINT('',(-3.959954445551,-3.566308076103));
#3389 = CARTESIAN_POINT('',(-3.992976641239,-3.438082354936));
#3390 = CARTESIAN_POINT('',(-4.02681835631,-3.313945346059));
#3391 = CARTESIAN_POINT('',(-4.061504178782,-3.194352924668));
#3392 = CARTESIAN_POINT('',(-4.121921277211,-2.999719606377));
#3393 = CARTESIAN_POINT('',(-4.147204477458,-2.922109098942));
#3394 = CARTESIAN_POINT('',(-4.172916060331,-2.847157194688));
#3395 = CARTESIAN_POINT('',(-4.199059125916,-2.775064113184));
#3396 = CARTESIAN_POINT('',(-4.225633107666,-2.706048967264));
#3397 = CARTESIAN_POINT('',(-4.252633500136,-2.640345428486));
#3398 = CARTESIAN_POINT('',(-4.280051317954,-2.578196706581));
#3399 = CARTESIAN_POINT('',(-4.322182076802,-2.489838974373));
#3400 = CARTESIAN_POINT('',(-4.336598130317,-2.460834750737));
#3401 = CARTESIAN_POINT('',(-4.351118146767,-2.432871359868));
#3402 = CARTESIAN_POINT('',(-4.365739414739,-2.405983209738));
#3403 = CARTESIAN_POINT('',(-4.380458778016,-2.380204587497));
#3404 = CARTESIAN_POINT('',(-4.395272602406,-2.355569318596));
#3405 = CARTESIAN_POINT('',(-4.410176742564,-2.332110425909));
#3406 = CARTESIAN_POINT('',(-4.434761264448,-2.295617443692));
#3407 = CARTESIAN_POINT('',(-4.444391129583,-2.281870052193));
#3408 = CARTESIAN_POINT('',(-4.454054874465,-2.268626043779));
#3409 = CARTESIAN_POINT('',(-4.463751205784,-2.255893530114));
#3410 = CARTESIAN_POINT('',(-4.473478766679,-2.243680305103));
#3411 = CARTESIAN_POINT('',(-4.483236136745,-2.231993844894));
#3412 = CARTESIAN_POINT('',(-4.493021832024,-2.220841307879));
#3413 = CARTESIAN_POINT('',(-4.509922302771,-2.202564165866));
#3414 = CARTESIAN_POINT('',(-4.517024280141,-2.195180926676));
#3415 = CARTESIAN_POINT('',(-4.524139654403,-2.188082377546));
#3416 = CARTESIAN_POINT('',(-4.531267832489,-2.181270955537));
#3417 = CARTESIAN_POINT('',(-4.538408210976,-2.174748974355));
#3418 = CARTESIAN_POINT('',(-4.545560176092,-2.168518624348));
#3419 = CARTESIAN_POINT('',(-4.55272310371,-2.162581972507));
#3420 = CARTESIAN_POINT('',(-4.578749246846,-2.142115152135));
#3421 = CARTESIAN_POINT('',(-4.597674000886,-2.129331048702));
#3422 = CARTESIAN_POINT('',(-4.616658425929,-2.118624525984));
#3423 = CARTESIAN_POINT('',(-4.635690668917,-2.110023999376));
#3424 = CARTESIAN_POINT('',(-4.654759051463,-2.103550895386));
#3425 = CARTESIAN_POINT('',(-4.673851848068,-2.099219783931));
#3426 = CARTESIAN_POINT('',(-4.692957010399,-2.097038173437));
#3427 = CARTESIAN_POINT('',(-4.73843295153,-2.09696151529));
#3428 = CARTESIAN_POINT('',(-4.764806811402,-2.101012425498));
#3429 = CARTESIAN_POINT('',(-4.791148279815,-2.109160034298));
#3430 = CARTESIAN_POINT('',(-4.817425572527,-2.121376925694));
#3431 = CARTESIAN_POINT('',(-4.843608519491,-2.137610400562));
#3432 = CARTESIAN_POINT('',(-4.869667257682,-2.157784021211));
#3433 = CARTESIAN_POINT('',(-4.895571355701,-2.181797232677));
#3434 = CARTESIAN_POINT('',(-4.931304219313,-2.220319772313));
#3435 = CARTESIAN_POINT('',(-4.941291264058,-2.231679958578));
#3436 = CARTESIAN_POINT('',(-4.951248857295,-2.243596364584));
#3437 = CARTESIAN_POINT('',(-4.961175420784,-2.256061391104));
#3438 = CARTESIAN_POINT('',(-4.971069445168,-2.26906709463));
#3439 = CARTESIAN_POINT('',(-4.98092948998,-2.282605187374));
#3440 = CARTESIAN_POINT('',(-4.990754183637,-2.296667037266));
#3441 = CARTESIAN_POINT('',(-5.015532863956,-2.333568161405));
#3442 = CARTESIAN_POINT('',(-5.030437599206,-2.357100320903));
#3443 = CARTESIAN_POINT('',(-5.045251753288,-2.381808182342));
#3444 = CARTESIAN_POINT('',(-5.059971195369,-2.407658649851));
#3445 = CARTESIAN_POINT('',(-5.074592306503,-2.434617836965));
#3446 = CARTESIAN_POINT('',(-5.089111946449,-2.462651407804));
#3447 = CARTESIAN_POINT('',(-5.103527420493,-2.491724918239));
#3448 = CARTESIAN_POINT('',(-5.145659509011,-2.580291475706));
#3449 = CARTESIAN_POINT('',(-5.173078607193,-2.642578140387));
#3450 = CARTESIAN_POINT('',(-5.200079592576,-2.708416860105));
#3451 = CARTESIAN_POINT('',(-5.226653588606,-2.777564294721));
#3452 = CARTESIAN_POINT('',(-5.252796184789,-2.849786738533));
#3453 = CARTESIAN_POINT('',(-5.278506898707,-2.924865122724));
#3454 = CARTESIAN_POINT('',(-5.303788905656,-3.002599336709));
#3455 = CARTESIAN_POINT('',(-5.364206231305,-3.197539049233));
#3456 = CARTESIAN_POINT('',(-5.39889301201,-3.317312428113));
#3457 = CARTESIAN_POINT('',(-5.432735135491,-3.441626293192));
#3458 = CARTESIAN_POINT('',(-5.465757310043,-3.570025075749));
#3459 = CARTESIAN_POINT('',(-5.497984828113,-3.702104944846));
#3460 = CARTESIAN_POINT('',(-5.529444771825,-3.837516932575));
#3461 = CARTESIAN_POINT('',(-5.56016679071,-3.975971589828));
#3462 = CARTESIAN_POINT('',(-5.658936399591,-4.440831307052));
#3463 = CARTESIAN_POINT('',(-5.723900355785,-4.778789462823));
#3464 = CARTESIAN_POINT('',(-5.785531824512,-5.128593714188));
#3465 = CARTESIAN_POINT('',(-5.844067834486,-5.488249092155));
#3466 = CARTESIAN_POINT('',(-5.899698593154,-5.856147391898));
#3467 = CARTESIAN_POINT('',(-5.95256601868,-6.231122685094));
#3468 = CARTESIAN_POINT('',(-6.002798684766,-6.612466536423));
#3469 = CARTESIAN_POINT('',(-6.050504286089,-7.));
#3470 = ( GEOMETRIC_REPRESENTATION_CONTEXT(2) 
PARAMETRIC_REPRESENTATION_CONTEXT() REPRESENTATION_CONTEXT('2D SPACE',''
  ) );
#3471 = ORIENTED_EDGE('',*,*,#2123,.T.);
#3472 = ADVANCED_FACE('',(#3473),#1989,.T.);
#3473 = FACE_BOUND('',#3474,.F.);
#3474 = EDGE_LOOP('',(#3475,#3476));
#3475 = ORIENTED_EDGE('',*,*,#2597,.F.);
#3476 = ORIENTED_EDGE('',*,*,#1968,.F.);
#3477 = ADVANCED_FACE('',(#3478),#2111,.T.);
#3478 = FACE_BOUND('',#3479,.F.);
#3479 = EDGE_LOOP('',(#3480,#3481));
#3480 = ORIENTED_EDGE('',*,*,#3181,.F.);
#3481 = ORIENTED_EDGE('',*,*,#2090,.F.);
#3482 = ADVANCED_FACE('',(#3483),#2050,.T.);
#3483 = FACE_BOUND('',#3484,.T.);
#3484 = EDGE_LOOP('',(#3485,#3486));
#3485 = ORIENTED_EDGE('',*,*,#2889,.F.);
#3486 = ORIENTED_EDGE('',*,*,#2029,.T.);
#3487 = ( GEOMETRIC_REPRESENTATION_CONTEXT(3) 
GLOBAL_UNCERTAINTY_ASSIGNED_CONTEXT((#3491)) 
GLOBAL_UNIT_ASSIGNED_CONTEXT((#3488,#3489,#3490)) REPRESENTATION_CONTEXT
('Context #1','3D Context with UNIT and UNCERTAINTY') );
#3488 = ( LENGTH_UNIT() NAMED_UNIT(*) SI_UNIT(.MILLI.,.METRE.) );
#3489 = ( NAMED_UNIT(*) PLANE_ANGLE_UNIT() SI_UNIT($,.RADIAN.) );
#3490 = ( NAMED_UNIT(*) SI_UNIT($,.STERADIAN.) SOLID_ANGLE_UNIT() );
#3491 = UNCERTAINTY_MEASURE_WITH_UNIT(LENGTH_MEASURE(1.E-07),#3488,
  'distance_accuracy_value','confusion accuracy');
#3492 = PRODUCT_RELATED_PRODUCT_CATEGORY('part',$,(#7));
ENDSEC;
END-ISO-10303-21;
